ISO-10303-21;
HEADER;
/* Generated by software containing ST-Developer
 * from STEP Tools, Inc. (www.steptools.com) 
 */
/* OPTION: using custom schema-name function */

FILE_DESCRIPTION(
/* description */ (''),
/* implementation_level */ '2;1');

FILE_NAME(
/* name */ 'VF390_110160.stp',
/* time_stamp */ '2021-03-09T13:14:21+03:00',
/* author */ (''),
/* organization */ (''),
/* preprocessor_version */ 'ST-DEVELOPER v16.7',
/* originating_system */ 'SIEMENS PLM Software NX 1859',
/* authorisation */ '');

FILE_SCHEMA (('AUTOMOTIVE_DESIGN { 1 0 10303 214 3 1 1 1 }'));
ENDSEC;

DATA;
#10=PROPERTY_DEFINITION_REPRESENTATION(#14,#12);
#11=PROPERTY_DEFINITION_REPRESENTATION(#15,#13);
#12=REPRESENTATION('',(#16),#10565);
#13=REPRESENTATION('',(#17),#10565);
#14=PROPERTY_DEFINITION('pmi validation property','',#21);
#15=PROPERTY_DEFINITION('pmi validation property','',#21);
#16=VALUE_REPRESENTATION_ITEM('number of annotations',COUNT_MEASURE(0.));
#17=VALUE_REPRESENTATION_ITEM('number of views',COUNT_MEASURE(0.));
#18=SHAPE_REPRESENTATION_RELATIONSHIP('None',
'relationship between SA355C0E83p4tr-None and SA355C0E83p4tr-None',#30,
#19);
#19=ADVANCED_BREP_SHAPE_REPRESENTATION('SA355C0E83p4tr-None',(#656,#657,
#658,#659,#660,#661,#662,#663,#664,#665),#10565);
#20=SHAPE_DEFINITION_REPRESENTATION(#21,#30);
#21=PRODUCT_DEFINITION_SHAPE('','',#22);
#22=PRODUCT_DEFINITION(' ','',#24,#23);
#23=PRODUCT_DEFINITION_CONTEXT('part definition',#29,'design');
#24=PRODUCT_DEFINITION_FORMATION_WITH_SPECIFIED_SOURCE(' ',' ',#26,
 .NOT_KNOWN.);
#25=PRODUCT_RELATED_PRODUCT_CATEGORY('part','',(#26));
#26=PRODUCT('SA355C0E83p4tr','SA355C0E83p4tr',' ',(#27));
#27=PRODUCT_CONTEXT(' ',#29,'mechanical');
#28=APPLICATION_PROTOCOL_DEFINITION('international standard',
'automotive_design',2010,#29);
#29=APPLICATION_CONTEXT(
'core data for automotive mechanical design processes');
#30=SHAPE_REPRESENTATION('SA355C0E83p4tr-None',(#2118),#10565);
#31=B_SPLINE_SURFACE_WITH_KNOTS('',3,3,((#2839,#2840,#2841,#2842),(#2843,
#2844,#2845,#2846),(#2847,#2848,#2849,#2850),(#2851,#2852,#2853,#2854)),
 .UNSPECIFIED.,.F.,.F.,.F.,(4,4),(4,4),(0.,1.),(0.,1.),.UNSPECIFIED.);
#32=B_SPLINE_SURFACE_WITH_KNOTS('',3,3,((#3003,#3004,#3005,#3006),(#3007,
#3008,#3009,#3010),(#3011,#3012,#3013,#3014),(#3015,#3016,#3017,#3018)),
 .UNSPECIFIED.,.F.,.F.,.F.,(4,4),(4,4),(0.,1.),(0.,1.),.UNSPECIFIED.);
#33=B_SPLINE_SURFACE_WITH_KNOTS('',3,3,((#3043,#3044,#3045,#3046),(#3047,
#3048,#3049,#3050),(#3051,#3052,#3053,#3054),(#3055,#3056,#3057,#3058)),
 .UNSPECIFIED.,.F.,.F.,.F.,(4,4),(4,4),(0.,1.),(0.,1.),.UNSPECIFIED.);
#34=B_SPLINE_SURFACE_WITH_KNOTS('',3,3,((#3207,#3208,#3209,#3210),(#3211,
#3212,#3213,#3214),(#3215,#3216,#3217,#3218),(#3219,#3220,#3221,#3222)),
 .UNSPECIFIED.,.F.,.F.,.F.,(4,4),(4,4),(0.,1.),(0.,1.),.UNSPECIFIED.);
#35=B_SPLINE_SURFACE_WITH_KNOTS('',3,3,((#3247,#3248,#3249,#3250),(#3251,
#3252,#3253,#3254),(#3255,#3256,#3257,#3258),(#3259,#3260,#3261,#3262)),
 .UNSPECIFIED.,.F.,.F.,.F.,(4,4),(4,4),(0.,1.),(0.,1.),.UNSPECIFIED.);
#36=B_SPLINE_SURFACE_WITH_KNOTS('',3,3,((#3411,#3412,#3413,#3414),(#3415,
#3416,#3417,#3418),(#3419,#3420,#3421,#3422),(#3423,#3424,#3425,#3426)),
 .UNSPECIFIED.,.F.,.F.,.F.,(4,4),(4,4),(0.,1.),(0.,1.),.UNSPECIFIED.);
#37=B_SPLINE_SURFACE_WITH_KNOTS('',3,3,((#3451,#3452,#3453,#3454),(#3455,
#3456,#3457,#3458),(#3459,#3460,#3461,#3462),(#3463,#3464,#3465,#3466)),
 .UNSPECIFIED.,.F.,.F.,.F.,(4,4),(4,4),(0.,1.),(0.,1.),.UNSPECIFIED.);
#38=B_SPLINE_SURFACE_WITH_KNOTS('',3,3,((#3615,#3616,#3617,#3618),(#3619,
#3620,#3621,#3622),(#3623,#3624,#3625,#3626),(#3627,#3628,#3629,#3630)),
 .UNSPECIFIED.,.F.,.F.,.F.,(4,4),(4,4),(0.,1.),(0.,1.),.UNSPECIFIED.);
#39=B_SPLINE_SURFACE_WITH_KNOTS('',3,3,((#4534,#4535,#4536,#4537),(#4538,
#4539,#4540,#4541),(#4542,#4543,#4544,#4545),(#4546,#4547,#4548,#4549),
(#4550,#4551,#4552,#4553),(#4554,#4555,#4556,#4557),(#4558,#4559,#4560,
#4561),(#4562,#4563,#4564,#4565),(#4566,#4567,#4568,#4569),(#4570,#4571,
#4572,#4573),(#4574,#4575,#4576,#4577),(#4578,#4579,#4580,#4581),(#4582,
#4583,#4584,#4585),(#4586,#4587,#4588,#4589),(#4590,#4591,#4592,#4593),
(#4594,#4595,#4596,#4597),(#4598,#4599,#4600,#4601),(#4602,#4603,#4604,
#4605),(#4606,#4607,#4608,#4609),(#4610,#4611,#4612,#4613),(#4614,#4615,
#4616,#4617),(#4618,#4619,#4620,#4621),(#4622,#4623,#4624,#4625),(#4626,
#4627,#4628,#4629),(#4630,#4631,#4632,#4633),(#4634,#4635,#4636,#4637),
(#4638,#4639,#4640,#4641),(#4642,#4643,#4644,#4645),(#4646,#4647,#4648,
#4649),(#4650,#4651,#4652,#4653),(#4654,#4655,#4656,#4657),(#4658,#4659,
#4660,#4661),(#4662,#4663,#4664,#4665),(#4666,#4667,#4668,#4669),(#4670,
#4671,#4672,#4673),(#4674,#4675,#4676,#4677)),.UNSPECIFIED.,.F.,.F.,.F.,
(4,1,1,1,1,1,1,1,1,1,1,1,1,1,1,1,1,1,1,1,1,1,1,1,1,1,1,1,1,1,1,1,1,4),(4,
4),(0.,0.0625,0.125,0.1875,0.25,0.3125,0.328125,0.34375,0.359375,0.375,
0.390625,0.40625,0.4375,0.46875,0.5,0.53125,0.5625,0.59375,0.625,0.640625,
0.65625,0.671875,0.6875,0.71875,0.734375,0.75,0.765625,0.78125,0.8125,0.84375,
0.859375,0.875,0.9375,1.),(0.,1.),.UNSPECIFIED.);
#40=B_SPLINE_SURFACE_WITH_KNOTS('',3,3,((#4720,#4721,#4722,#4723),(#4724,
#4725,#4726,#4727),(#4728,#4729,#4730,#4731),(#4732,#4733,#4734,#4735),
(#4736,#4737,#4738,#4739),(#4740,#4741,#4742,#4743),(#4744,#4745,#4746,
#4747),(#4748,#4749,#4750,#4751),(#4752,#4753,#4754,#4755),(#4756,#4757,
#4758,#4759),(#4760,#4761,#4762,#4763),(#4764,#4765,#4766,#4767),(#4768,
#4769,#4770,#4771),(#4772,#4773,#4774,#4775),(#4776,#4777,#4778,#4779),
(#4780,#4781,#4782,#4783),(#4784,#4785,#4786,#4787),(#4788,#4789,#4790,
#4791),(#4792,#4793,#4794,#4795),(#4796,#4797,#4798,#4799),(#4800,#4801,
#4802,#4803),(#4804,#4805,#4806,#4807),(#4808,#4809,#4810,#4811),(#4812,
#4813,#4814,#4815),(#4816,#4817,#4818,#4819),(#4820,#4821,#4822,#4823),
(#4824,#4825,#4826,#4827),(#4828,#4829,#4830,#4831),(#4832,#4833,#4834,
#4835),(#4836,#4837,#4838,#4839),(#4840,#4841,#4842,#4843),(#4844,#4845,
#4846,#4847),(#4848,#4849,#4850,#4851),(#4852,#4853,#4854,#4855)),
 .UNSPECIFIED.,.F.,.F.,.F.,(4,1,1,1,1,1,1,1,1,1,1,1,1,1,1,1,1,1,1,1,1,1,
1,1,1,1,1,1,1,1,1,4),(4,4),(0.,0.0625,0.125,0.1875,0.21875,0.25,0.28125,
0.3125,0.328125,0.34375,0.359375,0.375,0.40625,0.4375,0.46875,0.5,0.53125,
0.5625,0.59375,0.609375,0.625,0.640625,0.65625,0.671875,0.6875,0.75,0.8125,
0.875,0.9375,0.96875,0.984375,1.),(0.,1.),.UNSPECIFIED.);
#41=B_SPLINE_SURFACE_WITH_KNOTS('',3,3,((#5145,#5146,#5147,#5148),(#5149,
#5150,#5151,#5152),(#5153,#5154,#5155,#5156),(#5157,#5158,#5159,#5160),
(#5161,#5162,#5163,#5164),(#5165,#5166,#5167,#5168),(#5169,#5170,#5171,
#5172),(#5173,#5174,#5175,#5176),(#5177,#5178,#5179,#5180),(#5181,#5182,
#5183,#5184),(#5185,#5186,#5187,#5188),(#5189,#5190,#5191,#5192),(#5193,
#5194,#5195,#5196),(#5197,#5198,#5199,#5200),(#5201,#5202,#5203,#5204),
(#5205,#5206,#5207,#5208),(#5209,#5210,#5211,#5212),(#5213,#5214,#5215,
#5216),(#5217,#5218,#5219,#5220),(#5221,#5222,#5223,#5224),(#5225,#5226,
#5227,#5228),(#5229,#5230,#5231,#5232),(#5233,#5234,#5235,#5236),(#5237,
#5238,#5239,#5240),(#5241,#5242,#5243,#5244),(#5245,#5246,#5247,#5248),
(#5249,#5250,#5251,#5252),(#5253,#5254,#5255,#5256),(#5257,#5258,#5259,
#5260),(#5261,#5262,#5263,#5264),(#5265,#5266,#5267,#5268),(#5269,#5270,
#5271,#5272),(#5273,#5274,#5275,#5276),(#5277,#5278,#5279,#5280),(#5281,
#5282,#5283,#5284),(#5285,#5286,#5287,#5288)),.UNSPECIFIED.,.F.,.F.,.F.,
(4,1,1,1,1,1,1,1,1,1,1,1,1,1,1,1,1,1,1,1,1,1,1,1,1,1,1,1,1,1,1,1,1,4),(4,
4),(0.,0.0625,0.125,0.1875,0.25,0.3125,0.328125,0.34375,0.359375,0.375,
0.390625,0.40625,0.4375,0.46875,0.5,0.53125,0.5625,0.59375,0.625,0.640625,
0.65625,0.671875,0.6875,0.71875,0.734375,0.75,0.765625,0.78125,0.8125,0.84375,
0.859375,0.875,0.9375,1.),(0.,1.),.UNSPECIFIED.);
#42=B_SPLINE_SURFACE_WITH_KNOTS('',3,3,((#5331,#5332,#5333,#5334),(#5335,
#5336,#5337,#5338),(#5339,#5340,#5341,#5342),(#5343,#5344,#5345,#5346),
(#5347,#5348,#5349,#5350),(#5351,#5352,#5353,#5354),(#5355,#5356,#5357,
#5358),(#5359,#5360,#5361,#5362),(#5363,#5364,#5365,#5366),(#5367,#5368,
#5369,#5370),(#5371,#5372,#5373,#5374),(#5375,#5376,#5377,#5378),(#5379,
#5380,#5381,#5382),(#5383,#5384,#5385,#5386),(#5387,#5388,#5389,#5390),
(#5391,#5392,#5393,#5394),(#5395,#5396,#5397,#5398),(#5399,#5400,#5401,
#5402),(#5403,#5404,#5405,#5406),(#5407,#5408,#5409,#5410),(#5411,#5412,
#5413,#5414),(#5415,#5416,#5417,#5418),(#5419,#5420,#5421,#5422),(#5423,
#5424,#5425,#5426),(#5427,#5428,#5429,#5430),(#5431,#5432,#5433,#5434),
(#5435,#5436,#5437,#5438),(#5439,#5440,#5441,#5442),(#5443,#5444,#5445,
#5446),(#5447,#5448,#5449,#5450),(#5451,#5452,#5453,#5454),(#5455,#5456,
#5457,#5458),(#5459,#5460,#5461,#5462),(#5463,#5464,#5465,#5466)),
 .UNSPECIFIED.,.F.,.F.,.F.,(4,1,1,1,1,1,1,1,1,1,1,1,1,1,1,1,1,1,1,1,1,1,
1,1,1,1,1,1,1,1,1,4),(4,4),(0.,0.0625,0.125,0.1875,0.21875,0.25,0.28125,
0.3125,0.328125,0.34375,0.359375,0.375,0.40625,0.4375,0.46875,0.5,0.53125,
0.5625,0.59375,0.609375,0.625,0.640625,0.65625,0.671875,0.6875,0.75,0.8125,
0.875,0.9375,0.96875,0.984375,1.),(0.,1.),.UNSPECIFIED.);
#43=B_SPLINE_SURFACE_WITH_KNOTS('',3,3,((#5756,#5757,#5758,#5759),(#5760,
#5761,#5762,#5763),(#5764,#5765,#5766,#5767),(#5768,#5769,#5770,#5771),
(#5772,#5773,#5774,#5775),(#5776,#5777,#5778,#5779),(#5780,#5781,#5782,
#5783),(#5784,#5785,#5786,#5787),(#5788,#5789,#5790,#5791),(#5792,#5793,
#5794,#5795),(#5796,#5797,#5798,#5799),(#5800,#5801,#5802,#5803),(#5804,
#5805,#5806,#5807),(#5808,#5809,#5810,#5811),(#5812,#5813,#5814,#5815),
(#5816,#5817,#5818,#5819),(#5820,#5821,#5822,#5823),(#5824,#5825,#5826,
#5827),(#5828,#5829,#5830,#5831),(#5832,#5833,#5834,#5835),(#5836,#5837,
#5838,#5839),(#5840,#5841,#5842,#5843),(#5844,#5845,#5846,#5847),(#5848,
#5849,#5850,#5851),(#5852,#5853,#5854,#5855),(#5856,#5857,#5858,#5859),
(#5860,#5861,#5862,#5863),(#5864,#5865,#5866,#5867),(#5868,#5869,#5870,
#5871),(#5872,#5873,#5874,#5875),(#5876,#5877,#5878,#5879),(#5880,#5881,
#5882,#5883),(#5884,#5885,#5886,#5887),(#5888,#5889,#5890,#5891),(#5892,
#5893,#5894,#5895),(#5896,#5897,#5898,#5899)),.UNSPECIFIED.,.F.,.F.,.F.,
(4,1,1,1,1,1,1,1,1,1,1,1,1,1,1,1,1,1,1,1,1,1,1,1,1,1,1,1,1,1,1,1,1,4),(4,
4),(0.,0.0625,0.125,0.1875,0.25,0.3125,0.328125,0.34375,0.359375,0.375,
0.390625,0.40625,0.4375,0.46875,0.5,0.53125,0.5625,0.59375,0.625,0.640625,
0.65625,0.671875,0.6875,0.71875,0.734375,0.75,0.765625,0.78125,0.8125,0.84375,
0.859375,0.875,0.9375,1.),(0.,1.),.UNSPECIFIED.);
#44=B_SPLINE_SURFACE_WITH_KNOTS('',3,3,((#5942,#5943,#5944,#5945),(#5946,
#5947,#5948,#5949),(#5950,#5951,#5952,#5953),(#5954,#5955,#5956,#5957),
(#5958,#5959,#5960,#5961),(#5962,#5963,#5964,#5965),(#5966,#5967,#5968,
#5969),(#5970,#5971,#5972,#5973),(#5974,#5975,#5976,#5977),(#5978,#5979,
#5980,#5981),(#5982,#5983,#5984,#5985),(#5986,#5987,#5988,#5989),(#5990,
#5991,#5992,#5993),(#5994,#5995,#5996,#5997),(#5998,#5999,#6000,#6001),
(#6002,#6003,#6004,#6005),(#6006,#6007,#6008,#6009),(#6010,#6011,#6012,
#6013),(#6014,#6015,#6016,#6017),(#6018,#6019,#6020,#6021),(#6022,#6023,
#6024,#6025),(#6026,#6027,#6028,#6029),(#6030,#6031,#6032,#6033),(#6034,
#6035,#6036,#6037),(#6038,#6039,#6040,#6041),(#6042,#6043,#6044,#6045),
(#6046,#6047,#6048,#6049),(#6050,#6051,#6052,#6053),(#6054,#6055,#6056,
#6057),(#6058,#6059,#6060,#6061),(#6062,#6063,#6064,#6065),(#6066,#6067,
#6068,#6069),(#6070,#6071,#6072,#6073),(#6074,#6075,#6076,#6077)),
 .UNSPECIFIED.,.F.,.F.,.F.,(4,1,1,1,1,1,1,1,1,1,1,1,1,1,1,1,1,1,1,1,1,1,
1,1,1,1,1,1,1,1,1,4),(4,4),(0.,0.0625,0.125,0.1875,0.21875,0.25,0.28125,
0.3125,0.328125,0.34375,0.359375,0.375,0.40625,0.4375,0.46875,0.5,0.53125,
0.5625,0.59375,0.609375,0.625,0.640625,0.65625,0.671875,0.6875,0.75,0.8125,
0.875,0.9375,0.96875,0.984375,1.),(0.,1.),.UNSPECIFIED.);
#45=B_SPLINE_SURFACE_WITH_KNOTS('',3,3,((#6367,#6368,#6369,#6370),(#6371,
#6372,#6373,#6374),(#6375,#6376,#6377,#6378),(#6379,#6380,#6381,#6382),
(#6383,#6384,#6385,#6386),(#6387,#6388,#6389,#6390),(#6391,#6392,#6393,
#6394),(#6395,#6396,#6397,#6398),(#6399,#6400,#6401,#6402),(#6403,#6404,
#6405,#6406),(#6407,#6408,#6409,#6410),(#6411,#6412,#6413,#6414),(#6415,
#6416,#6417,#6418),(#6419,#6420,#6421,#6422),(#6423,#6424,#6425,#6426),
(#6427,#6428,#6429,#6430),(#6431,#6432,#6433,#6434),(#6435,#6436,#6437,
#6438),(#6439,#6440,#6441,#6442),(#6443,#6444,#6445,#6446),(#6447,#6448,
#6449,#6450),(#6451,#6452,#6453,#6454),(#6455,#6456,#6457,#6458),(#6459,
#6460,#6461,#6462),(#6463,#6464,#6465,#6466),(#6467,#6468,#6469,#6470),
(#6471,#6472,#6473,#6474),(#6475,#6476,#6477,#6478),(#6479,#6480,#6481,
#6482),(#6483,#6484,#6485,#6486),(#6487,#6488,#6489,#6490),(#6491,#6492,
#6493,#6494),(#6495,#6496,#6497,#6498),(#6499,#6500,#6501,#6502),(#6503,
#6504,#6505,#6506),(#6507,#6508,#6509,#6510)),.UNSPECIFIED.,.F.,.F.,.F.,
(4,1,1,1,1,1,1,1,1,1,1,1,1,1,1,1,1,1,1,1,1,1,1,1,1,1,1,1,1,1,1,1,1,4),(4,
4),(0.,0.0625,0.125,0.1875,0.25,0.3125,0.328125,0.34375,0.359375,0.375,
0.390625,0.40625,0.4375,0.46875,0.5,0.53125,0.5625,0.59375,0.625,0.640625,
0.65625,0.671875,0.6875,0.71875,0.734375,0.75,0.765625,0.78125,0.8125,0.84375,
0.859375,0.875,0.9375,1.),(0.,1.),.UNSPECIFIED.);
#46=B_SPLINE_SURFACE_WITH_KNOTS('',3,3,((#6553,#6554,#6555,#6556),(#6557,
#6558,#6559,#6560),(#6561,#6562,#6563,#6564),(#6565,#6566,#6567,#6568),
(#6569,#6570,#6571,#6572),(#6573,#6574,#6575,#6576),(#6577,#6578,#6579,
#6580),(#6581,#6582,#6583,#6584),(#6585,#6586,#6587,#6588),(#6589,#6590,
#6591,#6592),(#6593,#6594,#6595,#6596),(#6597,#6598,#6599,#6600),(#6601,
#6602,#6603,#6604),(#6605,#6606,#6607,#6608),(#6609,#6610,#6611,#6612),
(#6613,#6614,#6615,#6616),(#6617,#6618,#6619,#6620),(#6621,#6622,#6623,
#6624),(#6625,#6626,#6627,#6628),(#6629,#6630,#6631,#6632),(#6633,#6634,
#6635,#6636),(#6637,#6638,#6639,#6640),(#6641,#6642,#6643,#6644),(#6645,
#6646,#6647,#6648),(#6649,#6650,#6651,#6652),(#6653,#6654,#6655,#6656),
(#6657,#6658,#6659,#6660),(#6661,#6662,#6663,#6664),(#6665,#6666,#6667,
#6668),(#6669,#6670,#6671,#6672),(#6673,#6674,#6675,#6676),(#6677,#6678,
#6679,#6680),(#6681,#6682,#6683,#6684),(#6685,#6686,#6687,#6688)),
 .UNSPECIFIED.,.F.,.F.,.F.,(4,1,1,1,1,1,1,1,1,1,1,1,1,1,1,1,1,1,1,1,1,1,
1,1,1,1,1,1,1,1,1,4),(4,4),(0.,0.0625,0.125,0.1875,0.21875,0.25,0.28125,
0.3125,0.328125,0.34375,0.359375,0.375,0.40625,0.4375,0.46875,0.5,0.53125,
0.5625,0.59375,0.609375,0.625,0.640625,0.65625,0.671875,0.6875,0.75,0.8125,
0.875,0.9375,0.96875,0.984375,1.),(0.,1.),.UNSPECIFIED.);
#47=B_SPLINE_SURFACE_WITH_KNOTS('',3,3,((#6978,#6979,#6980,#6981),(#6982,
#6983,#6984,#6985),(#6986,#6987,#6988,#6989),(#6990,#6991,#6992,#6993),
(#6994,#6995,#6996,#6997),(#6998,#6999,#7000,#7001),(#7002,#7003,#7004,
#7005),(#7006,#7007,#7008,#7009),(#7010,#7011,#7012,#7013),(#7014,#7015,
#7016,#7017),(#7018,#7019,#7020,#7021),(#7022,#7023,#7024,#7025),(#7026,
#7027,#7028,#7029),(#7030,#7031,#7032,#7033),(#7034,#7035,#7036,#7037),
(#7038,#7039,#7040,#7041),(#7042,#7043,#7044,#7045),(#7046,#7047,#7048,
#7049),(#7050,#7051,#7052,#7053),(#7054,#7055,#7056,#7057),(#7058,#7059,
#7060,#7061),(#7062,#7063,#7064,#7065),(#7066,#7067,#7068,#7069),(#7070,
#7071,#7072,#7073),(#7074,#7075,#7076,#7077),(#7078,#7079,#7080,#7081),
(#7082,#7083,#7084,#7085),(#7086,#7087,#7088,#7089),(#7090,#7091,#7092,
#7093),(#7094,#7095,#7096,#7097),(#7098,#7099,#7100,#7101),(#7102,#7103,
#7104,#7105),(#7106,#7107,#7108,#7109),(#7110,#7111,#7112,#7113),(#7114,
#7115,#7116,#7117),(#7118,#7119,#7120,#7121)),.UNSPECIFIED.,.F.,.F.,.F.,
(4,1,1,1,1,1,1,1,1,1,1,1,1,1,1,1,1,1,1,1,1,1,1,1,1,1,1,1,1,1,1,1,1,4),(4,
4),(0.,0.0625,0.125,0.1875,0.25,0.3125,0.328125,0.34375,0.359375,0.375,
0.390625,0.40625,0.4375,0.46875,0.5,0.53125,0.5625,0.59375,0.625,0.640625,
0.65625,0.671875,0.6875,0.71875,0.734375,0.75,0.765625,0.78125,0.8125,0.84375,
0.859375,0.875,0.9375,1.),(0.,1.),.UNSPECIFIED.);
#48=B_SPLINE_SURFACE_WITH_KNOTS('',3,3,((#7164,#7165,#7166,#7167),(#7168,
#7169,#7170,#7171),(#7172,#7173,#7174,#7175),(#7176,#7177,#7178,#7179),
(#7180,#7181,#7182,#7183),(#7184,#7185,#7186,#7187),(#7188,#7189,#7190,
#7191),(#7192,#7193,#7194,#7195),(#7196,#7197,#7198,#7199),(#7200,#7201,
#7202,#7203),(#7204,#7205,#7206,#7207),(#7208,#7209,#7210,#7211),(#7212,
#7213,#7214,#7215),(#7216,#7217,#7218,#7219),(#7220,#7221,#7222,#7223),
(#7224,#7225,#7226,#7227),(#7228,#7229,#7230,#7231),(#7232,#7233,#7234,
#7235),(#7236,#7237,#7238,#7239),(#7240,#7241,#7242,#7243),(#7244,#7245,
#7246,#7247),(#7248,#7249,#7250,#7251),(#7252,#7253,#7254,#7255),(#7256,
#7257,#7258,#7259),(#7260,#7261,#7262,#7263),(#7264,#7265,#7266,#7267),
(#7268,#7269,#7270,#7271),(#7272,#7273,#7274,#7275),(#7276,#7277,#7278,
#7279),(#7280,#7281,#7282,#7283),(#7284,#7285,#7286,#7287),(#7288,#7289,
#7290,#7291),(#7292,#7293,#7294,#7295),(#7296,#7297,#7298,#7299)),
 .UNSPECIFIED.,.F.,.F.,.F.,(4,1,1,1,1,1,1,1,1,1,1,1,1,1,1,1,1,1,1,1,1,1,
1,1,1,1,1,1,1,1,1,4),(4,4),(0.,0.0625,0.125,0.1875,0.21875,0.25,0.28125,
0.3125,0.328125,0.34375,0.359375,0.375,0.40625,0.4375,0.46875,0.5,0.53125,
0.5625,0.59375,0.609375,0.625,0.640625,0.65625,0.671875,0.6875,0.75,0.8125,
0.875,0.9375,0.96875,0.984375,1.),(0.,1.),.UNSPECIFIED.);
#49=B_SPLINE_SURFACE_WITH_KNOTS('',3,3,((#7589,#7590,#7591,#7592),(#7593,
#7594,#7595,#7596),(#7597,#7598,#7599,#7600),(#7601,#7602,#7603,#7604),
(#7605,#7606,#7607,#7608),(#7609,#7610,#7611,#7612),(#7613,#7614,#7615,
#7616),(#7617,#7618,#7619,#7620),(#7621,#7622,#7623,#7624),(#7625,#7626,
#7627,#7628),(#7629,#7630,#7631,#7632),(#7633,#7634,#7635,#7636),(#7637,
#7638,#7639,#7640),(#7641,#7642,#7643,#7644),(#7645,#7646,#7647,#7648),
(#7649,#7650,#7651,#7652),(#7653,#7654,#7655,#7656),(#7657,#7658,#7659,
#7660),(#7661,#7662,#7663,#7664),(#7665,#7666,#7667,#7668),(#7669,#7670,
#7671,#7672),(#7673,#7674,#7675,#7676),(#7677,#7678,#7679,#7680),(#7681,
#7682,#7683,#7684),(#7685,#7686,#7687,#7688),(#7689,#7690,#7691,#7692),
(#7693,#7694,#7695,#7696),(#7697,#7698,#7699,#7700),(#7701,#7702,#7703,
#7704),(#7705,#7706,#7707,#7708),(#7709,#7710,#7711,#7712),(#7713,#7714,
#7715,#7716),(#7717,#7718,#7719,#7720),(#7721,#7722,#7723,#7724),(#7725,
#7726,#7727,#7728),(#7729,#7730,#7731,#7732)),.UNSPECIFIED.,.F.,.F.,.F.,
(4,1,1,1,1,1,1,1,1,1,1,1,1,1,1,1,1,1,1,1,1,1,1,1,1,1,1,1,1,1,1,1,1,4),(4,
4),(0.,0.0625,0.125,0.1875,0.25,0.3125,0.328125,0.34375,0.359375,0.375,
0.390625,0.40625,0.4375,0.46875,0.5,0.53125,0.5625,0.59375,0.625,0.640625,
0.65625,0.671875,0.6875,0.71875,0.734375,0.75,0.765625,0.78125,0.8125,0.84375,
0.859375,0.875,0.9375,1.),(0.,1.),.UNSPECIFIED.);
#50=B_SPLINE_SURFACE_WITH_KNOTS('',3,3,((#7775,#7776,#7777,#7778),(#7779,
#7780,#7781,#7782),(#7783,#7784,#7785,#7786),(#7787,#7788,#7789,#7790),
(#7791,#7792,#7793,#7794),(#7795,#7796,#7797,#7798),(#7799,#7800,#7801,
#7802),(#7803,#7804,#7805,#7806),(#7807,#7808,#7809,#7810),(#7811,#7812,
#7813,#7814),(#7815,#7816,#7817,#7818),(#7819,#7820,#7821,#7822),(#7823,
#7824,#7825,#7826),(#7827,#7828,#7829,#7830),(#7831,#7832,#7833,#7834),
(#7835,#7836,#7837,#7838),(#7839,#7840,#7841,#7842),(#7843,#7844,#7845,
#7846),(#7847,#7848,#7849,#7850),(#7851,#7852,#7853,#7854),(#7855,#7856,
#7857,#7858),(#7859,#7860,#7861,#7862),(#7863,#7864,#7865,#7866),(#7867,
#7868,#7869,#7870),(#7871,#7872,#7873,#7874),(#7875,#7876,#7877,#7878),
(#7879,#7880,#7881,#7882),(#7883,#7884,#7885,#7886),(#7887,#7888,#7889,
#7890),(#7891,#7892,#7893,#7894),(#7895,#7896,#7897,#7898),(#7899,#7900,
#7901,#7902),(#7903,#7904,#7905,#7906),(#7907,#7908,#7909,#7910)),
 .UNSPECIFIED.,.F.,.F.,.F.,(4,1,1,1,1,1,1,1,1,1,1,1,1,1,1,1,1,1,1,1,1,1,
1,1,1,1,1,1,1,1,1,4),(4,4),(0.,0.0625,0.125,0.1875,0.21875,0.25,0.28125,
0.3125,0.328125,0.34375,0.359375,0.375,0.40625,0.4375,0.46875,0.5,0.53125,
0.5625,0.59375,0.609375,0.625,0.640625,0.65625,0.671875,0.6875,0.75,0.8125,
0.875,0.9375,0.96875,0.984375,1.),(0.,1.),.UNSPECIFIED.);
#51=B_SPLINE_SURFACE_WITH_KNOTS('',3,3,((#8200,#8201,#8202,#8203),(#8204,
#8205,#8206,#8207),(#8208,#8209,#8210,#8211),(#8212,#8213,#8214,#8215),
(#8216,#8217,#8218,#8219),(#8220,#8221,#8222,#8223),(#8224,#8225,#8226,
#8227),(#8228,#8229,#8230,#8231),(#8232,#8233,#8234,#8235),(#8236,#8237,
#8238,#8239),(#8240,#8241,#8242,#8243),(#8244,#8245,#8246,#8247),(#8248,
#8249,#8250,#8251),(#8252,#8253,#8254,#8255),(#8256,#8257,#8258,#8259),
(#8260,#8261,#8262,#8263),(#8264,#8265,#8266,#8267),(#8268,#8269,#8270,
#8271),(#8272,#8273,#8274,#8275),(#8276,#8277,#8278,#8279),(#8280,#8281,
#8282,#8283),(#8284,#8285,#8286,#8287),(#8288,#8289,#8290,#8291),(#8292,
#8293,#8294,#8295),(#8296,#8297,#8298,#8299),(#8300,#8301,#8302,#8303),
(#8304,#8305,#8306,#8307),(#8308,#8309,#8310,#8311),(#8312,#8313,#8314,
#8315),(#8316,#8317,#8318,#8319),(#8320,#8321,#8322,#8323),(#8324,#8325,
#8326,#8327),(#8328,#8329,#8330,#8331),(#8332,#8333,#8334,#8335),(#8336,
#8337,#8338,#8339),(#8340,#8341,#8342,#8343)),.UNSPECIFIED.,.F.,.F.,.F.,
(4,1,1,1,1,1,1,1,1,1,1,1,1,1,1,1,1,1,1,1,1,1,1,1,1,1,1,1,1,1,1,1,1,4),(4,
4),(0.,0.0625,0.125,0.1875,0.25,0.3125,0.328125,0.34375,0.359375,0.375,
0.390625,0.40625,0.4375,0.46875,0.5,0.53125,0.5625,0.59375,0.625,0.640625,
0.65625,0.671875,0.6875,0.71875,0.734375,0.75,0.765625,0.78125,0.8125,0.84375,
0.859375,0.875,0.9375,1.),(0.,1.),.UNSPECIFIED.);
#52=B_SPLINE_SURFACE_WITH_KNOTS('',3,3,((#8386,#8387,#8388,#8389),(#8390,
#8391,#8392,#8393),(#8394,#8395,#8396,#8397),(#8398,#8399,#8400,#8401),
(#8402,#8403,#8404,#8405),(#8406,#8407,#8408,#8409),(#8410,#8411,#8412,
#8413),(#8414,#8415,#8416,#8417),(#8418,#8419,#8420,#8421),(#8422,#8423,
#8424,#8425),(#8426,#8427,#8428,#8429),(#8430,#8431,#8432,#8433),(#8434,
#8435,#8436,#8437),(#8438,#8439,#8440,#8441),(#8442,#8443,#8444,#8445),
(#8446,#8447,#8448,#8449),(#8450,#8451,#8452,#8453),(#8454,#8455,#8456,
#8457),(#8458,#8459,#8460,#8461),(#8462,#8463,#8464,#8465),(#8466,#8467,
#8468,#8469),(#8470,#8471,#8472,#8473),(#8474,#8475,#8476,#8477),(#8478,
#8479,#8480,#8481),(#8482,#8483,#8484,#8485),(#8486,#8487,#8488,#8489),
(#8490,#8491,#8492,#8493),(#8494,#8495,#8496,#8497),(#8498,#8499,#8500,
#8501),(#8502,#8503,#8504,#8505),(#8506,#8507,#8508,#8509),(#8510,#8511,
#8512,#8513),(#8514,#8515,#8516,#8517),(#8518,#8519,#8520,#8521)),
 .UNSPECIFIED.,.F.,.F.,.F.,(4,1,1,1,1,1,1,1,1,1,1,1,1,1,1,1,1,1,1,1,1,1,
1,1,1,1,1,1,1,1,1,4),(4,4),(0.,0.0625,0.125,0.1875,0.21875,0.25,0.28125,
0.3125,0.328125,0.34375,0.359375,0.375,0.40625,0.4375,0.46875,0.5,0.53125,
0.5625,0.59375,0.609375,0.625,0.640625,0.65625,0.671875,0.6875,0.75,0.8125,
0.875,0.9375,0.96875,0.984375,1.),(0.,1.),.UNSPECIFIED.);
#53=B_SPLINE_SURFACE_WITH_KNOTS('',3,3,((#8811,#8812,#8813,#8814),(#8815,
#8816,#8817,#8818),(#8819,#8820,#8821,#8822),(#8823,#8824,#8825,#8826),
(#8827,#8828,#8829,#8830),(#8831,#8832,#8833,#8834),(#8835,#8836,#8837,
#8838),(#8839,#8840,#8841,#8842),(#8843,#8844,#8845,#8846),(#8847,#8848,
#8849,#8850),(#8851,#8852,#8853,#8854),(#8855,#8856,#8857,#8858),(#8859,
#8860,#8861,#8862),(#8863,#8864,#8865,#8866),(#8867,#8868,#8869,#8870),
(#8871,#8872,#8873,#8874),(#8875,#8876,#8877,#8878),(#8879,#8880,#8881,
#8882),(#8883,#8884,#8885,#8886),(#8887,#8888,#8889,#8890),(#8891,#8892,
#8893,#8894),(#8895,#8896,#8897,#8898),(#8899,#8900,#8901,#8902),(#8903,
#8904,#8905,#8906),(#8907,#8908,#8909,#8910),(#8911,#8912,#8913,#8914),
(#8915,#8916,#8917,#8918),(#8919,#8920,#8921,#8922),(#8923,#8924,#8925,
#8926),(#8927,#8928,#8929,#8930),(#8931,#8932,#8933,#8934),(#8935,#8936,
#8937,#8938),(#8939,#8940,#8941,#8942),(#8943,#8944,#8945,#8946),(#8947,
#8948,#8949,#8950),(#8951,#8952,#8953,#8954)),.UNSPECIFIED.,.F.,.F.,.F.,
(4,1,1,1,1,1,1,1,1,1,1,1,1,1,1,1,1,1,1,1,1,1,1,1,1,1,1,1,1,1,1,1,1,4),(4,
4),(0.,0.0625,0.125,0.1875,0.25,0.3125,0.328125,0.34375,0.359375,0.375,
0.390625,0.40625,0.4375,0.46875,0.5,0.53125,0.5625,0.59375,0.625,0.640625,
0.65625,0.671875,0.6875,0.71875,0.734375,0.75,0.765625,0.78125,0.8125,0.84375,
0.859375,0.875,0.9375,1.),(0.,1.),.UNSPECIFIED.);
#54=B_SPLINE_SURFACE_WITH_KNOTS('',3,3,((#8997,#8998,#8999,#9000),(#9001,
#9002,#9003,#9004),(#9005,#9006,#9007,#9008),(#9009,#9010,#9011,#9012),
(#9013,#9014,#9015,#9016),(#9017,#9018,#9019,#9020),(#9021,#9022,#9023,
#9024),(#9025,#9026,#9027,#9028),(#9029,#9030,#9031,#9032),(#9033,#9034,
#9035,#9036),(#9037,#9038,#9039,#9040),(#9041,#9042,#9043,#9044),(#9045,
#9046,#9047,#9048),(#9049,#9050,#9051,#9052),(#9053,#9054,#9055,#9056),
(#9057,#9058,#9059,#9060),(#9061,#9062,#9063,#9064),(#9065,#9066,#9067,
#9068),(#9069,#9070,#9071,#9072),(#9073,#9074,#9075,#9076),(#9077,#9078,
#9079,#9080),(#9081,#9082,#9083,#9084),(#9085,#9086,#9087,#9088),(#9089,
#9090,#9091,#9092),(#9093,#9094,#9095,#9096),(#9097,#9098,#9099,#9100),
(#9101,#9102,#9103,#9104),(#9105,#9106,#9107,#9108),(#9109,#9110,#9111,
#9112),(#9113,#9114,#9115,#9116),(#9117,#9118,#9119,#9120),(#9121,#9122,
#9123,#9124),(#9125,#9126,#9127,#9128),(#9129,#9130,#9131,#9132)),
 .UNSPECIFIED.,.F.,.F.,.F.,(4,1,1,1,1,1,1,1,1,1,1,1,1,1,1,1,1,1,1,1,1,1,
1,1,1,1,1,1,1,1,1,4),(4,4),(0.,0.0625,0.125,0.1875,0.21875,0.25,0.28125,
0.3125,0.328125,0.34375,0.359375,0.375,0.40625,0.4375,0.46875,0.5,0.53125,
0.5625,0.59375,0.609375,0.625,0.640625,0.65625,0.671875,0.6875,0.75,0.8125,
0.875,0.9375,0.96875,0.984375,1.),(0.,1.),.UNSPECIFIED.);
#55=B_SPLINE_SURFACE_WITH_KNOTS('',3,3,((#9422,#9423,#9424,#9425),(#9426,
#9427,#9428,#9429),(#9430,#9431,#9432,#9433),(#9434,#9435,#9436,#9437),
(#9438,#9439,#9440,#9441),(#9442,#9443,#9444,#9445),(#9446,#9447,#9448,
#9449),(#9450,#9451,#9452,#9453),(#9454,#9455,#9456,#9457),(#9458,#9459,
#9460,#9461),(#9462,#9463,#9464,#9465),(#9466,#9467,#9468,#9469),(#9470,
#9471,#9472,#9473),(#9474,#9475,#9476,#9477),(#9478,#9479,#9480,#9481),
(#9482,#9483,#9484,#9485),(#9486,#9487,#9488,#9489),(#9490,#9491,#9492,
#9493),(#9494,#9495,#9496,#9497),(#9498,#9499,#9500,#9501),(#9502,#9503,
#9504,#9505),(#9506,#9507,#9508,#9509),(#9510,#9511,#9512,#9513),(#9514,
#9515,#9516,#9517),(#9518,#9519,#9520,#9521),(#9522,#9523,#9524,#9525),
(#9526,#9527,#9528,#9529),(#9530,#9531,#9532,#9533),(#9534,#9535,#9536,
#9537),(#9538,#9539,#9540,#9541),(#9542,#9543,#9544,#9545),(#9546,#9547,
#9548,#9549),(#9550,#9551,#9552,#9553),(#9554,#9555,#9556,#9557),(#9558,
#9559,#9560,#9561),(#9562,#9563,#9564,#9565)),.UNSPECIFIED.,.F.,.F.,.F.,
(4,1,1,1,1,1,1,1,1,1,1,1,1,1,1,1,1,1,1,1,1,1,1,1,1,1,1,1,1,1,1,1,1,4),(4,
4),(0.,0.0625,0.125,0.1875,0.25,0.3125,0.328125,0.34375,0.359375,0.375,
0.390625,0.40625,0.4375,0.46875,0.5,0.53125,0.5625,0.59375,0.625,0.640625,
0.65625,0.671875,0.6875,0.71875,0.734375,0.75,0.765625,0.78125,0.8125,0.84375,
0.859375,0.875,0.9375,1.),(0.,1.),.UNSPECIFIED.);
#56=B_SPLINE_SURFACE_WITH_KNOTS('',3,3,((#9608,#9609,#9610,#9611),(#9612,
#9613,#9614,#9615),(#9616,#9617,#9618,#9619),(#9620,#9621,#9622,#9623),
(#9624,#9625,#9626,#9627),(#9628,#9629,#9630,#9631),(#9632,#9633,#9634,
#9635),(#9636,#9637,#9638,#9639),(#9640,#9641,#9642,#9643),(#9644,#9645,
#9646,#9647),(#9648,#9649,#9650,#9651),(#9652,#9653,#9654,#9655),(#9656,
#9657,#9658,#9659),(#9660,#9661,#9662,#9663),(#9664,#9665,#9666,#9667),
(#9668,#9669,#9670,#9671),(#9672,#9673,#9674,#9675),(#9676,#9677,#9678,
#9679),(#9680,#9681,#9682,#9683),(#9684,#9685,#9686,#9687),(#9688,#9689,
#9690,#9691),(#9692,#9693,#9694,#9695),(#9696,#9697,#9698,#9699),(#9700,
#9701,#9702,#9703),(#9704,#9705,#9706,#9707),(#9708,#9709,#9710,#9711),
(#9712,#9713,#9714,#9715),(#9716,#9717,#9718,#9719),(#9720,#9721,#9722,
#9723),(#9724,#9725,#9726,#9727),(#9728,#9729,#9730,#9731),(#9732,#9733,
#9734,#9735),(#9736,#9737,#9738,#9739),(#9740,#9741,#9742,#9743)),
 .UNSPECIFIED.,.F.,.F.,.F.,(4,1,1,1,1,1,1,1,1,1,1,1,1,1,1,1,1,1,1,1,1,1,
1,1,1,1,1,1,1,1,1,4),(4,4),(0.,0.0625,0.125,0.1875,0.21875,0.25,0.28125,
0.3125,0.328125,0.34375,0.359375,0.375,0.40625,0.4375,0.46875,0.5,0.53125,
0.5625,0.59375,0.609375,0.625,0.640625,0.65625,0.671875,0.6875,0.75,0.8125,
0.875,0.9375,0.96875,0.984375,1.),(0.,1.),.UNSPECIFIED.);
#57=B_SPLINE_SURFACE_WITH_KNOTS('',3,3,((#10033,#10034,#10035,#10036),(#10037,
#10038,#10039,#10040),(#10041,#10042,#10043,#10044),(#10045,#10046,#10047,
#10048),(#10049,#10050,#10051,#10052),(#10053,#10054,#10055,#10056),(#10057,
#10058,#10059,#10060),(#10061,#10062,#10063,#10064),(#10065,#10066,#10067,
#10068),(#10069,#10070,#10071,#10072),(#10073,#10074,#10075,#10076),(#10077,
#10078,#10079,#10080),(#10081,#10082,#10083,#10084),(#10085,#10086,#10087,
#10088),(#10089,#10090,#10091,#10092),(#10093,#10094,#10095,#10096),(#10097,
#10098,#10099,#10100),(#10101,#10102,#10103,#10104),(#10105,#10106,#10107,
#10108),(#10109,#10110,#10111,#10112),(#10113,#10114,#10115,#10116),(#10117,
#10118,#10119,#10120),(#10121,#10122,#10123,#10124),(#10125,#10126,#10127,
#10128),(#10129,#10130,#10131,#10132),(#10133,#10134,#10135,#10136),(#10137,
#10138,#10139,#10140),(#10141,#10142,#10143,#10144),(#10145,#10146,#10147,
#10148),(#10149,#10150,#10151,#10152),(#10153,#10154,#10155,#10156),(#10157,
#10158,#10159,#10160),(#10161,#10162,#10163,#10164),(#10165,#10166,#10167,
#10168),(#10169,#10170,#10171,#10172),(#10173,#10174,#10175,#10176)),
 .UNSPECIFIED.,.F.,.F.,.F.,(4,1,1,1,1,1,1,1,1,1,1,1,1,1,1,1,1,1,1,1,1,1,
1,1,1,1,1,1,1,1,1,1,1,4),(4,4),(0.,0.0625,0.125,0.1875,0.25,0.3125,0.328125,
0.34375,0.359375,0.375,0.390625,0.40625,0.4375,0.46875,0.5,0.53125,0.5625,
0.59375,0.625,0.640625,0.65625,0.671875,0.6875,0.71875,0.734375,0.75,0.765625,
0.78125,0.8125,0.84375,0.859375,0.875,0.9375,1.),(0.,1.),.UNSPECIFIED.);
#58=B_SPLINE_SURFACE_WITH_KNOTS('',3,3,((#10219,#10220,#10221,#10222),(#10223,
#10224,#10225,#10226),(#10227,#10228,#10229,#10230),(#10231,#10232,#10233,
#10234),(#10235,#10236,#10237,#10238),(#10239,#10240,#10241,#10242),(#10243,
#10244,#10245,#10246),(#10247,#10248,#10249,#10250),(#10251,#10252,#10253,
#10254),(#10255,#10256,#10257,#10258),(#10259,#10260,#10261,#10262),(#10263,
#10264,#10265,#10266),(#10267,#10268,#10269,#10270),(#10271,#10272,#10273,
#10274),(#10275,#10276,#10277,#10278),(#10279,#10280,#10281,#10282),(#10283,
#10284,#10285,#10286),(#10287,#10288,#10289,#10290),(#10291,#10292,#10293,
#10294),(#10295,#10296,#10297,#10298),(#10299,#10300,#10301,#10302),(#10303,
#10304,#10305,#10306),(#10307,#10308,#10309,#10310),(#10311,#10312,#10313,
#10314),(#10315,#10316,#10317,#10318),(#10319,#10320,#10321,#10322),(#10323,
#10324,#10325,#10326),(#10327,#10328,#10329,#10330),(#10331,#10332,#10333,
#10334),(#10335,#10336,#10337,#10338),(#10339,#10340,#10341,#10342),(#10343,
#10344,#10345,#10346),(#10347,#10348,#10349,#10350),(#10351,#10352,#10353,
#10354)),.UNSPECIFIED.,.F.,.F.,.F.,(4,1,1,1,1,1,1,1,1,1,1,1,1,1,1,1,1,1,
1,1,1,1,1,1,1,1,1,1,1,1,1,4),(4,4),(0.,0.0625,0.125,0.1875,0.21875,0.25,
0.28125,0.3125,0.328125,0.34375,0.359375,0.375,0.40625,0.4375,0.46875,0.5,
0.53125,0.5625,0.59375,0.609375,0.625,0.640625,0.65625,0.671875,0.6875,
0.75,0.8125,0.875,0.9375,0.96875,0.984375,1.),(0.,1.),.UNSPECIFIED.);
#59=DRAUGHTING_PRE_DEFINED_COLOUR('white');
#60=OVER_RIDING_STYLED_ITEM('',(#320),#841,#309);
#61=OVER_RIDING_STYLED_ITEM('',(#321),#842,#309);
#62=OVER_RIDING_STYLED_ITEM('',(#322),#843,#309);
#63=OVER_RIDING_STYLED_ITEM('',(#323),#844,#309);
#64=OVER_RIDING_STYLED_ITEM('',(#324),#845,#309);
#65=OVER_RIDING_STYLED_ITEM('',(#325),#846,#309);
#66=OVER_RIDING_STYLED_ITEM('',(#326),#847,#309);
#67=OVER_RIDING_STYLED_ITEM('',(#328),#848,#310);
#68=OVER_RIDING_STYLED_ITEM('',(#329),#849,#310);
#69=OVER_RIDING_STYLED_ITEM('',(#330),#850,#310);
#70=OVER_RIDING_STYLED_ITEM('',(#331),#851,#310);
#71=OVER_RIDING_STYLED_ITEM('',(#333),#852,#311);
#72=OVER_RIDING_STYLED_ITEM('',(#334),#853,#311);
#73=OVER_RIDING_STYLED_ITEM('',(#335),#854,#311);
#74=OVER_RIDING_STYLED_ITEM('',(#336),#855,#311);
#75=OVER_RIDING_STYLED_ITEM('',(#337),#856,#311);
#76=OVER_RIDING_STYLED_ITEM('',(#338),#857,#311);
#77=OVER_RIDING_STYLED_ITEM('',(#340),#858,#312);
#78=OVER_RIDING_STYLED_ITEM('',(#341),#859,#312);
#79=OVER_RIDING_STYLED_ITEM('',(#342),#860,#312);
#80=OVER_RIDING_STYLED_ITEM('',(#343),#861,#312);
#81=OVER_RIDING_STYLED_ITEM('',(#344),#862,#312);
#82=OVER_RIDING_STYLED_ITEM('',(#345),#863,#312);
#83=OVER_RIDING_STYLED_ITEM('',(#347),#864,#313);
#84=OVER_RIDING_STYLED_ITEM('',(#348),#865,#313);
#85=OVER_RIDING_STYLED_ITEM('',(#349),#866,#313);
#86=OVER_RIDING_STYLED_ITEM('',(#350),#867,#313);
#87=OVER_RIDING_STYLED_ITEM('',(#351),#868,#313);
#88=OVER_RIDING_STYLED_ITEM('',(#352),#869,#313);
#89=OVER_RIDING_STYLED_ITEM('',(#354),#870,#314);
#90=OVER_RIDING_STYLED_ITEM('',(#355),#871,#314);
#91=OVER_RIDING_STYLED_ITEM('',(#356),#872,#314);
#92=OVER_RIDING_STYLED_ITEM('',(#357),#873,#314);
#93=OVER_RIDING_STYLED_ITEM('',(#358),#874,#314);
#94=OVER_RIDING_STYLED_ITEM('',(#359),#875,#314);
#95=OVER_RIDING_STYLED_ITEM('',(#362),#932,#316);
#96=OVER_RIDING_STYLED_ITEM('',(#363),#933,#316);
#97=OVER_RIDING_STYLED_ITEM('',(#364),#934,#316);
#98=OVER_RIDING_STYLED_ITEM('',(#365),#935,#316);
#99=OVER_RIDING_STYLED_ITEM('',(#366),#936,#316);
#100=OVER_RIDING_STYLED_ITEM('',(#367),#937,#316);
#101=OVER_RIDING_STYLED_ITEM('',(#368),#938,#316);
#102=OVER_RIDING_STYLED_ITEM('',(#369),#939,#316);
#103=OVER_RIDING_STYLED_ITEM('',(#370),#940,#316);
#104=OVER_RIDING_STYLED_ITEM('',(#371),#941,#316);
#105=OVER_RIDING_STYLED_ITEM('',(#372),#942,#316);
#106=SURFACE_OF_REVOLUTION('',#114,#110);
#107=SURFACE_OF_REVOLUTION('',#115,#111);
#108=SURFACE_OF_REVOLUTION('',#196,#112);
#109=SURFACE_OF_REVOLUTION('',#277,#113);
#110=AXIS1_PLACEMENT('',#2673,#2314);
#111=AXIS1_PLACEMENT('',#2816,#2327);
#112=AXIS1_PLACEMENT('',#4418,#2386);
#113=AXIS1_PLACEMENT('',#10563,#2447);
#114=B_SPLINE_CURVE_WITH_KNOTS('',6,(#2666,#2667,#2668,#2669,#2670,#2671,
#2672),.UNSPECIFIED.,.F.,.F.,(7,7),(0.,1.),.UNSPECIFIED.);
#115=B_SPLINE_CURVE_WITH_KNOTS('',3,(#2810,#2811,#2812,#2813,#2814,#2815),
 .UNSPECIFIED.,.F.,.F.,(4,1,1,4),(0.,0.423291593950045,0.680723807758687,
1.),.UNSPECIFIED.);
#116=B_SPLINE_CURVE_WITH_KNOTS('',3,(#2820,#2821,#2822,#2823,#2824,#2825,
#2826,#2827,#2828,#2829),.UNSPECIFIED.,.F.,.F.,(4,2,2,2,4),(0.,0.25,0.5,
0.75,1.),.UNSPECIFIED.);
#117=B_SPLINE_CURVE_WITH_KNOTS('',3,(#2833,#2834,#2835,#2836,#2837,#2838),
 .UNSPECIFIED.,.F.,.F.,(4,2,4),(0.,0.5,1.),.UNSPECIFIED.);
#118=B_SPLINE_CURVE_WITH_KNOTS('',3,(#2855,#2856,#2857,#2858,#2859,#2860,
#2861,#2862,#2863,#2864,#2865,#2866,#2867,#2868,#2869,#2870,#2871,#2872,
#2873,#2874,#2875,#2876,#2877,#2878,#2879,#2880,#2881,#2882),
 .UNSPECIFIED.,.F.,.F.,(4,3,3,3,3,3,3,3,3,4),(0.,0.107124496011624,0.21428196228432,
0.321222631383439,0.431216360127644,0.546402835334963,0.666693617844077,
0.789660620282586,0.911580988753888,1.),.UNSPECIFIED.);
#119=B_SPLINE_CURVE_WITH_KNOTS('',3,(#2884,#2885,#2886,#2887,#2888,#2889,
#2890,#2891,#2892,#2893,#2894,#2895,#2896,#2897,#2898,#2899,#2900,#2901,
#2902,#2903,#2904,#2905,#2906,#2907,#2908,#2909,#2910,#2911),
 .UNSPECIFIED.,.F.,.F.,(4,3,3,3,3,3,3,3,3,4),(0.,0.11446233226154,0.22892666765067,
0.343383049278064,0.458101703749514,0.573234764361398,0.688732344115493,
0.804381105346343,0.919917941972013,1.),.UNSPECIFIED.);
#120=B_SPLINE_CURVE_WITH_KNOTS('',3,(#2913,#2914,#2915,#2916),
 .UNSPECIFIED.,.F.,.F.,(4,4),(0.,1.),.UNSPECIFIED.);
#121=B_SPLINE_CURVE_WITH_KNOTS('',3,(#2918,#2919,#2920,#2921,#2922,#2923,
#2924,#2925,#2926,#2927,#2928,#2929,#2930,#2931,#2932,#2933,#2934,#2935,
#2936,#2937,#2938,#2939,#2940,#2941,#2942,#2943,#2944,#2945),
 .UNSPECIFIED.,.F.,.F.,(4,3,3,3,3,3,3,3,3,4),(0.,0.108419163807007,0.216756044835819,
0.326347289932296,0.43797507815221,0.550959462988802,0.664045439517599,
0.776085453703492,0.886543279781553,1.),.UNSPECIFIED.);
#122=B_SPLINE_CURVE_WITH_KNOTS('',3,(#2947,#2948,#2949,#2950),
 .UNSPECIFIED.,.F.,.F.,(4,4),(0.,1.),.UNSPECIFIED.);
#123=B_SPLINE_CURVE_WITH_KNOTS('',3,(#2952,#2953,#2954,#2955,#2956,#2957,
#2958,#2959,#2960,#2961,#2962,#2963,#2964,#2965,#2966,#2967,#2968,#2969,
#2970,#2971,#2972,#2973,#2974,#2975,#2976,#2977,#2978,#2979),
 .UNSPECIFIED.,.F.,.F.,(4,3,3,3,3,3,3,3,3,4),(0.,0.110303513555819,0.220600577039656,
0.330996175924772,0.441548520926234,0.552202008655145,0.662860896425441,
0.773440731306166,0.883901646386493,1.),.UNSPECIFIED.);
#124=B_SPLINE_CURVE_WITH_KNOTS('',3,(#2981,#2982,#2983,#2984,#2985,#2986,
#2987,#2988,#2989,#2990,#2991,#2992),.UNSPECIFIED.,.F.,.F.,(4,2,2,2,2,4),
(0.,0.25,0.375,0.5,0.75,1.),.UNSPECIFIED.);
#125=B_SPLINE_CURVE_WITH_KNOTS('',3,(#2993,#2994,#2995,#2996,#2997,#2998,
#2999,#3000,#3001,#3002),.UNSPECIFIED.,.F.,.F.,(4,2,2,2,4),(0.,0.25,0.5,
0.75,1.),.UNSPECIFIED.);
#126=B_SPLINE_CURVE_WITH_KNOTS('',3,(#3024,#3025,#3026,#3027,#3028,#3029,
#3030,#3031,#3032,#3033),.UNSPECIFIED.,.F.,.F.,(4,2,2,2,4),(0.,0.25,0.5,
0.75,1.),.UNSPECIFIED.);
#127=B_SPLINE_CURVE_WITH_KNOTS('',3,(#3037,#3038,#3039,#3040,#3041,#3042),
 .UNSPECIFIED.,.F.,.F.,(4,2,4),(0.,0.5,1.),.UNSPECIFIED.);
#128=B_SPLINE_CURVE_WITH_KNOTS('',3,(#3059,#3060,#3061,#3062,#3063,#3064,
#3065,#3066,#3067,#3068,#3069,#3070,#3071,#3072,#3073,#3074,#3075,#3076,
#3077,#3078,#3079,#3080,#3081,#3082,#3083,#3084,#3085,#3086),
 .UNSPECIFIED.,.F.,.F.,(4,3,3,3,3,3,3,3,3,4),(0.,0.107124496011624,0.21428196228432,
0.321222631383439,0.431216360127644,0.546402835334963,0.666693617844077,
0.789660620282586,0.911580988753888,1.),.UNSPECIFIED.);
#129=B_SPLINE_CURVE_WITH_KNOTS('',3,(#3088,#3089,#3090,#3091,#3092,#3093,
#3094,#3095,#3096,#3097,#3098,#3099,#3100,#3101,#3102,#3103,#3104,#3105,
#3106,#3107,#3108,#3109,#3110,#3111,#3112,#3113,#3114,#3115),
 .UNSPECIFIED.,.F.,.F.,(4,3,3,3,3,3,3,3,3,4),(0.,0.11446233226154,0.22892666765067,
0.343383049278065,0.458101703749515,0.573234764361399,0.688732344115494,
0.804381105346344,0.919917941972013,1.),.UNSPECIFIED.);
#130=B_SPLINE_CURVE_WITH_KNOTS('',3,(#3117,#3118,#3119,#3120),
 .UNSPECIFIED.,.F.,.F.,(4,4),(0.,1.),.UNSPECIFIED.);
#131=B_SPLINE_CURVE_WITH_KNOTS('',3,(#3122,#3123,#3124,#3125,#3126,#3127,
#3128,#3129,#3130,#3131,#3132,#3133,#3134,#3135,#3136,#3137,#3138,#3139,
#3140,#3141,#3142,#3143,#3144,#3145,#3146,#3147,#3148,#3149),
 .UNSPECIFIED.,.F.,.F.,(4,3,3,3,3,3,3,3,3,4),(0.,0.108419163807007,0.216756044835819,
0.326347289932296,0.43797507815221,0.550959462988803,0.664045439517599,
0.776085453703492,0.886543279781553,1.),.UNSPECIFIED.);
#132=B_SPLINE_CURVE_WITH_KNOTS('',3,(#3151,#3152,#3153,#3154),
 .UNSPECIFIED.,.F.,.F.,(4,4),(0.,1.),.UNSPECIFIED.);
#133=B_SPLINE_CURVE_WITH_KNOTS('',3,(#3156,#3157,#3158,#3159,#3160,#3161,
#3162,#3163,#3164,#3165,#3166,#3167,#3168,#3169,#3170,#3171,#3172,#3173,
#3174,#3175,#3176,#3177,#3178,#3179,#3180,#3181,#3182,#3183),
 .UNSPECIFIED.,.F.,.F.,(4,3,3,3,3,3,3,3,3,4),(0.,0.110303513555819,0.220600577039656,
0.330996175924772,0.441548520926233,0.552202008655145,0.662860896425441,
0.773440731306166,0.883901646386493,1.),.UNSPECIFIED.);
#134=B_SPLINE_CURVE_WITH_KNOTS('',3,(#3185,#3186,#3187,#3188,#3189,#3190,
#3191,#3192,#3193,#3194,#3195,#3196),.UNSPECIFIED.,.F.,.F.,(4,2,2,2,2,4),
(0.,0.25,0.375,0.5,0.75,1.),.UNSPECIFIED.);
#135=B_SPLINE_CURVE_WITH_KNOTS('',3,(#3197,#3198,#3199,#3200,#3201,#3202,
#3203,#3204,#3205,#3206),.UNSPECIFIED.,.F.,.F.,(4,2,2,2,4),(0.,0.25,0.5,
0.75,1.),.UNSPECIFIED.);
#136=B_SPLINE_CURVE_WITH_KNOTS('',3,(#3228,#3229,#3230,#3231,#3232,#3233,
#3234,#3235,#3236,#3237),.UNSPECIFIED.,.F.,.F.,(4,2,2,2,4),(0.,0.25,0.5,
0.75,1.),.UNSPECIFIED.);
#137=B_SPLINE_CURVE_WITH_KNOTS('',3,(#3241,#3242,#3243,#3244,#3245,#3246),
 .UNSPECIFIED.,.F.,.F.,(4,2,4),(0.,0.5,1.),.UNSPECIFIED.);
#138=B_SPLINE_CURVE_WITH_KNOTS('',3,(#3263,#3264,#3265,#3266,#3267,#3268,
#3269,#3270,#3271,#3272,#3273,#3274,#3275,#3276,#3277,#3278,#3279,#3280,
#3281,#3282,#3283,#3284,#3285,#3286,#3287,#3288,#3289,#3290),
 .UNSPECIFIED.,.F.,.F.,(4,3,3,3,3,3,3,3,3,4),(0.,0.107124496011624,0.21428196228432,
0.321222631383438,0.431216360127644,0.546402835334963,0.666693617844078,
0.789660620282586,0.911580988753888,1.),.UNSPECIFIED.);
#139=B_SPLINE_CURVE_WITH_KNOTS('',3,(#3292,#3293,#3294,#3295,#3296,#3297,
#3298,#3299,#3300,#3301,#3302,#3303,#3304,#3305,#3306,#3307,#3308,#3309,
#3310,#3311,#3312,#3313,#3314,#3315,#3316,#3317,#3318,#3319),
 .UNSPECIFIED.,.F.,.F.,(4,3,3,3,3,3,3,3,3,4),(0.,0.11446233226154,0.228926667650669,
0.343383049278064,0.458101703749514,0.573234764361398,0.688732344115493,
0.804381105346343,0.919917941972013,1.),.UNSPECIFIED.);
#140=B_SPLINE_CURVE_WITH_KNOTS('',3,(#3321,#3322,#3323,#3324),
 .UNSPECIFIED.,.F.,.F.,(4,4),(0.,1.),.UNSPECIFIED.);
#141=B_SPLINE_CURVE_WITH_KNOTS('',3,(#3326,#3327,#3328,#3329,#3330,#3331,
#3332,#3333,#3334,#3335,#3336,#3337,#3338,#3339,#3340,#3341,#3342,#3343,
#3344,#3345,#3346,#3347,#3348,#3349,#3350,#3351,#3352,#3353),
 .UNSPECIFIED.,.F.,.F.,(4,3,3,3,3,3,3,3,3,4),(0.,0.108419163807007,0.216756044835819,
0.326347289932296,0.43797507815221,0.550959462988802,0.664045439517598,
0.776085453703491,0.886543279781553,1.),.UNSPECIFIED.);
#142=B_SPLINE_CURVE_WITH_KNOTS('',3,(#3355,#3356,#3357,#3358),
 .UNSPECIFIED.,.F.,.F.,(4,4),(0.,1.),.UNSPECIFIED.);
#143=B_SPLINE_CURVE_WITH_KNOTS('',3,(#3360,#3361,#3362,#3363,#3364,#3365,
#3366,#3367,#3368,#3369,#3370,#3371,#3372,#3373,#3374,#3375,#3376,#3377,
#3378,#3379,#3380,#3381,#3382,#3383,#3384,#3385,#3386,#3387),
 .UNSPECIFIED.,.F.,.F.,(4,3,3,3,3,3,3,3,3,4),(0.,0.110303513555819,0.220600577039656,
0.330996175924772,0.441548520926233,0.552202008655144,0.662860896425441,
0.773440731306166,0.883901646386493,1.),.UNSPECIFIED.);
#144=B_SPLINE_CURVE_WITH_KNOTS('',3,(#3389,#3390,#3391,#3392,#3393,#3394,
#3395,#3396,#3397,#3398,#3399,#3400),.UNSPECIFIED.,.F.,.F.,(4,2,2,2,2,4),
(0.,0.25,0.375,0.5,0.75,1.),.UNSPECIFIED.);
#145=B_SPLINE_CURVE_WITH_KNOTS('',3,(#3401,#3402,#3403,#3404,#3405,#3406,
#3407,#3408,#3409,#3410),.UNSPECIFIED.,.F.,.F.,(4,2,2,2,4),(0.,0.25,0.5,
0.75,1.),.UNSPECIFIED.);
#146=B_SPLINE_CURVE_WITH_KNOTS('',3,(#3432,#3433,#3434,#3435,#3436,#3437,
#3438,#3439,#3440,#3441),.UNSPECIFIED.,.F.,.F.,(4,2,2,2,4),(0.,0.25,0.5,
0.75,1.),.UNSPECIFIED.);
#147=B_SPLINE_CURVE_WITH_KNOTS('',3,(#3445,#3446,#3447,#3448,#3449,#3450),
 .UNSPECIFIED.,.F.,.F.,(4,2,4),(0.,0.5,1.),.UNSPECIFIED.);
#148=B_SPLINE_CURVE_WITH_KNOTS('',3,(#3467,#3468,#3469,#3470,#3471,#3472,
#3473,#3474,#3475,#3476,#3477,#3478,#3479,#3480,#3481,#3482,#3483,#3484,
#3485,#3486,#3487,#3488,#3489,#3490,#3491,#3492,#3493,#3494),
 .UNSPECIFIED.,.F.,.F.,(4,3,3,3,3,3,3,3,3,4),(0.,0.107124496011624,0.214281962284321,
0.321222631383439,0.431216360127645,0.546402835334964,0.666693617844077,
0.789660620282586,0.911580988753888,1.),.UNSPECIFIED.);
#149=B_SPLINE_CURVE_WITH_KNOTS('',3,(#3496,#3497,#3498,#3499,#3500,#3501,
#3502,#3503,#3504,#3505,#3506,#3507,#3508,#3509,#3510,#3511,#3512,#3513,
#3514,#3515,#3516,#3517,#3518,#3519,#3520,#3521,#3522,#3523),
 .UNSPECIFIED.,.F.,.F.,(4,3,3,3,3,3,3,3,3,4),(0.,0.11446233226154,0.22892666765067,
0.343383049278065,0.458101703749514,0.573234764361399,0.688732344115493,
0.804381105346344,0.919917941972013,1.),.UNSPECIFIED.);
#150=B_SPLINE_CURVE_WITH_KNOTS('',3,(#3525,#3526,#3527,#3528),
 .UNSPECIFIED.,.F.,.F.,(4,4),(0.,1.),.UNSPECIFIED.);
#151=B_SPLINE_CURVE_WITH_KNOTS('',3,(#3530,#3531,#3532,#3533,#3534,#3535,
#3536,#3537,#3538,#3539,#3540,#3541,#3542,#3543,#3544,#3545,#3546,#3547,
#3548,#3549,#3550,#3551,#3552,#3553,#3554,#3555,#3556,#3557),
 .UNSPECIFIED.,.F.,.F.,(4,3,3,3,3,3,3,3,3,4),(0.,0.108419163807007,0.216756044835819,
0.326347289932296,0.43797507815221,0.550959462988803,0.664045439517599,
0.776085453703492,0.886543279781553,1.),.UNSPECIFIED.);
#152=B_SPLINE_CURVE_WITH_KNOTS('',3,(#3559,#3560,#3561,#3562),
 .UNSPECIFIED.,.F.,.F.,(4,4),(0.,1.),.UNSPECIFIED.);
#153=B_SPLINE_CURVE_WITH_KNOTS('',3,(#3564,#3565,#3566,#3567,#3568,#3569,
#3570,#3571,#3572,#3573,#3574,#3575,#3576,#3577,#3578,#3579,#3580,#3581,
#3582,#3583,#3584,#3585,#3586,#3587,#3588,#3589,#3590,#3591),
 .UNSPECIFIED.,.F.,.F.,(4,3,3,3,3,3,3,3,3,4),(0.,0.110303513555819,0.220600577039656,
0.330996175924772,0.441548520926234,0.552202008655145,0.662860896425441,
0.773440731306166,0.883901646386493,1.),.UNSPECIFIED.);
#154=B_SPLINE_CURVE_WITH_KNOTS('',3,(#3593,#3594,#3595,#3596,#3597,#3598,
#3599,#3600,#3601,#3602,#3603,#3604),.UNSPECIFIED.,.F.,.F.,(4,2,2,2,2,4),
(0.,0.25,0.375,0.5,0.75,1.),.UNSPECIFIED.);
#155=B_SPLINE_CURVE_WITH_KNOTS('',3,(#3605,#3606,#3607,#3608,#3609,#3610,
#3611,#3612,#3613,#3614),.UNSPECIFIED.,.F.,.F.,(4,2,2,2,4),(0.,0.25,0.5,
0.75,1.),.UNSPECIFIED.);
#156=B_SPLINE_CURVE_WITH_KNOTS('',3,(#3637,#3638,#3639,#3640,#3641,#3642),
 .UNSPECIFIED.,.F.,.F.,(4,2,4),(0.,0.5,1.),.UNSPECIFIED.);
#157=B_SPLINE_CURVE_WITH_KNOTS('',3,(#3645,#3646,#3647,#3648,#3649,#3650,
#3651,#3652,#3653,#3654,#3655,#3656,#3657,#3658,#3659,#3660,#3661,#3662,
#3663,#3664,#3665,#3666,#3667,#3668,#3669,#3670,#3671,#3672),
 .UNSPECIFIED.,.F.,.F.,(4,3,3,3,3,3,3,3,3,4),(0.,0.124161702501888,0.247990759331394,
0.377121035820306,0.507037812568265,0.631005569185424,0.745116905502895,
0.850771391094228,0.953058826742753,1.),.UNSPECIFIED.);
#158=B_SPLINE_CURVE_WITH_KNOTS('',3,(#3674,#3675,#3676,#3677,#3678,#3679,
#3680,#3681),.UNSPECIFIED.,.F.,.F.,(4,2,2,4),(0.,0.25,0.5,1.),
 .UNSPECIFIED.);
#159=B_SPLINE_CURVE_WITH_KNOTS('',3,(#3683,#3684,#3685,#3686,#3687,#3688,
#3689,#3690,#3691,#3692,#3693,#3694,#3695,#3696,#3697,#3698,#3699,#3700,
#3701,#3702,#3703,#3704,#3705,#3706,#3707,#3708,#3709,#3710),
 .UNSPECIFIED.,.F.,.F.,(4,3,3,3,3,3,3,3,3,4),(0.,0.110370321562801,0.221054800382067,
0.327909799258034,0.435051618097562,0.548161376827303,0.670952801088551,
0.804291503878867,0.944958527051926,1.),.UNSPECIFIED.);
#160=B_SPLINE_CURVE_WITH_KNOTS('',3,(#3711,#3712,#3713,#3714,#3715,#3716),
 .UNSPECIFIED.,.F.,.F.,(4,2,4),(0.,0.5,1.),.UNSPECIFIED.);
#161=B_SPLINE_CURVE_WITH_KNOTS('',3,(#3719,#3720,#3721,#3722,#3723,#3724,
#3725,#3726,#3727,#3728,#3729,#3730,#3731,#3732,#3733,#3734,#3735,#3736,
#3737,#3738,#3739,#3740,#3741,#3742,#3743,#3744,#3745,#3746),
 .UNSPECIFIED.,.F.,.F.,(4,3,3,3,3,3,3,3,3,4),(0.,0.124161702501887,0.247990759331388,
0.377121035820304,0.507037812568261,0.631005569185422,0.745116905502896,
0.850771391094225,0.95305882674275,1.),.UNSPECIFIED.);
#162=B_SPLINE_CURVE_WITH_KNOTS('',3,(#3748,#3749,#3750,#3751,#3752,#3753,
#3754,#3755),.UNSPECIFIED.,.F.,.F.,(4,2,2,4),(0.,0.25,0.5,1.),
 .UNSPECIFIED.);
#163=B_SPLINE_CURVE_WITH_KNOTS('',3,(#3757,#3758,#3759,#3760,#3761,#3762,
#3763,#3764,#3765,#3766,#3767,#3768,#3769,#3770,#3771,#3772,#3773,#3774,
#3775,#3776,#3777,#3778,#3779,#3780,#3781,#3782,#3783,#3784),
 .UNSPECIFIED.,.F.,.F.,(4,3,3,3,3,3,3,3,3,4),(0.,0.110370321562793,0.221054800382051,
0.327909799258017,0.435051618097543,0.548161376827281,0.670952801088532,
0.804291503878849,0.944958527051921,1.),.UNSPECIFIED.);
#164=B_SPLINE_CURVE_WITH_KNOTS('',3,(#3785,#3786,#3787,#3788,#3789,#3790),
 .UNSPECIFIED.,.F.,.F.,(4,2,4),(0.,0.5,1.),.UNSPECIFIED.);
#165=B_SPLINE_CURVE_WITH_KNOTS('',3,(#3793,#3794,#3795,#3796,#3797,#3798,
#3799,#3800,#3801,#3802,#3803,#3804,#3805,#3806,#3807,#3808,#3809,#3810,
#3811,#3812,#3813,#3814,#3815,#3816,#3817,#3818,#3819,#3820),
 .UNSPECIFIED.,.F.,.F.,(4,3,3,3,3,3,3,3,3,4),(0.,0.124161702501888,0.247990759331392,
0.377121035820306,0.507037812568267,0.631005569185424,0.745116905502896,
0.850771391094228,0.953058826742753,1.),.UNSPECIFIED.);
#166=B_SPLINE_CURVE_WITH_KNOTS('',3,(#3822,#3823,#3824,#3825,#3826,#3827,
#3828,#3829),.UNSPECIFIED.,.F.,.F.,(4,2,2,4),(0.,0.25,0.5,1.),
 .UNSPECIFIED.);
#167=B_SPLINE_CURVE_WITH_KNOTS('',3,(#3831,#3832,#3833,#3834,#3835,#3836,
#3837,#3838,#3839,#3840,#3841,#3842,#3843,#3844,#3845,#3846,#3847,#3848,
#3849,#3850,#3851,#3852,#3853,#3854,#3855,#3856,#3857,#3858),
 .UNSPECIFIED.,.F.,.F.,(4,3,3,3,3,3,3,3,3,4),(0.,0.110370321562801,0.221054800382065,
0.327909799258031,0.435051618097563,0.548161376827303,0.670952801088557,
0.804291503878878,0.944958527051951,1.),.UNSPECIFIED.);
#168=B_SPLINE_CURVE_WITH_KNOTS('',3,(#3859,#3860,#3861,#3862,#3863,#3864),
 .UNSPECIFIED.,.F.,.F.,(4,2,4),(0.,0.5,1.),.UNSPECIFIED.);
#169=B_SPLINE_CURVE_WITH_KNOTS('',3,(#3867,#3868,#3869,#3870,#3871,#3872,
#3873,#3874,#3875,#3876,#3877,#3878,#3879,#3880,#3881,#3882,#3883,#3884,
#3885,#3886,#3887,#3888,#3889,#3890,#3891,#3892,#3893,#3894),
 .UNSPECIFIED.,.F.,.F.,(4,3,3,3,3,3,3,3,3,4),(0.,0.124161702501883,0.247990759331386,
0.377121035820297,0.507037812568255,0.631005569185421,0.745116905502896,
0.850771391094228,0.953058826742751,1.),.UNSPECIFIED.);
#170=B_SPLINE_CURVE_WITH_KNOTS('',3,(#3896,#3897,#3898,#3899,#3900,#3901,
#3902,#3903),.UNSPECIFIED.,.F.,.F.,(4,2,2,4),(0.,0.25,0.5,1.),
 .UNSPECIFIED.);
#171=B_SPLINE_CURVE_WITH_KNOTS('',3,(#3905,#3906,#3907,#3908,#3909,#3910,
#3911,#3912,#3913,#3914,#3915,#3916,#3917,#3918,#3919,#3920,#3921,#3922,
#3923,#3924,#3925,#3926,#3927,#3928,#3929,#3930,#3931,#3932),
 .UNSPECIFIED.,.F.,.F.,(4,3,3,3,3,3,3,3,3,4),(0.,0.110370321562796,0.221054800382054,
0.327909799258019,0.435051618097549,0.548161376827288,0.670952801088541,
0.804291503878861,0.944958527051938,1.),.UNSPECIFIED.);
#172=B_SPLINE_CURVE_WITH_KNOTS('',3,(#3933,#3934,#3935,#3936,#3937,#3938),
 .UNSPECIFIED.,.F.,.F.,(4,2,4),(0.,0.5,1.),.UNSPECIFIED.);
#173=B_SPLINE_CURVE_WITH_KNOTS('',3,(#3941,#3942,#3943,#3944,#3945,#3946,
#3947,#3948,#3949,#3950,#3951,#3952,#3953,#3954,#3955,#3956,#3957,#3958,
#3959,#3960,#3961,#3962,#3963,#3964,#3965,#3966,#3967,#3968),
 .UNSPECIFIED.,.F.,.F.,(4,3,3,3,3,3,3,3,3,4),(0.,0.12416170250189,0.247990759331395,
0.377121035820307,0.507037812568267,0.631005569185424,0.745116905502897,
0.850771391094228,0.953058826742752,1.),.UNSPECIFIED.);
#174=B_SPLINE_CURVE_WITH_KNOTS('',3,(#3970,#3971,#3972,#3973,#3974,#3975,
#3976,#3977),.UNSPECIFIED.,.F.,.F.,(4,2,2,4),(0.,0.25,0.5,1.),
 .UNSPECIFIED.);
#175=B_SPLINE_CURVE_WITH_KNOTS('',3,(#3979,#3980,#3981,#3982,#3983,#3984,
#3985,#3986,#3987,#3988,#3989,#3990,#3991,#3992,#3993,#3994,#3995,#3996,
#3997,#3998,#3999,#4000,#4001,#4002,#4003,#4004,#4005,#4006),
 .UNSPECIFIED.,.F.,.F.,(4,3,3,3,3,3,3,3,3,4),(0.,0.110370321562791,0.221054800382048,
0.32790979925801,0.435051618097534,0.548161376827268,0.670952801088516,
0.80429150387883,0.944958527051894,1.),.UNSPECIFIED.);
#176=B_SPLINE_CURVE_WITH_KNOTS('',3,(#4007,#4008,#4009,#4010,#4011,#4012),
 .UNSPECIFIED.,.F.,.F.,(4,2,4),(0.,0.5,1.),.UNSPECIFIED.);
#177=B_SPLINE_CURVE_WITH_KNOTS('',3,(#4015,#4016,#4017,#4018,#4019,#4020,
#4021,#4022,#4023,#4024,#4025,#4026,#4027,#4028,#4029,#4030,#4031,#4032,
#4033,#4034,#4035,#4036,#4037,#4038,#4039,#4040,#4041,#4042),
 .UNSPECIFIED.,.F.,.F.,(4,3,3,3,3,3,3,3,3,4),(0.,0.124161702501894,0.247990759331398,
0.377121035820314,0.507037812568278,0.631005569185437,0.745116905502908,
0.850771391094239,0.953058826742759,1.),.UNSPECIFIED.);
#178=B_SPLINE_CURVE_WITH_KNOTS('',3,(#4044,#4045,#4046,#4047,#4048,#4049,
#4050,#4051),.UNSPECIFIED.,.F.,.F.,(4,2,2,4),(0.,0.25,0.5,1.),
 .UNSPECIFIED.);
#179=B_SPLINE_CURVE_WITH_KNOTS('',3,(#4053,#4054,#4055,#4056,#4057,#4058,
#4059,#4060,#4061,#4062,#4063,#4064,#4065,#4066,#4067,#4068,#4069,#4070,
#4071,#4072,#4073,#4074,#4075,#4076,#4077,#4078,#4079,#4080),
 .UNSPECIFIED.,.F.,.F.,(4,3,3,3,3,3,3,3,3,4),(0.,0.110370321562794,0.221054800382051,
0.327909799258018,0.435051618097545,0.548161376827286,0.670952801088538,
0.80429150387886,0.944958527051932,1.),.UNSPECIFIED.);
#180=B_SPLINE_CURVE_WITH_KNOTS('',3,(#4081,#4082,#4083,#4084,#4085,#4086),
 .UNSPECIFIED.,.F.,.F.,(4,2,4),(0.,0.5,1.),.UNSPECIFIED.);
#181=B_SPLINE_CURVE_WITH_KNOTS('',3,(#4089,#4090,#4091,#4092,#4093,#4094,
#4095,#4096,#4097,#4098,#4099,#4100,#4101,#4102,#4103,#4104,#4105,#4106,
#4107,#4108,#4109,#4110,#4111,#4112,#4113,#4114,#4115,#4116),
 .UNSPECIFIED.,.F.,.F.,(4,3,3,3,3,3,3,3,3,4),(0.,0.124161702501892,0.247990759331396,
0.377121035820308,0.507037812568269,0.631005569185425,0.745116905502902,
0.850771391094229,0.953058826742754,1.),.UNSPECIFIED.);
#182=B_SPLINE_CURVE_WITH_KNOTS('',3,(#4118,#4119,#4120,#4121,#4122,#4123,
#4124,#4125),.UNSPECIFIED.,.F.,.F.,(4,2,2,4),(0.,0.25,0.5,1.),
 .UNSPECIFIED.);
#183=B_SPLINE_CURVE_WITH_KNOTS('',3,(#4127,#4128,#4129,#4130,#4131,#4132,
#4133,#4134,#4135,#4136,#4137,#4138,#4139,#4140,#4141,#4142,#4143,#4144,
#4145,#4146,#4147,#4148,#4149,#4150,#4151,#4152,#4153,#4154),
 .UNSPECIFIED.,.F.,.F.,(4,3,3,3,3,3,3,3,3,4),(0.,0.110370321562795,0.221054800382057,
0.327909799258027,0.435051618097557,0.548161376827298,0.670952801088551,
0.804291503878871,0.944958527051941,1.),.UNSPECIFIED.);
#184=B_SPLINE_CURVE_WITH_KNOTS('',3,(#4155,#4156,#4157,#4158,#4159,#4160),
 .UNSPECIFIED.,.F.,.F.,(4,2,4),(0.,0.5,1.),.UNSPECIFIED.);
#185=B_SPLINE_CURVE_WITH_KNOTS('',3,(#4163,#4164,#4165,#4166,#4167,#4168,
#4169,#4170,#4171,#4172,#4173,#4174,#4175,#4176,#4177,#4178,#4179,#4180,
#4181,#4182,#4183,#4184,#4185,#4186,#4187,#4188,#4189,#4190),
 .UNSPECIFIED.,.F.,.F.,(4,3,3,3,3,3,3,3,3,4),(0.,0.12416170250189,0.247990759331395,
0.37712103582031,0.507037812568268,0.631005569185426,0.7451169055029,0.850771391094231,
0.953058826742755,1.),.UNSPECIFIED.);
#186=B_SPLINE_CURVE_WITH_KNOTS('',3,(#4192,#4193,#4194,#4195,#4196,#4197,
#4198,#4199),.UNSPECIFIED.,.F.,.F.,(4,2,2,4),(0.,0.25,0.5,1.),
 .UNSPECIFIED.);
#187=B_SPLINE_CURVE_WITH_KNOTS('',3,(#4201,#4202,#4203,#4204,#4205,#4206,
#4207,#4208,#4209,#4210,#4211,#4212,#4213,#4214,#4215,#4216,#4217,#4218,
#4219,#4220,#4221,#4222,#4223,#4224,#4225,#4226,#4227,#4228),
 .UNSPECIFIED.,.F.,.F.,(4,3,3,3,3,3,3,3,3,4),(0.,0.1103703215628,0.221054800382061,
0.327909799258028,0.435051618097554,0.548161376827293,0.670952801088542,
0.804291503878857,0.944958527051922,1.),.UNSPECIFIED.);
#188=B_SPLINE_CURVE_WITH_KNOTS('',3,(#4229,#4230,#4231,#4232,#4233,#4234),
 .UNSPECIFIED.,.F.,.F.,(4,2,4),(0.,0.5,1.),.UNSPECIFIED.);
#189=B_SPLINE_CURVE_WITH_KNOTS('',3,(#4237,#4238,#4239,#4240,#4241,#4242,
#4243,#4244,#4245,#4246,#4247,#4248,#4249,#4250,#4251,#4252,#4253,#4254,
#4255,#4256,#4257,#4258,#4259,#4260,#4261,#4262,#4263,#4264),
 .UNSPECIFIED.,.F.,.F.,(4,3,3,3,3,3,3,3,3,4),(0.,0.124161702501892,0.247990759331397,
0.37712103582031,0.507037812568268,0.631005569185425,0.745116905502894,
0.850771391094227,0.953058826742753,1.),.UNSPECIFIED.);
#190=B_SPLINE_CURVE_WITH_KNOTS('',3,(#4266,#4267,#4268,#4269,#4270,#4271,
#4272,#4273),.UNSPECIFIED.,.F.,.F.,(4,2,2,4),(0.,0.25,0.5,1.),
 .UNSPECIFIED.);
#191=B_SPLINE_CURVE_WITH_KNOTS('',3,(#4275,#4276,#4277,#4278,#4279,#4280,
#4281,#4282,#4283,#4284,#4285,#4286,#4287,#4288,#4289,#4290,#4291,#4292,
#4293,#4294,#4295,#4296,#4297,#4298,#4299,#4300,#4301,#4302),
 .UNSPECIFIED.,.F.,.F.,(4,3,3,3,3,3,3,3,3,4),(0.,0.110370321562795,0.221054800382057,
0.327909799258024,0.435051618097556,0.548161376827296,0.670952801088546,
0.804291503878862,0.944958527051933,1.),.UNSPECIFIED.);
#192=B_SPLINE_CURVE_WITH_KNOTS('',3,(#4303,#4304,#4305,#4306,#4307,#4308),
 .UNSPECIFIED.,.F.,.F.,(4,2,4),(0.,0.5,1.),.UNSPECIFIED.);
#193=B_SPLINE_CURVE_WITH_KNOTS('',3,(#4311,#4312,#4313,#4314,#4315,#4316,
#4317,#4318,#4319,#4320,#4321,#4322,#4323,#4324,#4325,#4326,#4327,#4328,
#4329,#4330,#4331,#4332,#4333,#4334,#4335,#4336,#4337,#4338),
 .UNSPECIFIED.,.F.,.F.,(4,3,3,3,3,3,3,3,3,4),(0.,0.124161702501889,0.247990759331393,
0.377121035820306,0.507037812568264,0.631005569185421,0.745116905502894,
0.850771391094225,0.953058826742749,1.),.UNSPECIFIED.);
#194=B_SPLINE_CURVE_WITH_KNOTS('',3,(#4340,#4341,#4342,#4343,#4344,#4345,
#4346,#4347),.UNSPECIFIED.,.F.,.F.,(4,2,2,4),(0.,0.25,0.5,1.),
 .UNSPECIFIED.);
#195=B_SPLINE_CURVE_WITH_KNOTS('',3,(#4349,#4350,#4351,#4352,#4353,#4354,
#4355,#4356,#4357,#4358,#4359,#4360,#4361,#4362,#4363,#4364,#4365,#4366,
#4367,#4368,#4369,#4370,#4371,#4372,#4373,#4374,#4375,#4376),
 .UNSPECIFIED.,.F.,.F.,(4,3,3,3,3,3,3,3,3,4),(0.,0.110370321562796,0.221054800382055,
0.327909799258018,0.435051618097543,0.548161376827278,0.670952801088524,
0.804291503878836,0.944958527051902,1.),.UNSPECIFIED.);
#196=B_SPLINE_CURVE_WITH_KNOTS('',2,(#4415,#4416,#4417),.UNSPECIFIED.,.F.,
 .F.,(3,3),(0.,1.),.UNSPECIFIED.);
#197=B_SPLINE_CURVE_WITH_KNOTS('',3,(#4419,#4420,#4421,#4422,#4423,#4424),
 .UNSPECIFIED.,.F.,.F.,(4,2,4),(0.,0.5,1.),.UNSPECIFIED.);
#198=B_SPLINE_CURVE_WITH_KNOTS('',3,(#4427,#4428,#4429,#4430,#4431,#4432,
#4433,#4434,#4435,#4436,#4437,#4438,#4439,#4440,#4441,#4442,#4443,#4444,
#4445,#4446,#4447,#4448,#4449,#4450,#4451,#4452,#4453,#4454),
 .UNSPECIFIED.,.F.,.F.,(4,3,3,3,3,3,3,3,3,4),(0.,0.120054937092136,0.240121609469465,
0.359756782978244,0.475999039461279,0.587587642819237,0.695533542164405,
0.802330433278833,0.910714317148019,1.),.UNSPECIFIED.);
#199=B_SPLINE_CURVE_WITH_KNOTS('',3,(#4456,#4457,#4458,#4459,#4460,#4461),
 .UNSPECIFIED.,.F.,.F.,(4,2,4),(0.,0.5,1.),.UNSPECIFIED.);
#200=B_SPLINE_CURVE_WITH_KNOTS('',3,(#4463,#4464,#4465,#4466,#4467,#4468,
#4469,#4470,#4471,#4472,#4473,#4474,#4475,#4476,#4477,#4478,#4479,#4480,
#4481,#4482,#4483,#4484,#4485,#4486,#4487,#4488,#4489,#4490),
 .UNSPECIFIED.,.F.,.F.,(4,3,3,3,3,3,3,3,3,4),(0.,0.124457354804227,0.2495980272058,
0.364533403061398,0.46941301173469,0.571286121070872,0.67701953440415,0.791676805252238,
0.917736030744667,1.),.UNSPECIFIED.);
#201=B_SPLINE_CURVE_WITH_KNOTS('',3,(#4492,#4493,#4494,#4495,#4496,#4497,
#4498,#4499,#4500,#4501,#4502,#4503,#4504,#4505,#4506,#4507,#4508,#4509,
#4510,#4511),.UNSPECIFIED.,.F.,.F.,(4,2,2,2,2,2,2,2,2,4),(0.,0.25,0.375,
0.4375,0.5,0.5625,0.625,0.75,0.875,1.),.UNSPECIFIED.);
#202=B_SPLINE_CURVE_WITH_KNOTS('',3,(#4512,#4513,#4514,#4515,#4516,#4517,
#4518,#4519,#4520,#4521,#4522,#4523,#4524,#4525,#4526,#4527,#4528,#4529,
#4530,#4531,#4532,#4533),.UNSPECIFIED.,.F.,.F.,(4,2,2,2,2,2,2,2,2,2,4),
(0.,0.125,0.1875,0.25,0.375,0.5,0.562500000000001,0.625000000000001,0.75,
0.875,1.),.UNSPECIFIED.);
#203=B_SPLINE_CURVE_WITH_KNOTS('',3,(#4678,#4679,#4680,#4681,#4682,#4683,
#4684,#4685,#4686,#4687,#4688,#4689,#4690,#4691,#4692,#4693,#4694,#4695,
#4696,#4697),.UNSPECIFIED.,.F.,.F.,(4,2,2,2,2,2,2,2,2,4),(0.,0.125,0.250000000000001,
0.375000000000001,0.437500000000001,0.500000000000001,0.562500000000001,
0.625000000000001,0.750000000000001,1.),.UNSPECIFIED.);
#204=B_SPLINE_CURVE_WITH_KNOTS('',3,(#4698,#4699,#4700,#4701,#4702,#4703,
#4704,#4705,#4706,#4707,#4708,#4709,#4710,#4711,#4712,#4713,#4714,#4715,
#4716,#4717,#4718,#4719),.UNSPECIFIED.,.F.,.F.,(4,2,2,2,2,2,2,2,2,2,4),
(0.,0.125,0.25,0.375,0.4375,0.5,0.625,0.75,0.8125,0.875,1.),
 .UNSPECIFIED.);
#205=B_SPLINE_CURVE_WITH_KNOTS('',3,(#5030,#5031,#5032,#5033,#5034,#5035),
 .UNSPECIFIED.,.F.,.F.,(4,2,4),(0.,0.5,1.),.UNSPECIFIED.);
#206=B_SPLINE_CURVE_WITH_KNOTS('',3,(#5038,#5039,#5040,#5041,#5042,#5043,
#5044,#5045,#5046,#5047,#5048,#5049,#5050,#5051,#5052,#5053,#5054,#5055,
#5056,#5057,#5058,#5059,#5060,#5061,#5062,#5063,#5064,#5065),
 .UNSPECIFIED.,.F.,.F.,(4,3,3,3,3,3,3,3,3,4),(0.,0.120054937092156,0.240121609469492,
0.359756782978273,0.475999039461307,0.587587642819266,0.695533542164424,
0.802330433278848,0.91071431714803,1.),.UNSPECIFIED.);
#207=B_SPLINE_CURVE_WITH_KNOTS('',3,(#5067,#5068,#5069,#5070,#5071,#5072),
 .UNSPECIFIED.,.F.,.F.,(4,2,4),(0.,0.5,1.),.UNSPECIFIED.);
#208=B_SPLINE_CURVE_WITH_KNOTS('',3,(#5074,#5075,#5076,#5077,#5078,#5079,
#5080,#5081,#5082,#5083,#5084,#5085,#5086,#5087,#5088,#5089,#5090,#5091,
#5092,#5093,#5094,#5095,#5096,#5097,#5098,#5099,#5100,#5101),
 .UNSPECIFIED.,.F.,.F.,(4,3,3,3,3,3,3,3,3,4),(0.,0.124457354804221,0.249598027205804,
0.364533403061396,0.469413011734686,0.571286121070876,0.67701953440415,
0.791676805252232,0.917736030744663,1.),.UNSPECIFIED.);
#209=B_SPLINE_CURVE_WITH_KNOTS('',3,(#5103,#5104,#5105,#5106,#5107,#5108,
#5109,#5110,#5111,#5112,#5113,#5114,#5115,#5116,#5117,#5118,#5119,#5120,
#5121,#5122),.UNSPECIFIED.,.F.,.F.,(4,2,2,2,2,2,2,2,2,4),(0.,0.25,0.375,
0.4375,0.5,0.5625,0.625,0.75,0.875,1.),.UNSPECIFIED.);
#210=B_SPLINE_CURVE_WITH_KNOTS('',3,(#5123,#5124,#5125,#5126,#5127,#5128,
#5129,#5130,#5131,#5132,#5133,#5134,#5135,#5136,#5137,#5138,#5139,#5140,
#5141,#5142,#5143,#5144),.UNSPECIFIED.,.F.,.F.,(4,2,2,2,2,2,2,2,2,2,4),
(0.,0.125,0.1875,0.25,0.375,0.5,0.5625,0.624999999999999,0.75,0.875,1.),
 .UNSPECIFIED.);
#211=B_SPLINE_CURVE_WITH_KNOTS('',3,(#5289,#5290,#5291,#5292,#5293,#5294,
#5295,#5296,#5297,#5298,#5299,#5300,#5301,#5302,#5303,#5304,#5305,#5306,
#5307,#5308),.UNSPECIFIED.,.F.,.F.,(4,2,2,2,2,2,2,2,2,4),(0.,0.125,0.25,
0.375,0.4375,0.499999999999999,0.562499999999999,0.624999999999999,0.749999999999999,
1.),.UNSPECIFIED.);
#212=B_SPLINE_CURVE_WITH_KNOTS('',3,(#5309,#5310,#5311,#5312,#5313,#5314,
#5315,#5316,#5317,#5318,#5319,#5320,#5321,#5322,#5323,#5324,#5325,#5326,
#5327,#5328,#5329,#5330),.UNSPECIFIED.,.F.,.F.,(4,2,2,2,2,2,2,2,2,2,4),
(0.,0.125,0.250000000000001,0.375000000000001,0.437500000000001,0.500000000000001,
0.625000000000001,0.750000000000001,0.812500000000001,0.875,1.),
 .UNSPECIFIED.);
#213=B_SPLINE_CURVE_WITH_KNOTS('',3,(#5641,#5642,#5643,#5644,#5645,#5646),
 .UNSPECIFIED.,.F.,.F.,(4,2,4),(0.,0.5,1.),.UNSPECIFIED.);
#214=B_SPLINE_CURVE_WITH_KNOTS('',3,(#5649,#5650,#5651,#5652,#5653,#5654,
#5655,#5656,#5657,#5658,#5659,#5660,#5661,#5662,#5663,#5664,#5665,#5666,
#5667,#5668,#5669,#5670,#5671,#5672,#5673,#5674,#5675,#5676),
 .UNSPECIFIED.,.F.,.F.,(4,3,3,3,3,3,3,3,3,4),(0.,0.120054937092124,0.240121609469455,
0.359756782978231,0.475999039461272,0.587587642819233,0.695533542164402,
0.802330433278832,0.910714317148021,1.),.UNSPECIFIED.);
#215=B_SPLINE_CURVE_WITH_KNOTS('',3,(#5678,#5679,#5680,#5681,#5682,#5683),
 .UNSPECIFIED.,.F.,.F.,(4,2,4),(0.,0.5,1.),.UNSPECIFIED.);
#216=B_SPLINE_CURVE_WITH_KNOTS('',3,(#5685,#5686,#5687,#5688,#5689,#5690,
#5691,#5692,#5693,#5694,#5695,#5696,#5697,#5698,#5699,#5700,#5701,#5702,
#5703,#5704,#5705,#5706,#5707,#5708,#5709,#5710,#5711,#5712),
 .UNSPECIFIED.,.F.,.F.,(4,3,3,3,3,3,3,3,3,4),(0.,0.124457354804228,0.249598027205821,
0.364533403061425,0.469413011734713,0.571286121070899,0.677019534404167,
0.791676805252252,0.917736030744675,1.),.UNSPECIFIED.);
#217=B_SPLINE_CURVE_WITH_KNOTS('',3,(#5714,#5715,#5716,#5717,#5718,#5719,
#5720,#5721,#5722,#5723,#5724,#5725,#5726,#5727,#5728,#5729,#5730,#5731,
#5732,#5733),.UNSPECIFIED.,.F.,.F.,(4,2,2,2,2,2,2,2,2,4),(0.,0.249999999999999,
0.374999999999999,0.437499999999999,0.499999999999999,0.562499999999999,
0.624999999999999,0.749999999999999,0.875,1.),.UNSPECIFIED.);
#218=B_SPLINE_CURVE_WITH_KNOTS('',3,(#5734,#5735,#5736,#5737,#5738,#5739,
#5740,#5741,#5742,#5743,#5744,#5745,#5746,#5747,#5748,#5749,#5750,#5751,
#5752,#5753,#5754,#5755),.UNSPECIFIED.,.F.,.F.,(4,2,2,2,2,2,2,2,2,2,4),
(0.,0.125,0.1875,0.25,0.375,0.5,0.5625,0.625,0.75,0.875,1.),
 .UNSPECIFIED.);
#219=B_SPLINE_CURVE_WITH_KNOTS('',3,(#5900,#5901,#5902,#5903,#5904,#5905,
#5906,#5907,#5908,#5909,#5910,#5911,#5912,#5913,#5914,#5915,#5916,#5917,
#5918,#5919),.UNSPECIFIED.,.F.,.F.,(4,2,2,2,2,2,2,2,2,4),(0.,0.124999999999999,
0.249999999999999,0.374999999999998,0.437499999999998,0.499999999999998,
0.562499999999998,0.624999999999998,0.749999999999999,1.),.UNSPECIFIED.);
#220=B_SPLINE_CURVE_WITH_KNOTS('',3,(#5920,#5921,#5922,#5923,#5924,#5925,
#5926,#5927,#5928,#5929,#5930,#5931,#5932,#5933,#5934,#5935,#5936,#5937,
#5938,#5939,#5940,#5941),.UNSPECIFIED.,.F.,.F.,(4,2,2,2,2,2,2,2,2,2,4),
(0.,0.125,0.25,0.375,0.4375,0.5,0.625,0.75,0.8125,0.875,1.),
 .UNSPECIFIED.);
#221=B_SPLINE_CURVE_WITH_KNOTS('',3,(#6252,#6253,#6254,#6255,#6256,#6257),
 .UNSPECIFIED.,.F.,.F.,(4,2,4),(0.,0.5,1.),.UNSPECIFIED.);
#222=B_SPLINE_CURVE_WITH_KNOTS('',3,(#6260,#6261,#6262,#6263,#6264,#6265,
#6266,#6267,#6268,#6269,#6270,#6271,#6272,#6273,#6274,#6275,#6276,#6277,
#6278,#6279,#6280,#6281,#6282,#6283,#6284,#6285,#6286,#6287),
 .UNSPECIFIED.,.F.,.F.,(4,3,3,3,3,3,3,3,3,4),(0.,0.120054937092111,0.240121609469436,
0.359756782978216,0.47599903946126,0.587587642819227,0.695533542164389,
0.802330433278831,0.910714317148027,1.),.UNSPECIFIED.);
#223=B_SPLINE_CURVE_WITH_KNOTS('',3,(#6289,#6290,#6291,#6292,#6293,#6294),
 .UNSPECIFIED.,.F.,.F.,(4,2,4),(0.,0.5,1.),.UNSPECIFIED.);
#224=B_SPLINE_CURVE_WITH_KNOTS('',3,(#6296,#6297,#6298,#6299,#6300,#6301,
#6302,#6303,#6304,#6305,#6306,#6307,#6308,#6309,#6310,#6311,#6312,#6313,
#6314,#6315,#6316,#6317,#6318,#6319,#6320,#6321,#6322,#6323),
 .UNSPECIFIED.,.F.,.F.,(4,3,3,3,3,3,3,3,3,4),(0.,0.124457354804226,0.24959802720581,
0.364533403061402,0.469413011734692,0.571286121070877,0.67701953440415,
0.791676805252225,0.91773603074466,1.),.UNSPECIFIED.);
#225=B_SPLINE_CURVE_WITH_KNOTS('',3,(#6325,#6326,#6327,#6328,#6329,#6330,
#6331,#6332,#6333,#6334,#6335,#6336,#6337,#6338,#6339,#6340,#6341,#6342,
#6343,#6344),.UNSPECIFIED.,.F.,.F.,(4,2,2,2,2,2,2,2,2,4),(0.,0.25,0.375,
0.4375,0.5,0.5625,0.625,0.75,0.875,1.),.UNSPECIFIED.);
#226=B_SPLINE_CURVE_WITH_KNOTS('',3,(#6345,#6346,#6347,#6348,#6349,#6350,
#6351,#6352,#6353,#6354,#6355,#6356,#6357,#6358,#6359,#6360,#6361,#6362,
#6363,#6364,#6365,#6366),.UNSPECIFIED.,.F.,.F.,(4,2,2,2,2,2,2,2,2,2,4),
(0.,0.125,0.1875,0.25,0.375,0.5,0.5625,0.625,0.75,0.875,1.),
 .UNSPECIFIED.);
#227=B_SPLINE_CURVE_WITH_KNOTS('',3,(#6511,#6512,#6513,#6514,#6515,#6516,
#6517,#6518,#6519,#6520,#6521,#6522,#6523,#6524,#6525,#6526,#6527,#6528,
#6529,#6530),.UNSPECIFIED.,.F.,.F.,(4,2,2,2,2,2,2,2,2,4),(0.,0.125,0.25,
0.375,0.4375,0.5,0.5625,0.625,0.75,1.),.UNSPECIFIED.);
#228=B_SPLINE_CURVE_WITH_KNOTS('',3,(#6531,#6532,#6533,#6534,#6535,#6536,
#6537,#6538,#6539,#6540,#6541,#6542,#6543,#6544,#6545,#6546,#6547,#6548,
#6549,#6550,#6551,#6552),.UNSPECIFIED.,.F.,.F.,(4,2,2,2,2,2,2,2,2,2,4),
(0.,0.125,0.25,0.375,0.4375,0.5,0.625,0.75,0.8125,0.875,1.),
 .UNSPECIFIED.);
#229=B_SPLINE_CURVE_WITH_KNOTS('',3,(#6863,#6864,#6865,#6866,#6867,#6868),
 .UNSPECIFIED.,.F.,.F.,(4,2,4),(0.,0.5,1.),.UNSPECIFIED.);
#230=B_SPLINE_CURVE_WITH_KNOTS('',3,(#6871,#6872,#6873,#6874,#6875,#6876,
#6877,#6878,#6879,#6880,#6881,#6882,#6883,#6884,#6885,#6886,#6887,#6888,
#6889,#6890,#6891,#6892,#6893,#6894,#6895,#6896,#6897,#6898),
 .UNSPECIFIED.,.F.,.F.,(4,3,3,3,3,3,3,3,3,4),(0.,0.120054937092136,0.240121609469469,
0.359756782978251,0.475999039461293,0.587587642819256,0.695533542164423,
0.802330433278851,0.91071431714803,1.),.UNSPECIFIED.);
#231=B_SPLINE_CURVE_WITH_KNOTS('',3,(#6900,#6901,#6902,#6903,#6904,#6905),
 .UNSPECIFIED.,.F.,.F.,(4,2,4),(0.,0.5,1.),.UNSPECIFIED.);
#232=B_SPLINE_CURVE_WITH_KNOTS('',3,(#6907,#6908,#6909,#6910,#6911,#6912,
#6913,#6914,#6915,#6916,#6917,#6918,#6919,#6920,#6921,#6922,#6923,#6924,
#6925,#6926,#6927,#6928,#6929,#6930,#6931,#6932,#6933,#6934),
 .UNSPECIFIED.,.F.,.F.,(4,3,3,3,3,3,3,3,3,4),(0.,0.124457354804236,0.249598027205831,
0.364533403061424,0.469413011734709,0.571286121070893,0.677019534404158,
0.791676805252237,0.917736030744664,1.),.UNSPECIFIED.);
#233=B_SPLINE_CURVE_WITH_KNOTS('',3,(#6936,#6937,#6938,#6939,#6940,#6941,
#6942,#6943,#6944,#6945,#6946,#6947,#6948,#6949,#6950,#6951,#6952,#6953,
#6954,#6955),.UNSPECIFIED.,.F.,.F.,(4,2,2,2,2,2,2,2,2,4),(0.,0.25,0.375,
0.4375,0.5,0.5625,0.625,0.75,0.875,1.),.UNSPECIFIED.);
#234=B_SPLINE_CURVE_WITH_KNOTS('',3,(#6956,#6957,#6958,#6959,#6960,#6961,
#6962,#6963,#6964,#6965,#6966,#6967,#6968,#6969,#6970,#6971,#6972,#6973,
#6974,#6975,#6976,#6977),.UNSPECIFIED.,.F.,.F.,(4,2,2,2,2,2,2,2,2,2,4),
(0.,0.125,0.1875,0.25,0.375,0.500000000000001,0.562500000000001,0.625000000000001,
0.75,0.875,1.),.UNSPECIFIED.);
#235=B_SPLINE_CURVE_WITH_KNOTS('',3,(#7122,#7123,#7124,#7125,#7126,#7127,
#7128,#7129,#7130,#7131,#7132,#7133,#7134,#7135,#7136,#7137,#7138,#7139,
#7140,#7141),.UNSPECIFIED.,.F.,.F.,(4,2,2,2,2,2,2,2,2,4),(0.,0.125,0.25,
0.375,0.4375,0.5,0.5625,0.625,0.75,1.),.UNSPECIFIED.);
#236=B_SPLINE_CURVE_WITH_KNOTS('',3,(#7142,#7143,#7144,#7145,#7146,#7147,
#7148,#7149,#7150,#7151,#7152,#7153,#7154,#7155,#7156,#7157,#7158,#7159,
#7160,#7161,#7162,#7163),.UNSPECIFIED.,.F.,.F.,(4,2,2,2,2,2,2,2,2,2,4),
(0.,0.125,0.250000000000001,0.375000000000001,0.437500000000001,0.500000000000001,
0.625000000000001,0.750000000000001,0.812500000000001,0.875000000000001,
1.),.UNSPECIFIED.);
#237=B_SPLINE_CURVE_WITH_KNOTS('',3,(#7474,#7475,#7476,#7477,#7478,#7479),
 .UNSPECIFIED.,.F.,.F.,(4,2,4),(0.,0.5,1.),.UNSPECIFIED.);
#238=B_SPLINE_CURVE_WITH_KNOTS('',3,(#7482,#7483,#7484,#7485,#7486,#7487,
#7488,#7489,#7490,#7491,#7492,#7493,#7494,#7495,#7496,#7497,#7498,#7499,
#7500,#7501,#7502,#7503,#7504,#7505,#7506,#7507,#7508,#7509),
 .UNSPECIFIED.,.F.,.F.,(4,3,3,3,3,3,3,3,3,4),(0.,0.120054937092134,0.240121609469466,
0.359756782978237,0.475999039461268,0.587587642819221,0.695533542164377,
0.802330433278819,0.910714317148008,1.),.UNSPECIFIED.);
#239=B_SPLINE_CURVE_WITH_KNOTS('',3,(#7511,#7512,#7513,#7514,#7515,#7516),
 .UNSPECIFIED.,.F.,.F.,(4,2,4),(0.,0.5,1.),.UNSPECIFIED.);
#240=B_SPLINE_CURVE_WITH_KNOTS('',3,(#7518,#7519,#7520,#7521,#7522,#7523,
#7524,#7525,#7526,#7527,#7528,#7529,#7530,#7531,#7532,#7533,#7534,#7535,
#7536,#7537,#7538,#7539,#7540,#7541,#7542,#7543,#7544,#7545),
 .UNSPECIFIED.,.F.,.F.,(4,3,3,3,3,3,3,3,3,4),(0.,0.124457354804225,0.249598027205813,
0.364533403061405,0.469413011734693,0.571286121070884,0.677019534404155,
0.791676805252235,0.917736030744659,1.),.UNSPECIFIED.);
#241=B_SPLINE_CURVE_WITH_KNOTS('',3,(#7547,#7548,#7549,#7550,#7551,#7552,
#7553,#7554,#7555,#7556,#7557,#7558,#7559,#7560,#7561,#7562,#7563,#7564,
#7565,#7566),.UNSPECIFIED.,.F.,.F.,(4,2,2,2,2,2,2,2,2,4),(0.,0.25,0.375,
0.4375,0.5,0.5625,0.625000000000001,0.75,0.875,1.),.UNSPECIFIED.);
#242=B_SPLINE_CURVE_WITH_KNOTS('',3,(#7567,#7568,#7569,#7570,#7571,#7572,
#7573,#7574,#7575,#7576,#7577,#7578,#7579,#7580,#7581,#7582,#7583,#7584,
#7585,#7586,#7587,#7588),.UNSPECIFIED.,.F.,.F.,(4,2,2,2,2,2,2,2,2,2,4),
(0.,0.125,0.1875,0.25,0.375,0.5,0.5625,0.625000000000001,0.75,0.875,1.),
 .UNSPECIFIED.);
#243=B_SPLINE_CURVE_WITH_KNOTS('',3,(#7733,#7734,#7735,#7736,#7737,#7738,
#7739,#7740,#7741,#7742,#7743,#7744,#7745,#7746,#7747,#7748,#7749,#7750,
#7751,#7752),.UNSPECIFIED.,.F.,.F.,(4,2,2,2,2,2,2,2,2,4),(0.,0.125,0.25,
0.374999999999999,0.437499999999999,0.499999999999999,0.562499999999999,
0.624999999999999,0.749999999999999,1.),.UNSPECIFIED.);
#244=B_SPLINE_CURVE_WITH_KNOTS('',3,(#7753,#7754,#7755,#7756,#7757,#7758,
#7759,#7760,#7761,#7762,#7763,#7764,#7765,#7766,#7767,#7768,#7769,#7770,
#7771,#7772,#7773,#7774),.UNSPECIFIED.,.F.,.F.,(4,2,2,2,2,2,2,2,2,2,4),
(0.,0.125,0.25,0.375,0.4375,0.5,0.625,0.75,0.8125,0.875,1.),
 .UNSPECIFIED.);
#245=B_SPLINE_CURVE_WITH_KNOTS('',3,(#8085,#8086,#8087,#8088,#8089,#8090),
 .UNSPECIFIED.,.F.,.F.,(4,2,4),(0.,0.5,1.),.UNSPECIFIED.);
#246=B_SPLINE_CURVE_WITH_KNOTS('',3,(#8093,#8094,#8095,#8096,#8097,#8098,
#8099,#8100,#8101,#8102,#8103,#8104,#8105,#8106,#8107,#8108,#8109,#8110,
#8111,#8112,#8113,#8114,#8115,#8116,#8117,#8118,#8119,#8120),
 .UNSPECIFIED.,.F.,.F.,(4,3,3,3,3,3,3,3,3,4),(0.,0.120054937092117,0.240121609469458,
0.359756782978248,0.475999039461293,0.587587642819262,0.69553354216442,
0.802330433278839,0.910714317148015,1.),.UNSPECIFIED.);
#247=B_SPLINE_CURVE_WITH_KNOTS('',3,(#8122,#8123,#8124,#8125,#8126,#8127),
 .UNSPECIFIED.,.F.,.F.,(4,2,4),(0.,0.5,1.),.UNSPECIFIED.);
#248=B_SPLINE_CURVE_WITH_KNOTS('',3,(#8129,#8130,#8131,#8132,#8133,#8134,
#8135,#8136,#8137,#8138,#8139,#8140,#8141,#8142,#8143,#8144,#8145,#8146,
#8147,#8148,#8149,#8150,#8151,#8152,#8153,#8154,#8155,#8156),
 .UNSPECIFIED.,.F.,.F.,(4,3,3,3,3,3,3,3,3,4),(0.,0.124457354804228,0.249598027205821,
0.36453340306142,0.469413011734705,0.571286121070891,0.677019534404157,
0.79167680525223,0.917736030744664,1.),.UNSPECIFIED.);
#249=B_SPLINE_CURVE_WITH_KNOTS('',3,(#8158,#8159,#8160,#8161,#8162,#8163,
#8164,#8165,#8166,#8167,#8168,#8169,#8170,#8171,#8172,#8173,#8174,#8175,
#8176,#8177),.UNSPECIFIED.,.F.,.F.,(4,2,2,2,2,2,2,2,2,4),(0.,0.25,0.374999999999999,
0.437499999999999,0.499999999999999,0.562499999999999,0.624999999999999,
0.749999999999999,0.875,1.),.UNSPECIFIED.);
#250=B_SPLINE_CURVE_WITH_KNOTS('',3,(#8178,#8179,#8180,#8181,#8182,#8183,
#8184,#8185,#8186,#8187,#8188,#8189,#8190,#8191,#8192,#8193,#8194,#8195,
#8196,#8197,#8198,#8199),.UNSPECIFIED.,.F.,.F.,(4,2,2,2,2,2,2,2,2,2,4),
(0.,0.125,0.1875,0.25,0.375,0.5,0.5625,0.625,0.75,0.875,1.),
 .UNSPECIFIED.);
#251=B_SPLINE_CURVE_WITH_KNOTS('',3,(#8344,#8345,#8346,#8347,#8348,#8349,
#8350,#8351,#8352,#8353,#8354,#8355,#8356,#8357,#8358,#8359,#8360,#8361,
#8362,#8363),.UNSPECIFIED.,.F.,.F.,(4,2,2,2,2,2,2,2,2,4),(0.,0.125,0.25,
0.374999999999999,0.437499999999999,0.499999999999999,0.562499999999999,
0.624999999999999,0.75,1.),.UNSPECIFIED.);
#252=B_SPLINE_CURVE_WITH_KNOTS('',3,(#8364,#8365,#8366,#8367,#8368,#8369,
#8370,#8371,#8372,#8373,#8374,#8375,#8376,#8377,#8378,#8379,#8380,#8381,
#8382,#8383,#8384,#8385),.UNSPECIFIED.,.F.,.F.,(4,2,2,2,2,2,2,2,2,2,4),
(0.,0.125,0.249999999999999,0.374999999999999,0.437499999999999,0.499999999999999,
0.624999999999999,0.749999999999999,0.812499999999999,0.875,1.),
 .UNSPECIFIED.);
#253=B_SPLINE_CURVE_WITH_KNOTS('',3,(#8696,#8697,#8698,#8699,#8700,#8701),
 .UNSPECIFIED.,.F.,.F.,(4,2,4),(0.,0.5,1.),.UNSPECIFIED.);
#254=B_SPLINE_CURVE_WITH_KNOTS('',3,(#8704,#8705,#8706,#8707,#8708,#8709,
#8710,#8711,#8712,#8713,#8714,#8715,#8716,#8717,#8718,#8719,#8720,#8721,
#8722,#8723,#8724,#8725,#8726,#8727,#8728,#8729,#8730,#8731),
 .UNSPECIFIED.,.F.,.F.,(4,3,3,3,3,3,3,3,3,4),(0.,0.120054937092141,0.240121609469473,
0.359756782978249,0.475999039461281,0.587587642819239,0.695533542164403,
0.802330433278823,0.910714317148009,1.),.UNSPECIFIED.);
#255=B_SPLINE_CURVE_WITH_KNOTS('',3,(#8733,#8734,#8735,#8736,#8737,#8738),
 .UNSPECIFIED.,.F.,.F.,(4,2,4),(0.,0.5,1.),.UNSPECIFIED.);
#256=B_SPLINE_CURVE_WITH_KNOTS('',3,(#8740,#8741,#8742,#8743,#8744,#8745,
#8746,#8747,#8748,#8749,#8750,#8751,#8752,#8753,#8754,#8755,#8756,#8757,
#8758,#8759,#8760,#8761,#8762,#8763,#8764,#8765,#8766,#8767),
 .UNSPECIFIED.,.F.,.F.,(4,3,3,3,3,3,3,3,3,4),(0.,0.124457354804216,0.249598027205821,
0.364533403061417,0.469413011734706,0.571286121070891,0.677019534404162,
0.79167680525224,0.917736030744669,1.),.UNSPECIFIED.);
#257=B_SPLINE_CURVE_WITH_KNOTS('',3,(#8769,#8770,#8771,#8772,#8773,#8774,
#8775,#8776,#8777,#8778,#8779,#8780,#8781,#8782,#8783,#8784,#8785,#8786,
#8787,#8788),.UNSPECIFIED.,.F.,.F.,(4,2,2,2,2,2,2,2,2,4),(0.,0.250000000000001,
0.375000000000001,0.437500000000001,0.500000000000002,0.562500000000002,
0.625000000000001,0.750000000000001,0.875,1.),.UNSPECIFIED.);
#258=B_SPLINE_CURVE_WITH_KNOTS('',3,(#8789,#8790,#8791,#8792,#8793,#8794,
#8795,#8796,#8797,#8798,#8799,#8800,#8801,#8802,#8803,#8804,#8805,#8806,
#8807,#8808,#8809,#8810),.UNSPECIFIED.,.F.,.F.,(4,2,2,2,2,2,2,2,2,2,4),
(0.,0.125,0.1875,0.25,0.375000000000001,0.500000000000001,0.562500000000001,
0.625,0.75,0.875,1.),.UNSPECIFIED.);
#259=B_SPLINE_CURVE_WITH_KNOTS('',3,(#8955,#8956,#8957,#8958,#8959,#8960,
#8961,#8962,#8963,#8964,#8965,#8966,#8967,#8968,#8969,#8970,#8971,#8972,
#8973,#8974),.UNSPECIFIED.,.F.,.F.,(4,2,2,2,2,2,2,2,2,4),(0.,0.125,0.25,
0.375,0.4375,0.5,0.5625,0.625,0.75,1.),.UNSPECIFIED.);
#260=B_SPLINE_CURVE_WITH_KNOTS('',3,(#8975,#8976,#8977,#8978,#8979,#8980,
#8981,#8982,#8983,#8984,#8985,#8986,#8987,#8988,#8989,#8990,#8991,#8992,
#8993,#8994,#8995,#8996),.UNSPECIFIED.,.F.,.F.,(4,2,2,2,2,2,2,2,2,2,4),
(0.,0.125,0.25,0.375,0.4375,0.5,0.625,0.75,0.8125,0.875,1.),
 .UNSPECIFIED.);
#261=B_SPLINE_CURVE_WITH_KNOTS('',3,(#9307,#9308,#9309,#9310,#9311,#9312),
 .UNSPECIFIED.,.F.,.F.,(4,2,4),(0.,0.5,1.),.UNSPECIFIED.);
#262=B_SPLINE_CURVE_WITH_KNOTS('',3,(#9315,#9316,#9317,#9318,#9319,#9320,
#9321,#9322,#9323,#9324,#9325,#9326,#9327,#9328,#9329,#9330,#9331,#9332,
#9333,#9334,#9335,#9336,#9337,#9338,#9339,#9340,#9341,#9342),
 .UNSPECIFIED.,.F.,.F.,(4,3,3,3,3,3,3,3,3,4),(0.,0.120054937092124,0.240121609469461,
0.359756782978237,0.475999039461278,0.58758764281924,0.69553354216441,0.802330433278834,
0.910714317148021,1.),.UNSPECIFIED.);
#263=B_SPLINE_CURVE_WITH_KNOTS('',3,(#9344,#9345,#9346,#9347,#9348,#9349),
 .UNSPECIFIED.,.F.,.F.,(4,2,4),(0.,0.5,1.),.UNSPECIFIED.);
#264=B_SPLINE_CURVE_WITH_KNOTS('',3,(#9351,#9352,#9353,#9354,#9355,#9356,
#9357,#9358,#9359,#9360,#9361,#9362,#9363,#9364,#9365,#9366,#9367,#9368,
#9369,#9370,#9371,#9372,#9373,#9374,#9375,#9376,#9377,#9378),
 .UNSPECIFIED.,.F.,.F.,(4,3,3,3,3,3,3,3,3,4),(0.,0.124457354804223,0.249598027205823,
0.364533403061408,0.469413011734697,0.571286121070888,0.67701953440416,
0.791676805252249,0.917736030744675,1.),.UNSPECIFIED.);
#265=B_SPLINE_CURVE_WITH_KNOTS('',3,(#9380,#9381,#9382,#9383,#9384,#9385,
#9386,#9387,#9388,#9389,#9390,#9391,#9392,#9393,#9394,#9395,#9396,#9397,
#9398,#9399),.UNSPECIFIED.,.F.,.F.,(4,2,2,2,2,2,2,2,2,4),(0.,0.25,0.375,
0.4375,0.5,0.5625,0.625,0.75,0.875,1.),.UNSPECIFIED.);
#266=B_SPLINE_CURVE_WITH_KNOTS('',3,(#9400,#9401,#9402,#9403,#9404,#9405,
#9406,#9407,#9408,#9409,#9410,#9411,#9412,#9413,#9414,#9415,#9416,#9417,
#9418,#9419,#9420,#9421),.UNSPECIFIED.,.F.,.F.,(4,2,2,2,2,2,2,2,2,2,4),
(0.,0.125,0.1875,0.25,0.375,0.5,0.5625,0.625,0.75,0.875,1.),
 .UNSPECIFIED.);
#267=B_SPLINE_CURVE_WITH_KNOTS('',3,(#9566,#9567,#9568,#9569,#9570,#9571,
#9572,#9573,#9574,#9575,#9576,#9577,#9578,#9579,#9580,#9581,#9582,#9583,
#9584,#9585),.UNSPECIFIED.,.F.,.F.,(4,2,2,2,2,2,2,2,2,4),(0.,0.125,0.25,
0.375,0.4375,0.5,0.5625,0.625,0.75,1.),.UNSPECIFIED.);
#268=B_SPLINE_CURVE_WITH_KNOTS('',3,(#9586,#9587,#9588,#9589,#9590,#9591,
#9592,#9593,#9594,#9595,#9596,#9597,#9598,#9599,#9600,#9601,#9602,#9603,
#9604,#9605,#9606,#9607),.UNSPECIFIED.,.F.,.F.,(4,2,2,2,2,2,2,2,2,2,4),
(0.,0.125,0.25,0.375,0.4375,0.5,0.625,0.75,0.8125,0.875,1.),
 .UNSPECIFIED.);
#269=B_SPLINE_CURVE_WITH_KNOTS('',3,(#9918,#9919,#9920,#9921,#9922,#9923),
 .UNSPECIFIED.,.F.,.F.,(4,2,4),(0.,0.5,1.),.UNSPECIFIED.);
#270=B_SPLINE_CURVE_WITH_KNOTS('',3,(#9926,#9927,#9928,#9929,#9930,#9931,
#9932,#9933,#9934,#9935,#9936,#9937,#9938,#9939,#9940,#9941,#9942,#9943,
#9944,#9945,#9946,#9947,#9948,#9949,#9950,#9951,#9952,#9953),
 .UNSPECIFIED.,.F.,.F.,(4,3,3,3,3,3,3,3,3,4),(0.,0.120054937092123,0.24012160946945,
0.359756782978226,0.475999039461268,0.587587642819233,0.6955335421644,0.802330433278829,
0.910714317148019,1.),.UNSPECIFIED.);
#271=B_SPLINE_CURVE_WITH_KNOTS('',3,(#9955,#9956,#9957,#9958,#9959,#9960),
 .UNSPECIFIED.,.F.,.F.,(4,2,4),(0.,0.5,1.),.UNSPECIFIED.);
#272=B_SPLINE_CURVE_WITH_KNOTS('',3,(#9962,#9963,#9964,#9965,#9966,#9967,
#9968,#9969,#9970,#9971,#9972,#9973,#9974,#9975,#9976,#9977,#9978,#9979,
#9980,#9981,#9982,#9983,#9984,#9985,#9986,#9987,#9988,#9989),
 .UNSPECIFIED.,.F.,.F.,(4,3,3,3,3,3,3,3,3,4),(0.,0.124457354804221,0.24959802720581,
0.364533403061396,0.46941301173468,0.571286121070869,0.67701953440414,0.791676805252224,
0.917736030744662,1.),.UNSPECIFIED.);
#273=B_SPLINE_CURVE_WITH_KNOTS('',3,(#9991,#9992,#9993,#9994,#9995,#9996,
#9997,#9998,#9999,#10000,#10001,#10002,#10003,#10004,#10005,#10006,#10007,
#10008,#10009,#10010),.UNSPECIFIED.,.F.,.F.,(4,2,2,2,2,2,2,2,2,4),(0.,0.25,
0.375,0.4375,0.5,0.5625,0.625,0.75,0.875,1.),.UNSPECIFIED.);
#274=B_SPLINE_CURVE_WITH_KNOTS('',3,(#10011,#10012,#10013,#10014,#10015,
#10016,#10017,#10018,#10019,#10020,#10021,#10022,#10023,#10024,#10025,#10026,
#10027,#10028,#10029,#10030,#10031,#10032),.UNSPECIFIED.,.F.,.F.,(4,2,2,
2,2,2,2,2,2,2,4),(0.,0.125,0.187499999999999,0.249999999999999,0.374999999999999,
0.499999999999999,0.562499999999999,0.624999999999999,0.749999999999999,
0.875,1.),.UNSPECIFIED.);
#275=B_SPLINE_CURVE_WITH_KNOTS('',3,(#10177,#10178,#10179,#10180,#10181,
#10182,#10183,#10184,#10185,#10186,#10187,#10188,#10189,#10190,#10191,#10192,
#10193,#10194,#10195,#10196),.UNSPECIFIED.,.F.,.F.,(4,2,2,2,2,2,2,2,2,4),
(0.,0.125,0.25,0.375,0.4375,0.5,0.5625,0.625,0.75,1.),.UNSPECIFIED.);
#276=B_SPLINE_CURVE_WITH_KNOTS('',3,(#10197,#10198,#10199,#10200,#10201,
#10202,#10203,#10204,#10205,#10206,#10207,#10208,#10209,#10210,#10211,#10212,
#10213,#10214,#10215,#10216,#10217,#10218),.UNSPECIFIED.,.F.,.F.,(4,2,2,
2,2,2,2,2,2,2,4),(0.,0.125,0.249999999999999,0.374999999999999,0.437499999999999,
0.499999999999999,0.624999999999999,0.75,0.8125,0.875,1.),.UNSPECIFIED.);
#277=B_SPLINE_CURVE_WITH_KNOTS('',3,(#10559,#10560,#10561,#10562),
 .UNSPECIFIED.,.F.,.F.,(4,4),(0.,1.),.UNSPECIFIED.);
#278=(
BOUNDED_SURFACE()
B_SPLINE_SURFACE(3,3,((#2540,#2541,#2542,#2543,#2544,#2545,#2546),(#2547,
#2548,#2549,#2550,#2551,#2552,#2553),(#2554,#2555,#2556,#2557,#2558,#2559,
#2560),(#2561,#2562,#2563,#2564,#2565,#2566,#2567),(#2568,#2569,#2570,#2571,
#2572,#2573,#2574),(#2575,#2576,#2577,#2578,#2579,#2580,#2581),(#2582,#2583,
#2584,#2585,#2586,#2587,#2588),(#2589,#2590,#2591,#2592,#2593,#2594,#2595),
(#2596,#2597,#2598,#2599,#2600,#2601,#2602),(#2603,#2604,#2605,#2606,#2607,
#2608,#2609),(#2610,#2611,#2612,#2613,#2614,#2615,#2616),(#2617,#2618,#2619,
#2620,#2621,#2622,#2623),(#2624,#2625,#2626,#2627,#2628,#2629,#2630),(#2631,
#2632,#2633,#2634,#2635,#2636,#2637),(#2638,#2639,#2640,#2641,#2642,#2643,
#2644),(#2645,#2646,#2647,#2648,#2649,#2650,#2651),(#2652,#2653,#2654,#2655,
#2656,#2657,#2658),(#2659,#2660,#2661,#2662,#2663,#2664,#2665)),
 .UNSPECIFIED.,.F.,.T.,.F.)
B_SPLINE_SURFACE_WITH_KNOTS((4,2,2,2,2,2,2,2,4),(1,3,3,3,1),(0.,0.125,0.25,
0.375,0.5,0.625,0.75,0.875,1.),(-0.5,0.,0.5,1.,1.5),.UNSPECIFIED.)
GEOMETRIC_REPRESENTATION_ITEM()
RATIONAL_B_SPLINE_SURFACE(((1.,0.333333333333333,0.333333333333333,1.,0.333333333333333,
0.333333333333333,1.),(1.,0.333333333333333,0.333333333333333,1.,0.333333333333333,
0.333333333333333,1.),(1.,0.333333333333333,0.333333333333333,1.,0.333333333333333,
0.333333333333333,1.),(1.,0.333333333333333,0.333333333333333,1.,0.333333333333333,
0.333333333333333,1.),(1.,0.333333333333333,0.333333333333333,1.,0.333333333333333,
0.333333333333333,1.),(1.,0.333333333333333,0.333333333333333,1.,0.333333333333333,
0.333333333333333,1.),(1.,0.333333333333333,0.333333333333333,1.,0.333333333333333,
0.333333333333333,1.),(1.,0.333333333333333,0.333333333333333,1.,0.333333333333333,
0.333333333333333,1.),(1.,0.333333333333333,0.333333333333333,1.,0.333333333333333,
0.333333333333333,1.),(1.,0.333333333333333,0.333333333333333,1.,0.333333333333333,
0.333333333333333,1.),(1.,0.333333333333333,0.333333333333333,1.,0.333333333333333,
0.333333333333333,1.),(1.,0.333333333333333,0.333333333333333,1.,0.333333333333333,
0.333333333333333,1.),(1.,0.333333333333333,0.333333333333333,1.,0.333333333333333,
0.333333333333333,1.),(1.,0.333333333333333,0.333333333333333,1.,0.333333333333333,
0.333333333333333,1.),(1.,0.333333333333333,0.333333333333333,1.,0.333333333333333,
0.333333333333333,1.),(1.,0.333333333333333,0.333333333333333,1.,0.333333333333333,
0.333333333333333,1.),(1.,0.333333333333333,0.333333333333333,1.,0.333333333333333,
0.333333333333333,1.),(1.,0.333333333333333,0.333333333333333,1.,0.333333333333333,
0.333333333333333,1.)))
REPRESENTATION_ITEM('')
SURFACE()
);
#279=(
BOUNDED_SURFACE()
B_SPLINE_SURFACE(3,3,((#2684,#2685,#2686,#2687,#2688,#2689,#2690),(#2691,
#2692,#2693,#2694,#2695,#2696,#2697),(#2698,#2699,#2700,#2701,#2702,#2703,
#2704),(#2705,#2706,#2707,#2708,#2709,#2710,#2711),(#2712,#2713,#2714,#2715,
#2716,#2717,#2718),(#2719,#2720,#2721,#2722,#2723,#2724,#2725),(#2726,#2727,
#2728,#2729,#2730,#2731,#2732),(#2733,#2734,#2735,#2736,#2737,#2738,#2739),
(#2740,#2741,#2742,#2743,#2744,#2745,#2746),(#2747,#2748,#2749,#2750,#2751,
#2752,#2753),(#2754,#2755,#2756,#2757,#2758,#2759,#2760),(#2761,#2762,#2763,
#2764,#2765,#2766,#2767),(#2768,#2769,#2770,#2771,#2772,#2773,#2774),(#2775,
#2776,#2777,#2778,#2779,#2780,#2781),(#2782,#2783,#2784,#2785,#2786,#2787,
#2788),(#2789,#2790,#2791,#2792,#2793,#2794,#2795),(#2796,#2797,#2798,#2799,
#2800,#2801,#2802),(#2803,#2804,#2805,#2806,#2807,#2808,#2809)),
 .UNSPECIFIED.,.F.,.T.,.F.)
B_SPLINE_SURFACE_WITH_KNOTS((4,2,2,2,2,2,2,2,4),(1,3,3,3,1),(0.,0.25,0.3125,
0.375,0.5,0.5625,0.625,0.75,1.),(-0.5,0.,0.5,1.,1.5),.UNSPECIFIED.)
GEOMETRIC_REPRESENTATION_ITEM()
RATIONAL_B_SPLINE_SURFACE(((1.,0.333333333333333,0.333333333333333,1.,0.333333333333333,
0.333333333333333,1.),(1.,0.333333333333333,0.333333333333333,1.,0.333333333333333,
0.333333333333333,1.),(1.,0.333333333333333,0.333333333333333,1.,0.333333333333333,
0.333333333333333,1.),(1.,0.333333333333333,0.333333333333333,1.,0.333333333333333,
0.333333333333333,1.),(1.,0.333333333333333,0.333333333333333,1.,0.333333333333333,
0.333333333333333,1.),(1.,0.333333333333333,0.333333333333333,1.,0.333333333333333,
0.333333333333333,1.),(1.,0.333333333333333,0.333333333333333,1.,0.333333333333333,
0.333333333333333,1.),(1.,0.333333333333333,0.333333333333333,1.,0.333333333333333,
0.333333333333333,1.),(1.,0.333333333333333,0.333333333333333,1.,0.333333333333333,
0.333333333333333,1.),(1.,0.333333333333333,0.333333333333333,1.,0.333333333333333,
0.333333333333333,1.),(1.,0.333333333333333,0.333333333333333,1.,0.333333333333333,
0.333333333333333,1.),(1.,0.333333333333333,0.333333333333333,1.,0.333333333333333,
0.333333333333333,1.),(1.,0.333333333333333,0.333333333333333,1.,0.333333333333333,
0.333333333333333,1.),(1.,0.333333333333333,0.333333333333333,1.,0.333333333333333,
0.333333333333333,1.),(1.,0.333333333333333,0.333333333333333,1.,0.333333333333333,
0.333333333333333,1.),(1.,0.333333333333333,0.333333333333333,1.,0.333333333333333,
0.333333333333333,1.),(1.,0.333333333333333,0.333333333333333,1.,0.333333333333333,
0.333333333333333,1.),(1.,0.333333333333333,0.333333333333333,1.,0.333333333333333,
0.333333333333333,1.)))
REPRESENTATION_ITEM('')
SURFACE()
);
#280=(
BOUNDED_SURFACE()
B_SPLINE_SURFACE(3,3,((#4377,#4378,#4379,#4380,#4381,#4382,#4383),(#4384,
#4385,#4386,#4387,#4388,#4389,#4390),(#4391,#4392,#4393,#4394,#4395,#4396,
#4397),(#4398,#4399,#4400,#4401,#4402,#4403,#4404)),.UNSPECIFIED.,.F.,.T.,
 .F.)
B_SPLINE_SURFACE_WITH_KNOTS((4,4),(1,3,3,3,1),(0.,1.),(-0.5,0.,0.5,1.,1.5),
 .UNSPECIFIED.)
GEOMETRIC_REPRESENTATION_ITEM()
RATIONAL_B_SPLINE_SURFACE(((1.,0.333333333333333,0.333333333333333,1.,0.333333333333333,
0.333333333333333,1.),(0.993296167402243,0.331098722467414,0.331098722467414,
0.993296167402243,0.331098722467414,0.331098722467414,0.993296167402243),
(0.993296167402243,0.331098722467414,0.331098722467414,0.993296167402243,
0.331098722467414,0.331098722467414,0.993296167402243),(1.,0.333333333333333,
0.333333333333333,1.,0.333333333333333,0.333333333333333,1.)))
REPRESENTATION_ITEM('')
SURFACE()
);
#281=(
BOUNDED_SURFACE()
B_SPLINE_SURFACE(3,2,((#4856,#4857,#4858),(#4859,#4860,#4861),(#4862,#4863,
#4864),(#4865,#4866,#4867),(#4868,#4869,#4870),(#4871,#4872,#4873),(#4874,
#4875,#4876),(#4877,#4878,#4879),(#4880,#4881,#4882),(#4883,#4884,#4885),
(#4886,#4887,#4888),(#4889,#4890,#4891),(#4892,#4893,#4894),(#4895,#4896,
#4897),(#4898,#4899,#4900),(#4901,#4902,#4903),(#4904,#4905,#4906),(#4907,
#4908,#4909),(#4910,#4911,#4912),(#4913,#4914,#4915),(#4916,#4917,#4918),
(#4919,#4920,#4921),(#4922,#4923,#4924),(#4925,#4926,#4927),(#4928,#4929,
#4930),(#4931,#4932,#4933),(#4934,#4935,#4936),(#4937,#4938,#4939)),
 .UNSPECIFIED.,.F.,.F.,.F.)
B_SPLINE_SURFACE_WITH_KNOTS((4,2,2,2,2,2,2,2,2,2,2,2,2,4),(3,3),(0.,0.25,
0.375,0.4375,0.46875,0.5,0.53125,0.5625,0.625,0.75,0.8125,0.875,0.9375,
1.),(0.,1.),.UNSPECIFIED.)
GEOMETRIC_REPRESENTATION_ITEM()
RATIONAL_B_SPLINE_SURFACE(((1.,0.0809766562062958,1.),(1.,0.0835092925012286,
1.),(1.,0.0864214179213499,1.),(1.,0.0897694922734205,1.),(1.,0.0907365878663807,
1.),(1.,0.0922095268293448,1.),(1.,0.0926772792416112,1.),(1.,0.0935160576533954,
1.),(1.,0.0937760050046168,1.),(1.,0.0942218827208968,1.),(1.,0.0944038612927267,
1.),(1.,0.0949583490365391,1.),(1.,0.0952942559581146,1.),(1.,0.0960581821170903,
1.),(1.,0.0965003464308803,1.),(1.,0.0978655529048055,1.),(1.,0.0987948423880525,
1.),(1.,0.101690510767447,1.),(1.,0.103529873306801,1.),(1.,0.105869709060638,
1.),(1.,0.106674794942873,1.),(1.,0.108305465248824,1.),(1.,0.108984520452055,
1.),(1.,0.110610770700096,1.),(1.,0.111547237752189,1.),(1.,0.113530300459041,
1.),(1.,0.114364995321818,1.),(1.,0.114789041346553,1.)))
REPRESENTATION_ITEM('')
SURFACE()
);
#282=(
BOUNDED_SURFACE()
B_SPLINE_SURFACE(3,2,((#4940,#4941,#4942),(#4943,#4944,#4945),(#4946,#4947,
#4948),(#4949,#4950,#4951),(#4952,#4953,#4954),(#4955,#4956,#4957),(#4958,
#4959,#4960),(#4961,#4962,#4963),(#4964,#4965,#4966),(#4967,#4968,#4969),
(#4970,#4971,#4972),(#4973,#4974,#4975),(#4976,#4977,#4978),(#4979,#4980,
#4981),(#4982,#4983,#4984),(#4985,#4986,#4987),(#4988,#4989,#4990),(#4991,
#4992,#4993),(#4994,#4995,#4996),(#4997,#4998,#4999),(#5000,#5001,#5002),
(#5003,#5004,#5005),(#5006,#5007,#5008),(#5009,#5010,#5011),(#5012,#5013,
#5014),(#5015,#5016,#5017),(#5018,#5019,#5020),(#5021,#5022,#5023),(#5024,
#5025,#5026),(#5027,#5028,#5029)),.UNSPECIFIED.,.F.,.F.,.F.)
B_SPLINE_SURFACE_WITH_KNOTS((4,2,2,2,2,2,2,2,2,2,2,2,2,2,4),(3,3),(0.,0.125,
0.1875,0.21875,0.25,0.3125,0.375,0.5,0.5625,0.59375,0.625,0.75,0.875,0.9375,
1.),(0.,1.),.UNSPECIFIED.)
GEOMETRIC_REPRESENTATION_ITEM()
RATIONAL_B_SPLINE_SURFACE(((1.,0.194383260659985,1.),(1.,0.192524985794513,
1.),(1.,0.19052547151589,1.),(1.,0.187725393055809,1.),(1.,0.186765665342698,
1.),(1.,0.185084180079522,1.),(1.,0.184542163204335,1.),(1.,0.183665907631729,
1.),(1.,0.183179712957932,1.),(1.,0.181698405185014,1.),(1.,0.180718678273284,
1.),(1.,0.178717697017815,1.),(1.,0.177643053694376,1.),(1.,0.17440102928754,
1.),(1.,0.171968549215589,1.),(1.,0.168258742584055,1.),(1.,0.167069233858031,
1.),(1.,0.165432784097154,1.),(1.,0.164921409495245,1.),(1.,0.163809560652002,
1.),(1.,0.162879151966129,1.),(1.,0.160558081570649,1.),(1.,0.15951914139798,
1.),(1.,0.156336452179555,1.),(1.,0.154578341914125,1.),(1.,0.152010102928211,
1.),(1.,0.151159416224355,1.),(1.,0.149644528825293,1.),(1.,0.149021337248657,
1.),(1.,0.148355838305498,1.)))
REPRESENTATION_ITEM('')
SURFACE()
);
#283=(
BOUNDED_SURFACE()
B_SPLINE_SURFACE(3,2,((#5467,#5468,#5469),(#5470,#5471,#5472),(#5473,#5474,
#5475),(#5476,#5477,#5478),(#5479,#5480,#5481),(#5482,#5483,#5484),(#5485,
#5486,#5487),(#5488,#5489,#5490),(#5491,#5492,#5493),(#5494,#5495,#5496),
(#5497,#5498,#5499),(#5500,#5501,#5502),(#5503,#5504,#5505),(#5506,#5507,
#5508),(#5509,#5510,#5511),(#5512,#5513,#5514),(#5515,#5516,#5517),(#5518,
#5519,#5520),(#5521,#5522,#5523),(#5524,#5525,#5526),(#5527,#5528,#5529),
(#5530,#5531,#5532),(#5533,#5534,#5535),(#5536,#5537,#5538),(#5539,#5540,
#5541),(#5542,#5543,#5544),(#5545,#5546,#5547),(#5548,#5549,#5550)),
 .UNSPECIFIED.,.F.,.F.,.F.)
B_SPLINE_SURFACE_WITH_KNOTS((4,2,2,2,2,2,2,2,2,2,2,2,2,4),(3,3),(0.,0.25,
0.375,0.4375,0.46875,0.5,0.53125,0.5625,0.625,0.75,0.8125,0.875,0.9375,
1.),(0.,1.),.UNSPECIFIED.)
GEOMETRIC_REPRESENTATION_ITEM()
RATIONAL_B_SPLINE_SURFACE(((1.,0.0809766562062743,1.),(1.,0.0835092924459247,
1.),(1.,0.0864214179950381,1.),(1.,0.0897694922365967,1.),(1.,0.0907365878080091,
1.),(1.,0.092209526858578,1.),(1.,0.0926772791778263,1.),(1.,0.0935160576853124,
1.),(1.,0.0937760050207,1.),(1.,0.0942218827048388,1.),(1.,0.0944038613111477,
1.),(1.,0.0949583490181756,1.),(1.,0.0952942559505123,1.),(1.,0.0960581821246846,
1.),(1.,0.0965003464146678,1.),(1.,0.0978655529372041,1.),(1.,0.0987948423848665,
1.),(1.,0.101690510773777,1.),(1.,0.103529873311039,1.),(1.,0.105869709058541,
1.),(1.,0.106674794945315,1.),(1.,0.108305465246365,1.),(1.,0.108984520441968,
1.),(1.,0.110610770710202,1.),(1.,0.111547237736215,1.),(1.,0.113530300475035,
1.),(1.,0.114364995309802,1.),(1.,0.114789041346557,1.)))
REPRESENTATION_ITEM('')
SURFACE()
);
#284=(
BOUNDED_SURFACE()
B_SPLINE_SURFACE(3,2,((#5551,#5552,#5553),(#5554,#5555,#5556),(#5557,#5558,
#5559),(#5560,#5561,#5562),(#5563,#5564,#5565),(#5566,#5567,#5568),(#5569,
#5570,#5571),(#5572,#5573,#5574),(#5575,#5576,#5577),(#5578,#5579,#5580),
(#5581,#5582,#5583),(#5584,#5585,#5586),(#5587,#5588,#5589),(#5590,#5591,
#5592),(#5593,#5594,#5595),(#5596,#5597,#5598),(#5599,#5600,#5601),(#5602,
#5603,#5604),(#5605,#5606,#5607),(#5608,#5609,#5610),(#5611,#5612,#5613),
(#5614,#5615,#5616),(#5617,#5618,#5619),(#5620,#5621,#5622),(#5623,#5624,
#5625),(#5626,#5627,#5628),(#5629,#5630,#5631),(#5632,#5633,#5634),(#5635,
#5636,#5637),(#5638,#5639,#5640)),.UNSPECIFIED.,.F.,.F.,.F.)
B_SPLINE_SURFACE_WITH_KNOTS((4,2,2,2,2,2,2,2,2,2,2,2,2,2,4),(3,3),(0.,0.125,
0.1875,0.21875,0.25,0.3125,0.375,0.5,0.5625,0.59375,0.625,0.75,0.875,0.9375,
1.),(0.,1.),.UNSPECIFIED.)
GEOMETRIC_REPRESENTATION_ITEM()
RATIONAL_B_SPLINE_SURFACE(((1.,0.194383260659997,1.),(1.,0.192524985830703,
1.),(1.,0.190525471467656,1.),(1.,0.187725393079965,1.),(1.,0.186765665270147,
1.),(1.,0.185084180115845,1.),(1.,0.184542163229828,1.),(1.,0.18366590760628,
1.),(1.,0.183179712941254,1.),(1.,0.181698405218328,1.),(1.,0.180718678269747,
1.),(1.,0.178717697021292,1.),(1.,0.177643053701869,1.),(1.,0.174401029272572,
1.),(1.,0.171968549405642,1.),(1.,0.168258742489001,1.),(1.,0.167069233828592,
1.),(1.,0.165432784111849,1.),(1.,0.164921409529145,1.),(1.,0.163809560618103,
1.),(1.,0.162879151970116,1.),(1.,0.160558081554739,1.),(1.,0.159519141397176,
1.),(1.,0.156336452180403,1.),(1.,0.154578341804416,1.),(1.,0.152010102983084,
1.),(1.,0.151159416205715,1.),(1.,0.149644528843856,1.),(1.,0.149021337234775,
1.),(1.,0.148355838305484,1.)))
REPRESENTATION_ITEM('')
SURFACE()
);
#285=(
BOUNDED_SURFACE()
B_SPLINE_SURFACE(3,2,((#6078,#6079,#6080),(#6081,#6082,#6083),(#6084,#6085,
#6086),(#6087,#6088,#6089),(#6090,#6091,#6092),(#6093,#6094,#6095),(#6096,
#6097,#6098),(#6099,#6100,#6101),(#6102,#6103,#6104),(#6105,#6106,#6107),
(#6108,#6109,#6110),(#6111,#6112,#6113),(#6114,#6115,#6116),(#6117,#6118,
#6119),(#6120,#6121,#6122),(#6123,#6124,#6125),(#6126,#6127,#6128),(#6129,
#6130,#6131),(#6132,#6133,#6134),(#6135,#6136,#6137),(#6138,#6139,#6140),
(#6141,#6142,#6143),(#6144,#6145,#6146),(#6147,#6148,#6149),(#6150,#6151,
#6152),(#6153,#6154,#6155),(#6156,#6157,#6158),(#6159,#6160,#6161)),
 .UNSPECIFIED.,.F.,.F.,.F.)
B_SPLINE_SURFACE_WITH_KNOTS((4,2,2,2,2,2,2,2,2,2,2,2,2,4),(3,3),(0.,0.25,
0.375,0.4375,0.46875,0.5,0.53125,0.5625,0.625,0.75,0.8125,0.875,0.9375,
1.),(0.,1.),.UNSPECIFIED.)
GEOMETRIC_REPRESENTATION_ITEM()
RATIONAL_B_SPLINE_SURFACE(((1.,0.0809766562063172,1.),(1.,0.0835092922693299,
1.),(1.,0.0864214182301238,1.),(1.,0.0897694921190837,1.),(1.,0.0907365878403769,
1.),(1.,0.0922095268423723,1.),(1.,0.0926772791919285,1.),(1.,0.0935160576782692,
1.),(1.,0.0937760050136139,1.),(1.,0.0942218827118825,1.),(1.,0.0944038613058132,
1.),(1.,0.0949583490234588,1.),(1.,0.0952942559734728,1.),(1.,0.0960581821017224,
1.),(1.,0.0965003464150084,1.),(1.,0.0978655529364836,1.),(1.,0.0987948423403635,
1.),(1.,0.101690510862821,1.),(1.,0.103529873313148,1.),(1.,0.105869709057448,
1.),(1.,0.106674794966732,1.),(1.,0.108305465224948,1.),(1.,0.108984520441617,
1.),(1.,0.110610770710552,1.),(1.,0.111547237750103,1.),(1.,0.113530300461147,
1.),(1.,0.114364995320218,1.),(1.,0.114789041346561,1.)))
REPRESENTATION_ITEM('')
SURFACE()
);
#286=(
BOUNDED_SURFACE()
B_SPLINE_SURFACE(3,2,((#6162,#6163,#6164),(#6165,#6166,#6167),(#6168,#6169,
#6170),(#6171,#6172,#6173),(#6174,#6175,#6176),(#6177,#6178,#6179),(#6180,
#6181,#6182),(#6183,#6184,#6185),(#6186,#6187,#6188),(#6189,#6190,#6191),
(#6192,#6193,#6194),(#6195,#6196,#6197),(#6198,#6199,#6200),(#6201,#6202,
#6203),(#6204,#6205,#6206),(#6207,#6208,#6209),(#6210,#6211,#6212),(#6213,
#6214,#6215),(#6216,#6217,#6218),(#6219,#6220,#6221),(#6222,#6223,#6224),
(#6225,#6226,#6227),(#6228,#6229,#6230),(#6231,#6232,#6233),(#6234,#6235,
#6236),(#6237,#6238,#6239),(#6240,#6241,#6242),(#6243,#6244,#6245),(#6246,
#6247,#6248),(#6249,#6250,#6251)),.UNSPECIFIED.,.F.,.F.,.F.)
B_SPLINE_SURFACE_WITH_KNOTS((4,2,2,2,2,2,2,2,2,2,2,2,2,2,4),(3,3),(0.,0.125,
0.1875,0.21875,0.25,0.3125,0.375,0.5,0.5625,0.59375,0.625,0.75,0.875,0.9375,
1.),(0.,1.),.UNSPECIFIED.)
GEOMETRIC_REPRESENTATION_ITEM()
RATIONAL_B_SPLINE_SURFACE(((1.,0.194383260659985,1.),(1.,0.192524985819535,
1.),(1.,0.190525471482502,1.),(1.,0.187725393072559,1.),(1.,0.186765665282907,
1.),(1.,0.185084180109409,1.),(1.,0.184542163221049,1.),(1.,0.183665907614992,
1.),(1.,0.183179712930986,1.),(1.,0.181698405238972,1.),(1.,0.180718678299328,
1.),(1.,0.178717696991796,1.),(1.,0.177643053540428,1.),(1.,0.174401029595461,
1.),(1.,0.171968549126901,1.),(1.,0.168258742628427,1.),(1.,0.167069233878275,
1.),(1.,0.165432784087017,1.),(1.,0.1649214094918,1.),(1.,0.163809560655383,
1.),(1.,0.16287915195337,1.),(1.,0.16055808162161,1.),(1.,0.15951914135805,
1.),(1.,0.156336452219564,1.),(1.,0.154578341854326,1.),(1.,0.152010102958128,
1.),(1.,0.151159416248172,1.),(1.,0.14964452880138,1.),(1.,0.149021337266705,
1.),(1.,0.148355838305435,1.)))
REPRESENTATION_ITEM('')
SURFACE()
);
#287=(
BOUNDED_SURFACE()
B_SPLINE_SURFACE(3,2,((#6689,#6690,#6691),(#6692,#6693,#6694),(#6695,#6696,
#6697),(#6698,#6699,#6700),(#6701,#6702,#6703),(#6704,#6705,#6706),(#6707,
#6708,#6709),(#6710,#6711,#6712),(#6713,#6714,#6715),(#6716,#6717,#6718),
(#6719,#6720,#6721),(#6722,#6723,#6724),(#6725,#6726,#6727),(#6728,#6729,
#6730),(#6731,#6732,#6733),(#6734,#6735,#6736),(#6737,#6738,#6739),(#6740,
#6741,#6742),(#6743,#6744,#6745),(#6746,#6747,#6748),(#6749,#6750,#6751),
(#6752,#6753,#6754),(#6755,#6756,#6757),(#6758,#6759,#6760),(#6761,#6762,
#6763),(#6764,#6765,#6766),(#6767,#6768,#6769),(#6770,#6771,#6772)),
 .UNSPECIFIED.,.F.,.F.,.F.)
B_SPLINE_SURFACE_WITH_KNOTS((4,2,2,2,2,2,2,2,2,2,2,2,2,4),(3,3),(0.,0.25,
0.375,0.4375,0.46875,0.5,0.53125,0.5625,0.625,0.75,0.8125,0.875,0.9375,
1.),(0.,1.),.UNSPECIFIED.)
GEOMETRIC_REPRESENTATION_ITEM()
RATIONAL_B_SPLINE_SURFACE(((1.,0.0809766562063409,1.),(1.,0.0835092922885286,
1.),(1.,0.0864214182046095,1.),(1.,0.0897694921318286,1.),(1.,0.0907365878833178,
1.),(1.,0.0922095268209018,1.),(1.,0.0926772792144913,1.),(1.,0.0935160576669729,
1.),(1.,0.0937760050171551,1.),(1.,0.09422188270837,1.),(1.,0.0944038613326714,
1.),(1.,0.0949583489965397,1.),(1.,0.0952942559814201,1.),(1.,0.0960581820937632,
1.),(1.,0.0965003464236486,1.),(1.,0.0978655529192266,1.),(1.,0.0987948423820778,
1.),(1.,0.10169051077938,1.),(1.,0.103529873314577,1.),(1.,0.105869709056742,
1.),(1.,0.106674794967456,1.),(1.,0.108305465224215,1.),(1.,0.108984520433592,
1.),(1.,0.110610770718558,1.),(1.,0.111547237705654,1.),(1.,0.113530300505571,
1.),(1.,0.114364995286876,1.),(1.,0.114789041346548,1.)))
REPRESENTATION_ITEM('')
SURFACE()
);
#288=(
BOUNDED_SURFACE()
B_SPLINE_SURFACE(3,2,((#6773,#6774,#6775),(#6776,#6777,#6778),(#6779,#6780,
#6781),(#6782,#6783,#6784),(#6785,#6786,#6787),(#6788,#6789,#6790),(#6791,
#6792,#6793),(#6794,#6795,#6796),(#6797,#6798,#6799),(#6800,#6801,#6802),
(#6803,#6804,#6805),(#6806,#6807,#6808),(#6809,#6810,#6811),(#6812,#6813,
#6814),(#6815,#6816,#6817),(#6818,#6819,#6820),(#6821,#6822,#6823),(#6824,
#6825,#6826),(#6827,#6828,#6829),(#6830,#6831,#6832),(#6833,#6834,#6835),
(#6836,#6837,#6838),(#6839,#6840,#6841),(#6842,#6843,#6844),(#6845,#6846,
#6847),(#6848,#6849,#6850),(#6851,#6852,#6853),(#6854,#6855,#6856),(#6857,
#6858,#6859),(#6860,#6861,#6862)),.UNSPECIFIED.,.F.,.F.,.F.)
B_SPLINE_SURFACE_WITH_KNOTS((4,2,2,2,2,2,2,2,2,2,2,2,2,2,4),(3,3),(0.,0.125,
0.1875,0.21875,0.25,0.3125,0.375,0.5,0.5625,0.59375,0.625,0.75,0.875,0.9375,
1.),(0.,1.),.UNSPECIFIED.)
GEOMETRIC_REPRESENTATION_ITEM()
RATIONAL_B_SPLINE_SURFACE(((1.,0.194383260660002,1.),(1.,0.192524985768227,
1.),(1.,0.190525471550811,1.),(1.,0.187725393038365,1.),(1.,0.186765665300756,
1.),(1.,0.185084180100503,1.),(1.,0.184542163197552,1.),(1.,0.183665907638534,
1.),(1.,0.183179712946877,1.),(1.,0.181698405207164,1.),(1.,0.180718678313666,
1.),(1.,0.178717696977385,1.),(1.,0.177643053711735,1.),(1.,0.174401029252743,
1.),(1.,0.171968549259914,1.),(1.,0.168258742561925,1.),(1.,0.167069233850037,
1.),(1.,0.165432784101099,1.),(1.,0.164921409492066,1.),(1.,0.163809560655193,
1.),(1.,0.162879151987994,1.),(1.,0.160558081483206,1.),(1.,0.15951914136456,
1.),(1.,0.15633645221306,1.),(1.,0.154578341772026,1.),(1.,0.152010102999226,
1.),(1.,0.151159416223514,1.),(1.,0.149644528826087,1.),(1.,0.149021337248172,
1.),(1.,0.148355838305483,1.)))
REPRESENTATION_ITEM('')
SURFACE()
);
#289=(
BOUNDED_SURFACE()
B_SPLINE_SURFACE(3,2,((#7300,#7301,#7302),(#7303,#7304,#7305),(#7306,#7307,
#7308),(#7309,#7310,#7311),(#7312,#7313,#7314),(#7315,#7316,#7317),(#7318,
#7319,#7320),(#7321,#7322,#7323),(#7324,#7325,#7326),(#7327,#7328,#7329),
(#7330,#7331,#7332),(#7333,#7334,#7335),(#7336,#7337,#7338),(#7339,#7340,
#7341),(#7342,#7343,#7344),(#7345,#7346,#7347),(#7348,#7349,#7350),(#7351,
#7352,#7353),(#7354,#7355,#7356),(#7357,#7358,#7359),(#7360,#7361,#7362),
(#7363,#7364,#7365),(#7366,#7367,#7368),(#7369,#7370,#7371),(#7372,#7373,
#7374),(#7375,#7376,#7377),(#7378,#7379,#7380),(#7381,#7382,#7383)),
 .UNSPECIFIED.,.F.,.F.,.F.)
B_SPLINE_SURFACE_WITH_KNOTS((4,2,2,2,2,2,2,2,2,2,2,2,2,4),(3,3),(0.,0.25,
0.375,0.4375,0.46875,0.5,0.53125,0.5625,0.625,0.75,0.8125,0.875,0.9375,
1.),(0.,1.),.UNSPECIFIED.)
GEOMETRIC_REPRESENTATION_ITEM()
RATIONAL_B_SPLINE_SURFACE(((1.,0.0809766562063352,1.),(1.,0.0835092922788681,
1.),(1.,0.0864214182174068,1.),(1.,0.0897694921254296,1.),(1.,0.090736587886154,
1.),(1.,0.092209526819497,1.),(1.,0.0926772792328255,1.),(1.,0.0935160576578214,
1.),(1.,0.0937760050106061,1.),(1.,0.0942218827148859,1.),(1.,0.0944038613082804,
1.),(1.,0.0949583490209726,1.),(1.,0.0952942559609388,1.),(1.,0.0960581821142573,
1.),(1.,0.0965003464083631,1.),(1.,0.0978655529498996,1.),(1.,0.0987948423263427,
1.),(1.,0.101690510890893,1.),(1.,0.103529873265775,1.),(1.,0.10586970908117,
1.),(1.,0.106674794939717,1.),(1.,0.108305465251983,1.),(1.,0.108984520429764,
1.),(1.,0.110610770722396,1.),(1.,0.111547237756338,1.),(1.,0.113530300454892,
1.),(1.,0.114364995324932,1.),(1.,0.114789041346552,1.)))
REPRESENTATION_ITEM('')
SURFACE()
);
#290=(
BOUNDED_SURFACE()
B_SPLINE_SURFACE(3,2,((#7384,#7385,#7386),(#7387,#7388,#7389),(#7390,#7391,
#7392),(#7393,#7394,#7395),(#7396,#7397,#7398),(#7399,#7400,#7401),(#7402,
#7403,#7404),(#7405,#7406,#7407),(#7408,#7409,#7410),(#7411,#7412,#7413),
(#7414,#7415,#7416),(#7417,#7418,#7419),(#7420,#7421,#7422),(#7423,#7424,
#7425),(#7426,#7427,#7428),(#7429,#7430,#7431),(#7432,#7433,#7434),(#7435,
#7436,#7437),(#7438,#7439,#7440),(#7441,#7442,#7443),(#7444,#7445,#7446),
(#7447,#7448,#7449),(#7450,#7451,#7452),(#7453,#7454,#7455),(#7456,#7457,
#7458),(#7459,#7460,#7461),(#7462,#7463,#7464),(#7465,#7466,#7467),(#7468,
#7469,#7470),(#7471,#7472,#7473)),.UNSPECIFIED.,.F.,.F.,.F.)
B_SPLINE_SURFACE_WITH_KNOTS((4,2,2,2,2,2,2,2,2,2,2,2,2,2,4),(3,3),(0.,0.125,
0.1875,0.21875,0.25,0.3125,0.375,0.5,0.5625,0.59375,0.625,0.75,0.875,0.9375,
1.),(0.,1.),.UNSPECIFIED.)
GEOMETRIC_REPRESENTATION_ITEM()
RATIONAL_B_SPLINE_SURFACE(((1.,0.194383260659998,1.),(1.,0.192524985812631,
1.),(1.,0.190525471491744,1.),(1.,0.187725393067858,1.),(1.,0.186765665272389,
1.),(1.,0.185084180114678,1.),(1.,0.184542163219111,1.),(1.,0.183665907616958,
1.),(1.,0.183179712933503,1.),(1.,0.181698405233872,1.),(1.,0.180718678321867,
1.),(1.,0.178717696969187,1.),(1.,0.177643053660656,1.),(1.,0.174401029354817,
1.),(1.,0.171968549322554,1.),(1.,0.168258742530535,1.),(1.,0.167069233865984,
1.),(1.,0.165432784093166,1.),(1.,0.164921409498208,1.),(1.,0.163809560648999,
1.),(1.,0.162879151949423,1.),(1.,0.160558081637561,1.),(1.,0.159519141289445,
1.),(1.,0.156336452288115,1.),(1.,0.154578341801162,1.),(1.,0.152010102984728,
1.),(1.,0.151159416265953,1.),(1.,0.149644528783594,1.),(1.,0.149021337280117,
1.),(1.,0.148355838305411,1.)))
REPRESENTATION_ITEM('')
SURFACE()
);
#291=(
BOUNDED_SURFACE()
B_SPLINE_SURFACE(3,2,((#7911,#7912,#7913),(#7914,#7915,#7916),(#7917,#7918,
#7919),(#7920,#7921,#7922),(#7923,#7924,#7925),(#7926,#7927,#7928),(#7929,
#7930,#7931),(#7932,#7933,#7934),(#7935,#7936,#7937),(#7938,#7939,#7940),
(#7941,#7942,#7943),(#7944,#7945,#7946),(#7947,#7948,#7949),(#7950,#7951,
#7952),(#7953,#7954,#7955),(#7956,#7957,#7958),(#7959,#7960,#7961),(#7962,
#7963,#7964),(#7965,#7966,#7967),(#7968,#7969,#7970),(#7971,#7972,#7973),
(#7974,#7975,#7976),(#7977,#7978,#7979),(#7980,#7981,#7982),(#7983,#7984,
#7985),(#7986,#7987,#7988),(#7989,#7990,#7991),(#7992,#7993,#7994)),
 .UNSPECIFIED.,.F.,.F.,.F.)
B_SPLINE_SURFACE_WITH_KNOTS((4,2,2,2,2,2,2,2,2,2,2,2,2,4),(3,3),(0.,0.25,
0.375,0.4375,0.46875,0.5,0.53125,0.5625,0.625,0.75,0.8125,0.875,0.9375,
1.),(0.,1.),.UNSPECIFIED.)
GEOMETRIC_REPRESENTATION_ITEM()
RATIONAL_B_SPLINE_SURFACE(((1.,0.0809766562062615,1.),(1.,0.0835092923501974,
1.),(1.,0.0864214181225229,1.),(1.,0.0897694921729183,1.),(1.,0.090736587796078,
1.),(1.,0.092209526864539,1.),(1.,0.0926772792465608,1.),(1.,0.0935160576509425,
1.),(1.,0.0937760050212164,1.),(1.,0.0942218827042906,1.),(1.,0.0944038613159063,
1.),(1.,0.0949583490133826,1.),(1.,0.0952942559662067,1.),(1.,0.096058182108943,
1.),(1.,0.0965003464271926,1.),(1.,0.097865552912226,1.),(1.,0.098794842379279,
1.),(1.,0.101690510784973,1.),(1.,0.103529873331585,1.),(1.,0.105869709048274,
1.),(1.,0.106674794947762,1.),(1.,0.10830546524391,1.),(1.,0.108984520445803,
1.),(1.,0.110610770706371,1.),(1.,0.111547237737961,1.),(1.,0.113530300473287,
1.),(1.,0.114364995311116,1.),(1.,0.114789041346551,1.)))
REPRESENTATION_ITEM('')
SURFACE()
);
#292=(
BOUNDED_SURFACE()
B_SPLINE_SURFACE(3,2,((#7995,#7996,#7997),(#7998,#7999,#8000),(#8001,#8002,
#8003),(#8004,#8005,#8006),(#8007,#8008,#8009),(#8010,#8011,#8012),(#8013,
#8014,#8015),(#8016,#8017,#8018),(#8019,#8020,#8021),(#8022,#8023,#8024),
(#8025,#8026,#8027),(#8028,#8029,#8030),(#8031,#8032,#8033),(#8034,#8035,
#8036),(#8037,#8038,#8039),(#8040,#8041,#8042),(#8043,#8044,#8045),(#8046,
#8047,#8048),(#8049,#8050,#8051),(#8052,#8053,#8054),(#8055,#8056,#8057),
(#8058,#8059,#8060),(#8061,#8062,#8063),(#8064,#8065,#8066),(#8067,#8068,
#8069),(#8070,#8071,#8072),(#8073,#8074,#8075),(#8076,#8077,#8078),(#8079,
#8080,#8081),(#8082,#8083,#8084)),.UNSPECIFIED.,.F.,.F.,.F.)
B_SPLINE_SURFACE_WITH_KNOTS((4,2,2,2,2,2,2,2,2,2,2,2,2,2,4),(3,3),(0.,0.125,
0.1875,0.21875,0.25,0.3125,0.375,0.5,0.5625,0.59375,0.625,0.75,0.875,0.9375,
1.),(0.,1.),.UNSPECIFIED.)
GEOMETRIC_REPRESENTATION_ITEM()
RATIONAL_B_SPLINE_SURFACE(((1.,0.194383260659975,1.),(1.,0.192524985835903,
1.),(1.,0.190525471460746,1.),(1.,0.187725393083438,1.),(1.,0.18676566540448,
1.),(1.,0.185084180048661,1.),(1.,0.184542163238335,1.),(1.,0.18366590759769,
1.),(1.,0.183179712934039,1.),(1.,0.181698405232706,1.),(1.,0.180718678285703,
1.),(1.,0.178717697005338,1.),(1.,0.177643053674931,1.),(1.,0.174401029326281,
1.),(1.,0.17196854928368,1.),(1.,0.168258742549978,1.),(1.,0.167069233889822,
1.),(1.,0.165432784081257,1.),(1.,0.164921409515371,1.),(1.,0.163809560631833,
1.),(1.,0.16287915196413,1.),(1.,0.160558081578598,1.),(1.,0.159519141264974,
1.),(1.,0.156336452312599,1.),(1.,0.15457834159866,1.),(1.,0.152010103085975,
1.),(1.,0.151159416238438,1.),(1.,0.149644528811168,1.),(1.,0.149021337259306,
1.),(1.,0.148355838305479,1.)))
REPRESENTATION_ITEM('')
SURFACE()
);
#293=(
BOUNDED_SURFACE()
B_SPLINE_SURFACE(3,2,((#8522,#8523,#8524),(#8525,#8526,#8527),(#8528,#8529,
#8530),(#8531,#8532,#8533),(#8534,#8535,#8536),(#8537,#8538,#8539),(#8540,
#8541,#8542),(#8543,#8544,#8545),(#8546,#8547,#8548),(#8549,#8550,#8551),
(#8552,#8553,#8554),(#8555,#8556,#8557),(#8558,#8559,#8560),(#8561,#8562,
#8563),(#8564,#8565,#8566),(#8567,#8568,#8569),(#8570,#8571,#8572),(#8573,
#8574,#8575),(#8576,#8577,#8578),(#8579,#8580,#8581),(#8582,#8583,#8584),
(#8585,#8586,#8587),(#8588,#8589,#8590),(#8591,#8592,#8593),(#8594,#8595,
#8596),(#8597,#8598,#8599),(#8600,#8601,#8602),(#8603,#8604,#8605)),
 .UNSPECIFIED.,.F.,.F.,.F.)
B_SPLINE_SURFACE_WITH_KNOTS((4,2,2,2,2,2,2,2,2,2,2,2,2,4),(3,3),(0.,0.25,
0.375,0.4375,0.46875,0.5,0.53125,0.5625,0.625,0.75,0.8125,0.875,0.9375,
1.),(0.,1.),.UNSPECIFIED.)
GEOMETRIC_REPRESENTATION_ITEM()
RATIONAL_B_SPLINE_SURFACE(((1.,0.080976656206311,1.),(1.,0.0835092922949455,
1.),(1.,0.0864214181960623,1.),(1.,0.0897694921360789,1.),(1.,0.0907365879473738,
1.),(1.,0.0922095267888708,1.),(1.,0.0926772791894331,1.),(1.,0.0935160576794917,
1.),(1.,0.0937760049910208,1.),(1.,0.0942218827344954,1.),(1.,0.0944038613173141,
1.),(1.,0.0949583490119694,1.),(1.,0.0952942559642927,1.),(1.,0.0960581821109113,
1.),(1.,0.0965003464222439,1.),(1.,0.0978655529220663,1.),(1.,0.0987948423336869,
1.),(1.,0.101690510876101,1.),(1.,0.103529873339356,1.),(1.,0.105869709044373,
1.),(1.,0.106674794949528,1.),(1.,0.108305465242144,1.),(1.,0.108984520448576,
1.),(1.,0.110610770703581,1.),(1.,0.111547237719895,1.),(1.,0.113530300491338,
1.),(1.,0.114364995297562,1.),(1.,0.114789041346557,1.)))
REPRESENTATION_ITEM('')
SURFACE()
);
#294=(
BOUNDED_SURFACE()
B_SPLINE_SURFACE(3,2,((#8606,#8607,#8608),(#8609,#8610,#8611),(#8612,#8613,
#8614),(#8615,#8616,#8617),(#8618,#8619,#8620),(#8621,#8622,#8623),(#8624,
#8625,#8626),(#8627,#8628,#8629),(#8630,#8631,#8632),(#8633,#8634,#8635),
(#8636,#8637,#8638),(#8639,#8640,#8641),(#8642,#8643,#8644),(#8645,#8646,
#8647),(#8648,#8649,#8650),(#8651,#8652,#8653),(#8654,#8655,#8656),(#8657,
#8658,#8659),(#8660,#8661,#8662),(#8663,#8664,#8665),(#8666,#8667,#8668),
(#8669,#8670,#8671),(#8672,#8673,#8674),(#8675,#8676,#8677),(#8678,#8679,
#8680),(#8681,#8682,#8683),(#8684,#8685,#8686),(#8687,#8688,#8689),(#8690,
#8691,#8692),(#8693,#8694,#8695)),.UNSPECIFIED.,.F.,.F.,.F.)
B_SPLINE_SURFACE_WITH_KNOTS((4,2,2,2,2,2,2,2,2,2,2,2,2,2,4),(3,3),(0.,0.125,
0.1875,0.21875,0.25,0.3125,0.375,0.5,0.5625,0.59375,0.625,0.75,0.875,0.9375,
1.),(0.,1.),.UNSPECIFIED.)
GEOMETRIC_REPRESENTATION_ITEM()
RATIONAL_B_SPLINE_SURFACE(((1.,0.194383260659983,1.),(1.,0.192524985887941,
1.),(1.,0.19052547139146,1.),(1.,0.187725393117991,1.),(1.,0.18676566535589,
1.),(1.,0.185084180072926,1.),(1.,0.18454216323306,1.),(1.,0.183665907602939,
1.),(1.,0.183179712999221,1.),(1.,0.181698405102435,1.),(1.,0.180718678279878,
1.),(1.,0.17871769701117,1.),(1.,0.177643053667816,1.),(1.,0.174401029340572,
1.),(1.,0.171968549223401,1.),(1.,0.168258742580113,1.),(1.,0.167069233846098,
1.),(1.,0.165432784103131,1.),(1.,0.164921409506204,1.),(1.,0.163809560641018,
1.),(1.,0.162879151969508,1.),(1.,0.160558081557153,1.),(1.,0.159519141300088,
1.),(1.,0.156336452277482,1.),(1.,0.154578341770417,1.),(1.,0.152010103000066,
1.),(1.,0.151159416122491,1.),(1.,0.149644528927124,1.),(1.,0.149021337172222,
1.),(1.,0.148355838305469,1.)))
REPRESENTATION_ITEM('')
SURFACE()
);
#295=(
BOUNDED_SURFACE()
B_SPLINE_SURFACE(3,2,((#9133,#9134,#9135),(#9136,#9137,#9138),(#9139,#9140,
#9141),(#9142,#9143,#9144),(#9145,#9146,#9147),(#9148,#9149,#9150),(#9151,
#9152,#9153),(#9154,#9155,#9156),(#9157,#9158,#9159),(#9160,#9161,#9162),
(#9163,#9164,#9165),(#9166,#9167,#9168),(#9169,#9170,#9171),(#9172,#9173,
#9174),(#9175,#9176,#9177),(#9178,#9179,#9180),(#9181,#9182,#9183),(#9184,
#9185,#9186),(#9187,#9188,#9189),(#9190,#9191,#9192),(#9193,#9194,#9195),
(#9196,#9197,#9198),(#9199,#9200,#9201),(#9202,#9203,#9204),(#9205,#9206,
#9207),(#9208,#9209,#9210),(#9211,#9212,#9213),(#9214,#9215,#9216)),
 .UNSPECIFIED.,.F.,.F.,.F.)
B_SPLINE_SURFACE_WITH_KNOTS((4,2,2,2,2,2,2,2,2,2,2,2,2,4),(3,3),(0.,0.25,
0.375,0.4375,0.46875,0.5,0.53125,0.5625,0.625,0.75,0.8125,0.875,0.9375,
1.),(0.,1.),.UNSPECIFIED.)
GEOMETRIC_REPRESENTATION_ITEM()
RATIONAL_B_SPLINE_SURFACE(((1.,0.0809766562063212,1.),(1.,0.0835092922948344,
1.),(1.,0.0864214181961439,1.),(1.,0.0897694921360272,1.),(1.,0.0907365878333189,
1.),(1.,0.0922095268459169,1.),(1.,0.0926772791922514,1.),(1.,0.0935160576780942,
1.),(1.,0.0937760050141536,1.),(1.,0.0942218827113574,1.),(1.,0.0944038613052845,
1.),(1.,0.0949583490239964,1.),(1.,0.0952942559695891,1.),(1.,0.0960581821056034,
1.),(1.,0.0965003464139763,1.),(1.,0.0978655529386016,1.),(1.,0.0987948423747158,
1.),(1.,0.101690510794089,1.),(1.,0.103529873303976,1.),(1.,0.105869709062082,
1.),(1.,0.106674794948468,1.),(1.,0.108305465243203,1.),(1.,0.108984520424901,
1.),(1.,0.110610770727257,1.),(1.,0.111547237741087,1.),(1.,0.113530300470168,
1.),(1.,0.11436499531344,1.),(1.,0.11478904134656,1.)))
REPRESENTATION_ITEM('')
SURFACE()
);
#296=(
BOUNDED_SURFACE()
B_SPLINE_SURFACE(3,2,((#9217,#9218,#9219),(#9220,#9221,#9222),(#9223,#9224,
#9225),(#9226,#9227,#9228),(#9229,#9230,#9231),(#9232,#9233,#9234),(#9235,
#9236,#9237),(#9238,#9239,#9240),(#9241,#9242,#9243),(#9244,#9245,#9246),
(#9247,#9248,#9249),(#9250,#9251,#9252),(#9253,#9254,#9255),(#9256,#9257,
#9258),(#9259,#9260,#9261),(#9262,#9263,#9264),(#9265,#9266,#9267),(#9268,
#9269,#9270),(#9271,#9272,#9273),(#9274,#9275,#9276),(#9277,#9278,#9279),
(#9280,#9281,#9282),(#9283,#9284,#9285),(#9286,#9287,#9288),(#9289,#9290,
#9291),(#9292,#9293,#9294),(#9295,#9296,#9297),(#9298,#9299,#9300),(#9301,
#9302,#9303),(#9304,#9305,#9306)),.UNSPECIFIED.,.F.,.F.,.F.)
B_SPLINE_SURFACE_WITH_KNOTS((4,2,2,2,2,2,2,2,2,2,2,2,2,2,4),(3,3),(0.,0.125,
0.1875,0.21875,0.25,0.3125,0.375,0.5,0.5625,0.59375,0.625,0.75,0.875,0.9375,
1.),(0.,1.),.UNSPECIFIED.)
GEOMETRIC_REPRESENTATION_ITEM()
RATIONAL_B_SPLINE_SURFACE(((1.,0.194383260659951,1.),(1.,0.192524985821397,
1.),(1.,0.190525471480087,1.),(1.,0.187725393073705,1.),(1.,0.186765665328378,
1.),(1.,0.185084180086695,1.),(1.,0.184542163204381,1.),(1.,0.183665907631726,
1.),(1.,0.183179712979056,1.),(1.,0.181698405142762,1.),(1.,0.180718678273221,
1.),(1.,0.178717697017751,1.),(1.,0.177643053641648,1.),(1.,0.174401029392788,
1.),(1.,0.17196854914827,1.),(1.,0.1682587426177,1.),(1.,0.167069233851614,
1.),(1.,0.165432784100334,1.),(1.,0.164921409508825,1.),(1.,0.163809560638432,
1.),(1.,0.162879151985404,1.),(1.,0.160558081493461,1.),(1.,0.159519141267533,
1.),(1.,0.156336452309994,1.),(1.,0.154578341763179,1.),(1.,0.152010103003699,
1.),(1.,0.15115941617945,1.),(1.,0.149644528870125,1.),(1.,0.149021337215038,
1.),(1.,0.148355838305494,1.)))
REPRESENTATION_ITEM('')
SURFACE()
);
#297=(
BOUNDED_SURFACE()
B_SPLINE_SURFACE(3,2,((#9744,#9745,#9746),(#9747,#9748,#9749),(#9750,#9751,
#9752),(#9753,#9754,#9755),(#9756,#9757,#9758),(#9759,#9760,#9761),(#9762,
#9763,#9764),(#9765,#9766,#9767),(#9768,#9769,#9770),(#9771,#9772,#9773),
(#9774,#9775,#9776),(#9777,#9778,#9779),(#9780,#9781,#9782),(#9783,#9784,
#9785),(#9786,#9787,#9788),(#9789,#9790,#9791),(#9792,#9793,#9794),(#9795,
#9796,#9797),(#9798,#9799,#9800),(#9801,#9802,#9803),(#9804,#9805,#9806),
(#9807,#9808,#9809),(#9810,#9811,#9812),(#9813,#9814,#9815),(#9816,#9817,
#9818),(#9819,#9820,#9821),(#9822,#9823,#9824),(#9825,#9826,#9827)),
 .UNSPECIFIED.,.F.,.F.,.F.)
B_SPLINE_SURFACE_WITH_KNOTS((4,2,2,2,2,2,2,2,2,2,2,2,2,4),(3,3),(0.,0.25,
0.375,0.4375,0.46875,0.5,0.53125,0.5625,0.625,0.75,0.8125,0.875,0.9375,
1.),(0.,1.),.UNSPECIFIED.)
GEOMETRIC_REPRESENTATION_ITEM()
RATIONAL_B_SPLINE_SURFACE(((1.,0.0809766562063075,1.),(1.,0.0835092924353502,
1.),(1.,0.086421418009071,1.),(1.,0.089769492229567,1.),(1.,0.0907365879093974,
1.),(1.,0.0922095268078839,1.),(1.,0.0926772792180067,1.),(1.,0.0935160576652102,
1.),(1.,0.0937760050051538,1.),(1.,0.0942218827203691,1.),(1.,0.0944038613074216,
1.),(1.,0.0949583490218686,1.),(1.,0.0952942559770035,1.),(1.,0.0960581820981762,
1.),(1.,0.0965003464116978,1.),(1.,0.0978655529432202,1.),(1.,0.0987948423891058,
1.),(1.,0.101690510765329,1.),(1.,0.103529873296885,1.),(1.,0.105869709065595,
1.),(1.,0.106674794963599,1.),(1.,0.108305465228086,1.),(1.,0.108984520434998,
1.),(1.,0.110610770717161,1.),(1.,0.111547237749766,1.),(1.,0.113530300461465,
1.),(1.,0.114364995320011,1.),(1.,0.11478904134656,1.)))
REPRESENTATION_ITEM('')
SURFACE()
);
#298=(
BOUNDED_SURFACE()
B_SPLINE_SURFACE(3,2,((#9828,#9829,#9830),(#9831,#9832,#9833),(#9834,#9835,
#9836),(#9837,#9838,#9839),(#9840,#9841,#9842),(#9843,#9844,#9845),(#9846,
#9847,#9848),(#9849,#9850,#9851),(#9852,#9853,#9854),(#9855,#9856,#9857),
(#9858,#9859,#9860),(#9861,#9862,#9863),(#9864,#9865,#9866),(#9867,#9868,
#9869),(#9870,#9871,#9872),(#9873,#9874,#9875),(#9876,#9877,#9878),(#9879,
#9880,#9881),(#9882,#9883,#9884),(#9885,#9886,#9887),(#9888,#9889,#9890),
(#9891,#9892,#9893),(#9894,#9895,#9896),(#9897,#9898,#9899),(#9900,#9901,
#9902),(#9903,#9904,#9905),(#9906,#9907,#9908),(#9909,#9910,#9911),(#9912,
#9913,#9914),(#9915,#9916,#9917)),.UNSPECIFIED.,.F.,.F.,.F.)
B_SPLINE_SURFACE_WITH_KNOTS((4,2,2,2,2,2,2,2,2,2,2,2,2,2,4),(3,3),(0.,0.125,
0.1875,0.21875,0.25,0.3125,0.375,0.5,0.5625,0.59375,0.625,0.75,0.875,0.9375,
1.),(0.,1.),.UNSPECIFIED.)
GEOMETRIC_REPRESENTATION_ITEM()
RATIONAL_B_SPLINE_SURFACE(((1.,0.194383260660022,1.),(1.,0.192524985858728,
1.),(1.,0.190525471430348,1.),(1.,0.187725393098581,1.),(1.,0.186765665268155,
1.),(1.,0.185084180116818,1.),(1.,0.184542163235638,1.),(1.,0.183665907600428,
1.),(1.,0.183179712977476,1.),(1.,0.181698405145842,1.),(1.,0.180718678244124,
1.),(1.,0.178717697046941,1.),(1.,0.177643053686017,1.),(1.,0.174401029304204,
1.),(1.,0.171968549185538,1.),(1.,0.168258742599062,1.),(1.,0.16706923389454,
1.),(1.,0.165432784078871,1.),(1.,0.164921409504212,1.),(1.,0.163809560643021,
1.),(1.,0.162879151946646,1.),(1.,0.160558081648636,1.),(1.,0.159519141291179,
1.),(1.,0.156336452286338,1.),(1.,0.154578341868816,1.),(1.,0.152010102950879,
1.),(1.,0.151159416189526,1.),(1.,0.149644528860066,1.),(1.,0.149021337222597,
1.),(1.,0.148355838305486,1.)))
REPRESENTATION_ITEM('')
SURFACE()
);
#299=(
BOUNDED_SURFACE()
B_SPLINE_SURFACE(3,2,((#10355,#10356,#10357),(#10358,#10359,#10360),(#10361,
#10362,#10363),(#10364,#10365,#10366),(#10367,#10368,#10369),(#10370,#10371,
#10372),(#10373,#10374,#10375),(#10376,#10377,#10378),(#10379,#10380,#10381),
(#10382,#10383,#10384),(#10385,#10386,#10387),(#10388,#10389,#10390),(#10391,
#10392,#10393),(#10394,#10395,#10396),(#10397,#10398,#10399),(#10400,#10401,
#10402),(#10403,#10404,#10405),(#10406,#10407,#10408),(#10409,#10410,#10411),
(#10412,#10413,#10414),(#10415,#10416,#10417),(#10418,#10419,#10420),(#10421,
#10422,#10423),(#10424,#10425,#10426),(#10427,#10428,#10429),(#10430,#10431,
#10432),(#10433,#10434,#10435),(#10436,#10437,#10438)),.UNSPECIFIED.,.F.,
 .F.,.F.)
B_SPLINE_SURFACE_WITH_KNOTS((4,2,2,2,2,2,2,2,2,2,2,2,2,4),(3,3),(0.,0.25,
0.375,0.4375,0.46875,0.5,0.53125,0.5625,0.625,0.75,0.8125,0.875,0.9375,
1.),(0.,1.),.UNSPECIFIED.)
GEOMETRIC_REPRESENTATION_ITEM()
RATIONAL_B_SPLINE_SURFACE(((1.,0.0809766562063146,1.),(1.,0.0835092923671897,
1.),(1.,0.0864214180998263,1.),(1.,0.0897694921842152,1.),(1.,0.0907365878446306,
1.),(1.,0.0922095268402643,1.),(1.,0.0926772791915693,1.),(1.,0.0935160576784412,
1.),(1.,0.0937760050077846,1.),(1.,0.0942218827176985,1.),(1.,0.0944038613079416,
1.),(1.,0.0949583490213446,1.),(1.,0.0952942559621647,1.),(1.,0.0960581821130429,
1.),(1.,0.0965003464370159,1.),(1.,0.0978655528924714,1.),(1.,0.0987948423673819,
1.),(1.,0.101690510808826,1.),(1.,0.103529873330862,1.),(1.,0.105869709048618,
1.),(1.,0.106674794946376,1.),(1.,0.108305465245306,1.),(1.,0.108984520457992,
1.),(1.,0.110610770694162,1.),(1.,0.111547237748366,1.),(1.,0.11353030046286,
1.),(1.,0.114364995318947,1.),(1.,0.114789041346554,1.)))
REPRESENTATION_ITEM('')
SURFACE()
);
#300=(
BOUNDED_SURFACE()
B_SPLINE_SURFACE(3,2,((#10439,#10440,#10441),(#10442,#10443,#10444),(#10445,
#10446,#10447),(#10448,#10449,#10450),(#10451,#10452,#10453),(#10454,#10455,
#10456),(#10457,#10458,#10459),(#10460,#10461,#10462),(#10463,#10464,#10465),
(#10466,#10467,#10468),(#10469,#10470,#10471),(#10472,#10473,#10474),(#10475,
#10476,#10477),(#10478,#10479,#10480),(#10481,#10482,#10483),(#10484,#10485,
#10486),(#10487,#10488,#10489),(#10490,#10491,#10492),(#10493,#10494,#10495),
(#10496,#10497,#10498),(#10499,#10500,#10501),(#10502,#10503,#10504),(#10505,
#10506,#10507),(#10508,#10509,#10510),(#10511,#10512,#10513),(#10514,#10515,
#10516),(#10517,#10518,#10519),(#10520,#10521,#10522),(#10523,#10524,#10525),
(#10526,#10527,#10528)),.UNSPECIFIED.,.F.,.F.,.F.)
B_SPLINE_SURFACE_WITH_KNOTS((4,2,2,2,2,2,2,2,2,2,2,2,2,2,4),(3,3),(0.,0.125,
0.1875,0.21875,0.25,0.3125,0.375,0.5,0.5625,0.59375,0.625,0.75,0.875,0.9375,
1.),(0.,1.),.UNSPECIFIED.)
GEOMETRIC_REPRESENTATION_ITEM()
RATIONAL_B_SPLINE_SURFACE(((1.,0.194383260659973,1.),(1.,0.192524985791041,
1.),(1.,0.190525471520557,1.),(1.,0.187725393053503,1.),(1.,0.186765665320149,
1.),(1.,0.185084180090769,1.),(1.,0.184542163228414,1.),(1.,0.183665907607632,
1.),(1.,0.1831797129162,1.),(1.,0.181698405268409,1.),(1.,0.180718678314899,
1.),(1.,0.178717696976247,1.),(1.,0.177643053693521,1.),(1.,0.174401029289097,
1.),(1.,0.171968549114208,1.),(1.,0.168258742634721,1.),(1.,0.16706923391444,
1.),(1.,0.165432784068921,1.),(1.,0.164921409474687,1.),(1.,0.163809560672548,
1.),(1.,0.162879151930539,1.),(1.,0.160558081712998,1.),(1.,0.159519141315679,
1.),(1.,0.156336452261883,1.),(1.,0.154578341761549,1.),(1.,0.152010103004518,
1.),(1.,0.151159416221116,1.),(1.,0.149644528828493,1.),(1.,0.149021337246362,
1.),(1.,0.148355838305475,1.)))
REPRESENTATION_ITEM('')
SURFACE()
);
#301=CONICAL_SURFACE('',#2154,237.935056559774,78.4775574261312);
#302=CONICAL_SURFACE('',#2157,189.5,83.);
#303=CONICAL_SURFACE('',#2160,237.935056559774,78.4775574261311);
#304=CONICAL_SURFACE('',#2185,27.3835394410131,21.8273298186507);
#305=CONICAL_SURFACE('',#2205,52.5,56.3099324740202);
#306=PRESENTATION_LAYER_ASSIGNMENT('1','Layer 1',(#656,#657,#658,#659,#660,
#661,#662,#663,#664,#665));
#307=STYLED_ITEM('',(#317),#656);
#308=STYLED_ITEM('',(#318),#657);
#309=STYLED_ITEM('',(#319),#658);
#310=STYLED_ITEM('',(#327),#659);
#311=STYLED_ITEM('',(#332),#660);
#312=STYLED_ITEM('',(#339),#661);
#313=STYLED_ITEM('',(#346),#662);
#314=STYLED_ITEM('',(#353),#663);
#315=STYLED_ITEM('',(#360),#664);
#316=STYLED_ITEM('',(#361),#665);
#317=PRESENTATION_STYLE_ASSIGNMENT((#373));
#318=PRESENTATION_STYLE_ASSIGNMENT((#374));
#319=PRESENTATION_STYLE_ASSIGNMENT((#375));
#320=PRESENTATION_STYLE_ASSIGNMENT((#376));
#321=PRESENTATION_STYLE_ASSIGNMENT((#377));
#322=PRESENTATION_STYLE_ASSIGNMENT((#378));
#323=PRESENTATION_STYLE_ASSIGNMENT((#379));
#324=PRESENTATION_STYLE_ASSIGNMENT((#380));
#325=PRESENTATION_STYLE_ASSIGNMENT((#381));
#326=PRESENTATION_STYLE_ASSIGNMENT((#382));
#327=PRESENTATION_STYLE_ASSIGNMENT((#383));
#328=PRESENTATION_STYLE_ASSIGNMENT((#384));
#329=PRESENTATION_STYLE_ASSIGNMENT((#385));
#330=PRESENTATION_STYLE_ASSIGNMENT((#386));
#331=PRESENTATION_STYLE_ASSIGNMENT((#387));
#332=PRESENTATION_STYLE_ASSIGNMENT((#388));
#333=PRESENTATION_STYLE_ASSIGNMENT((#389));
#334=PRESENTATION_STYLE_ASSIGNMENT((#390));
#335=PRESENTATION_STYLE_ASSIGNMENT((#391));
#336=PRESENTATION_STYLE_ASSIGNMENT((#392));
#337=PRESENTATION_STYLE_ASSIGNMENT((#393));
#338=PRESENTATION_STYLE_ASSIGNMENT((#394));
#339=PRESENTATION_STYLE_ASSIGNMENT((#395));
#340=PRESENTATION_STYLE_ASSIGNMENT((#396));
#341=PRESENTATION_STYLE_ASSIGNMENT((#397));
#342=PRESENTATION_STYLE_ASSIGNMENT((#398));
#343=PRESENTATION_STYLE_ASSIGNMENT((#399));
#344=PRESENTATION_STYLE_ASSIGNMENT((#400));
#345=PRESENTATION_STYLE_ASSIGNMENT((#401));
#346=PRESENTATION_STYLE_ASSIGNMENT((#402));
#347=PRESENTATION_STYLE_ASSIGNMENT((#403));
#348=PRESENTATION_STYLE_ASSIGNMENT((#404));
#349=PRESENTATION_STYLE_ASSIGNMENT((#405));
#350=PRESENTATION_STYLE_ASSIGNMENT((#406));
#351=PRESENTATION_STYLE_ASSIGNMENT((#407));
#352=PRESENTATION_STYLE_ASSIGNMENT((#408));
#353=PRESENTATION_STYLE_ASSIGNMENT((#409));
#354=PRESENTATION_STYLE_ASSIGNMENT((#410));
#355=PRESENTATION_STYLE_ASSIGNMENT((#411));
#356=PRESENTATION_STYLE_ASSIGNMENT((#412));
#357=PRESENTATION_STYLE_ASSIGNMENT((#413));
#358=PRESENTATION_STYLE_ASSIGNMENT((#414));
#359=PRESENTATION_STYLE_ASSIGNMENT((#415));
#360=PRESENTATION_STYLE_ASSIGNMENT((#416));
#361=PRESENTATION_STYLE_ASSIGNMENT((#417));
#362=PRESENTATION_STYLE_ASSIGNMENT((#418));
#363=PRESENTATION_STYLE_ASSIGNMENT((#419));
#364=PRESENTATION_STYLE_ASSIGNMENT((#420));
#365=PRESENTATION_STYLE_ASSIGNMENT((#421));
#366=PRESENTATION_STYLE_ASSIGNMENT((#422));
#367=PRESENTATION_STYLE_ASSIGNMENT((#423));
#368=PRESENTATION_STYLE_ASSIGNMENT((#424));
#369=PRESENTATION_STYLE_ASSIGNMENT((#425));
#370=PRESENTATION_STYLE_ASSIGNMENT((#426));
#371=PRESENTATION_STYLE_ASSIGNMENT((#427));
#372=PRESENTATION_STYLE_ASSIGNMENT((#428));
#373=SURFACE_STYLE_USAGE(.BOTH.,#429);
#374=SURFACE_STYLE_USAGE(.BOTH.,#430);
#375=SURFACE_STYLE_USAGE(.BOTH.,#431);
#376=SURFACE_STYLE_USAGE(.BOTH.,#432);
#377=SURFACE_STYLE_USAGE(.BOTH.,#433);
#378=SURFACE_STYLE_USAGE(.BOTH.,#434);
#379=SURFACE_STYLE_USAGE(.BOTH.,#435);
#380=SURFACE_STYLE_USAGE(.BOTH.,#436);
#381=SURFACE_STYLE_USAGE(.BOTH.,#437);
#382=SURFACE_STYLE_USAGE(.BOTH.,#438);
#383=SURFACE_STYLE_USAGE(.BOTH.,#439);
#384=SURFACE_STYLE_USAGE(.BOTH.,#440);
#385=SURFACE_STYLE_USAGE(.BOTH.,#441);
#386=SURFACE_STYLE_USAGE(.BOTH.,#442);
#387=SURFACE_STYLE_USAGE(.BOTH.,#443);
#388=SURFACE_STYLE_USAGE(.BOTH.,#444);
#389=SURFACE_STYLE_USAGE(.BOTH.,#445);
#390=SURFACE_STYLE_USAGE(.BOTH.,#446);
#391=SURFACE_STYLE_USAGE(.BOTH.,#447);
#392=SURFACE_STYLE_USAGE(.BOTH.,#448);
#393=SURFACE_STYLE_USAGE(.BOTH.,#449);
#394=SURFACE_STYLE_USAGE(.BOTH.,#450);
#395=SURFACE_STYLE_USAGE(.BOTH.,#451);
#396=SURFACE_STYLE_USAGE(.BOTH.,#452);
#397=SURFACE_STYLE_USAGE(.BOTH.,#453);
#398=SURFACE_STYLE_USAGE(.BOTH.,#454);
#399=SURFACE_STYLE_USAGE(.BOTH.,#455);
#400=SURFACE_STYLE_USAGE(.BOTH.,#456);
#401=SURFACE_STYLE_USAGE(.BOTH.,#457);
#402=SURFACE_STYLE_USAGE(.BOTH.,#458);
#403=SURFACE_STYLE_USAGE(.BOTH.,#459);
#404=SURFACE_STYLE_USAGE(.BOTH.,#460);
#405=SURFACE_STYLE_USAGE(.BOTH.,#461);
#406=SURFACE_STYLE_USAGE(.BOTH.,#462);
#407=SURFACE_STYLE_USAGE(.BOTH.,#463);
#408=SURFACE_STYLE_USAGE(.BOTH.,#464);
#409=SURFACE_STYLE_USAGE(.BOTH.,#465);
#410=SURFACE_STYLE_USAGE(.BOTH.,#466);
#411=SURFACE_STYLE_USAGE(.BOTH.,#467);
#412=SURFACE_STYLE_USAGE(.BOTH.,#468);
#413=SURFACE_STYLE_USAGE(.BOTH.,#469);
#414=SURFACE_STYLE_USAGE(.BOTH.,#470);
#415=SURFACE_STYLE_USAGE(.BOTH.,#471);
#416=SURFACE_STYLE_USAGE(.BOTH.,#472);
#417=SURFACE_STYLE_USAGE(.BOTH.,#473);
#418=SURFACE_STYLE_USAGE(.BOTH.,#474);
#419=SURFACE_STYLE_USAGE(.BOTH.,#475);
#420=SURFACE_STYLE_USAGE(.BOTH.,#476);
#421=SURFACE_STYLE_USAGE(.BOTH.,#477);
#422=SURFACE_STYLE_USAGE(.BOTH.,#478);
#423=SURFACE_STYLE_USAGE(.BOTH.,#479);
#424=SURFACE_STYLE_USAGE(.BOTH.,#480);
#425=SURFACE_STYLE_USAGE(.BOTH.,#481);
#426=SURFACE_STYLE_USAGE(.BOTH.,#482);
#427=SURFACE_STYLE_USAGE(.BOTH.,#483);
#428=SURFACE_STYLE_USAGE(.BOTH.,#484);
#429=SURFACE_SIDE_STYLE('',(#485));
#430=SURFACE_SIDE_STYLE('',(#486));
#431=SURFACE_SIDE_STYLE('',(#487));
#432=SURFACE_SIDE_STYLE('',(#488));
#433=SURFACE_SIDE_STYLE('',(#489));
#434=SURFACE_SIDE_STYLE('',(#490));
#435=SURFACE_SIDE_STYLE('',(#491));
#436=SURFACE_SIDE_STYLE('',(#492));
#437=SURFACE_SIDE_STYLE('',(#493));
#438=SURFACE_SIDE_STYLE('',(#494));
#439=SURFACE_SIDE_STYLE('',(#495));
#440=SURFACE_SIDE_STYLE('',(#496));
#441=SURFACE_SIDE_STYLE('',(#497));
#442=SURFACE_SIDE_STYLE('',(#498));
#443=SURFACE_SIDE_STYLE('',(#499));
#444=SURFACE_SIDE_STYLE('',(#500));
#445=SURFACE_SIDE_STYLE('',(#501));
#446=SURFACE_SIDE_STYLE('',(#502));
#447=SURFACE_SIDE_STYLE('',(#503));
#448=SURFACE_SIDE_STYLE('',(#504));
#449=SURFACE_SIDE_STYLE('',(#505));
#450=SURFACE_SIDE_STYLE('',(#506));
#451=SURFACE_SIDE_STYLE('',(#507));
#452=SURFACE_SIDE_STYLE('',(#508));
#453=SURFACE_SIDE_STYLE('',(#509));
#454=SURFACE_SIDE_STYLE('',(#510));
#455=SURFACE_SIDE_STYLE('',(#511));
#456=SURFACE_SIDE_STYLE('',(#512));
#457=SURFACE_SIDE_STYLE('',(#513));
#458=SURFACE_SIDE_STYLE('',(#514));
#459=SURFACE_SIDE_STYLE('',(#515));
#460=SURFACE_SIDE_STYLE('',(#516));
#461=SURFACE_SIDE_STYLE('',(#517));
#462=SURFACE_SIDE_STYLE('',(#518));
#463=SURFACE_SIDE_STYLE('',(#519));
#464=SURFACE_SIDE_STYLE('',(#520));
#465=SURFACE_SIDE_STYLE('',(#521));
#466=SURFACE_SIDE_STYLE('',(#522));
#467=SURFACE_SIDE_STYLE('',(#523));
#468=SURFACE_SIDE_STYLE('',(#524));
#469=SURFACE_SIDE_STYLE('',(#525));
#470=SURFACE_SIDE_STYLE('',(#526));
#471=SURFACE_SIDE_STYLE('',(#527));
#472=SURFACE_SIDE_STYLE('',(#528));
#473=SURFACE_SIDE_STYLE('',(#529));
#474=SURFACE_SIDE_STYLE('',(#530));
#475=SURFACE_SIDE_STYLE('',(#531));
#476=SURFACE_SIDE_STYLE('',(#532));
#477=SURFACE_SIDE_STYLE('',(#533));
#478=SURFACE_SIDE_STYLE('',(#534));
#479=SURFACE_SIDE_STYLE('',(#535));
#480=SURFACE_SIDE_STYLE('',(#536));
#481=SURFACE_SIDE_STYLE('',(#537));
#482=SURFACE_SIDE_STYLE('',(#538));
#483=SURFACE_SIDE_STYLE('',(#539));
#484=SURFACE_SIDE_STYLE('',(#540));
#485=SURFACE_STYLE_FILL_AREA(#541);
#486=SURFACE_STYLE_FILL_AREA(#542);
#487=SURFACE_STYLE_FILL_AREA(#543);
#488=SURFACE_STYLE_FILL_AREA(#544);
#489=SURFACE_STYLE_FILL_AREA(#545);
#490=SURFACE_STYLE_FILL_AREA(#546);
#491=SURFACE_STYLE_FILL_AREA(#547);
#492=SURFACE_STYLE_FILL_AREA(#548);
#493=SURFACE_STYLE_FILL_AREA(#549);
#494=SURFACE_STYLE_FILL_AREA(#550);
#495=SURFACE_STYLE_FILL_AREA(#551);
#496=SURFACE_STYLE_FILL_AREA(#552);
#497=SURFACE_STYLE_FILL_AREA(#553);
#498=SURFACE_STYLE_FILL_AREA(#554);
#499=SURFACE_STYLE_FILL_AREA(#555);
#500=SURFACE_STYLE_FILL_AREA(#556);
#501=SURFACE_STYLE_FILL_AREA(#557);
#502=SURFACE_STYLE_FILL_AREA(#558);
#503=SURFACE_STYLE_FILL_AREA(#559);
#504=SURFACE_STYLE_FILL_AREA(#560);
#505=SURFACE_STYLE_FILL_AREA(#561);
#506=SURFACE_STYLE_FILL_AREA(#562);
#507=SURFACE_STYLE_FILL_AREA(#563);
#508=SURFACE_STYLE_FILL_AREA(#564);
#509=SURFACE_STYLE_FILL_AREA(#565);
#510=SURFACE_STYLE_FILL_AREA(#566);
#511=SURFACE_STYLE_FILL_AREA(#567);
#512=SURFACE_STYLE_FILL_AREA(#568);
#513=SURFACE_STYLE_FILL_AREA(#569);
#514=SURFACE_STYLE_FILL_AREA(#570);
#515=SURFACE_STYLE_FILL_AREA(#571);
#516=SURFACE_STYLE_FILL_AREA(#572);
#517=SURFACE_STYLE_FILL_AREA(#573);
#518=SURFACE_STYLE_FILL_AREA(#574);
#519=SURFACE_STYLE_FILL_AREA(#575);
#520=SURFACE_STYLE_FILL_AREA(#576);
#521=SURFACE_STYLE_FILL_AREA(#577);
#522=SURFACE_STYLE_FILL_AREA(#578);
#523=SURFACE_STYLE_FILL_AREA(#579);
#524=SURFACE_STYLE_FILL_AREA(#580);
#525=SURFACE_STYLE_FILL_AREA(#581);
#526=SURFACE_STYLE_FILL_AREA(#582);
#527=SURFACE_STYLE_FILL_AREA(#583);
#528=SURFACE_STYLE_FILL_AREA(#584);
#529=SURFACE_STYLE_FILL_AREA(#585);
#530=SURFACE_STYLE_FILL_AREA(#586);
#531=SURFACE_STYLE_FILL_AREA(#587);
#532=SURFACE_STYLE_FILL_AREA(#588);
#533=SURFACE_STYLE_FILL_AREA(#589);
#534=SURFACE_STYLE_FILL_AREA(#590);
#535=SURFACE_STYLE_FILL_AREA(#591);
#536=SURFACE_STYLE_FILL_AREA(#592);
#537=SURFACE_STYLE_FILL_AREA(#593);
#538=SURFACE_STYLE_FILL_AREA(#594);
#539=SURFACE_STYLE_FILL_AREA(#595);
#540=SURFACE_STYLE_FILL_AREA(#596);
#541=FILL_AREA_STYLE('',(#597));
#542=FILL_AREA_STYLE('',(#598));
#543=FILL_AREA_STYLE('',(#599));
#544=FILL_AREA_STYLE('',(#600));
#545=FILL_AREA_STYLE('',(#601));
#546=FILL_AREA_STYLE('',(#602));
#547=FILL_AREA_STYLE('',(#603));
#548=FILL_AREA_STYLE('',(#604));
#549=FILL_AREA_STYLE('',(#605));
#550=FILL_AREA_STYLE('',(#606));
#551=FILL_AREA_STYLE('',(#607));
#552=FILL_AREA_STYLE('',(#608));
#553=FILL_AREA_STYLE('',(#609));
#554=FILL_AREA_STYLE('',(#610));
#555=FILL_AREA_STYLE('',(#611));
#556=FILL_AREA_STYLE('',(#612));
#557=FILL_AREA_STYLE('',(#613));
#558=FILL_AREA_STYLE('',(#614));
#559=FILL_AREA_STYLE('',(#615));
#560=FILL_AREA_STYLE('',(#616));
#561=FILL_AREA_STYLE('',(#617));
#562=FILL_AREA_STYLE('',(#618));
#563=FILL_AREA_STYLE('',(#619));
#564=FILL_AREA_STYLE('',(#620));
#565=FILL_AREA_STYLE('',(#621));
#566=FILL_AREA_STYLE('',(#622));
#567=FILL_AREA_STYLE('',(#623));
#568=FILL_AREA_STYLE('',(#624));
#569=FILL_AREA_STYLE('',(#625));
#570=FILL_AREA_STYLE('',(#626));
#571=FILL_AREA_STYLE('',(#627));
#572=FILL_AREA_STYLE('',(#628));
#573=FILL_AREA_STYLE('',(#629));
#574=FILL_AREA_STYLE('',(#630));
#575=FILL_AREA_STYLE('',(#631));
#576=FILL_AREA_STYLE('',(#632));
#577=FILL_AREA_STYLE('',(#633));
#578=FILL_AREA_STYLE('',(#634));
#579=FILL_AREA_STYLE('',(#635));
#580=FILL_AREA_STYLE('',(#636));
#581=FILL_AREA_STYLE('',(#637));
#582=FILL_AREA_STYLE('',(#638));
#583=FILL_AREA_STYLE('',(#639));
#584=FILL_AREA_STYLE('',(#640));
#585=FILL_AREA_STYLE('',(#641));
#586=FILL_AREA_STYLE('',(#642));
#587=FILL_AREA_STYLE('',(#643));
#588=FILL_AREA_STYLE('',(#644));
#589=FILL_AREA_STYLE('',(#645));
#590=FILL_AREA_STYLE('',(#646));
#591=FILL_AREA_STYLE('',(#647));
#592=FILL_AREA_STYLE('',(#648));
#593=FILL_AREA_STYLE('',(#649));
#594=FILL_AREA_STYLE('',(#650));
#595=FILL_AREA_STYLE('',(#651));
#596=FILL_AREA_STYLE('',(#652));
#597=FILL_AREA_STYLE_COLOUR('',#653);
#598=FILL_AREA_STYLE_COLOUR('',#653);
#599=FILL_AREA_STYLE_COLOUR('',#653);
#600=FILL_AREA_STYLE_COLOUR('',#654);
#601=FILL_AREA_STYLE_COLOUR('',#654);
#602=FILL_AREA_STYLE_COLOUR('',#654);
#603=FILL_AREA_STYLE_COLOUR('',#654);
#604=FILL_AREA_STYLE_COLOUR('',#654);
#605=FILL_AREA_STYLE_COLOUR('',#654);
#606=FILL_AREA_STYLE_COLOUR('',#654);
#607=FILL_AREA_STYLE_COLOUR('',#653);
#608=FILL_AREA_STYLE_COLOUR('',#59);
#609=FILL_AREA_STYLE_COLOUR('',#59);
#610=FILL_AREA_STYLE_COLOUR('',#59);
#611=FILL_AREA_STYLE_COLOUR('',#59);
#612=FILL_AREA_STYLE_COLOUR('',#655);
#613=FILL_AREA_STYLE_COLOUR('',#654);
#614=FILL_AREA_STYLE_COLOUR('',#654);
#615=FILL_AREA_STYLE_COLOUR('',#654);
#616=FILL_AREA_STYLE_COLOUR('',#654);
#617=FILL_AREA_STYLE_COLOUR('',#654);
#618=FILL_AREA_STYLE_COLOUR('',#654);
#619=FILL_AREA_STYLE_COLOUR('',#655);
#620=FILL_AREA_STYLE_COLOUR('',#654);
#621=FILL_AREA_STYLE_COLOUR('',#654);
#622=FILL_AREA_STYLE_COLOUR('',#654);
#623=FILL_AREA_STYLE_COLOUR('',#654);
#624=FILL_AREA_STYLE_COLOUR('',#654);
#625=FILL_AREA_STYLE_COLOUR('',#654);
#626=FILL_AREA_STYLE_COLOUR('',#655);
#627=FILL_AREA_STYLE_COLOUR('',#654);
#628=FILL_AREA_STYLE_COLOUR('',#654);
#629=FILL_AREA_STYLE_COLOUR('',#654);
#630=FILL_AREA_STYLE_COLOUR('',#654);
#631=FILL_AREA_STYLE_COLOUR('',#654);
#632=FILL_AREA_STYLE_COLOUR('',#654);
#633=FILL_AREA_STYLE_COLOUR('',#655);
#634=FILL_AREA_STYLE_COLOUR('',#654);
#635=FILL_AREA_STYLE_COLOUR('',#654);
#636=FILL_AREA_STYLE_COLOUR('',#654);
#637=FILL_AREA_STYLE_COLOUR('',#654);
#638=FILL_AREA_STYLE_COLOUR('',#654);
#639=FILL_AREA_STYLE_COLOUR('',#654);
#640=FILL_AREA_STYLE_COLOUR('',#653);
#641=FILL_AREA_STYLE_COLOUR('',#653);
#642=FILL_AREA_STYLE_COLOUR('',#654);
#643=FILL_AREA_STYLE_COLOUR('',#654);
#644=FILL_AREA_STYLE_COLOUR('',#654);
#645=FILL_AREA_STYLE_COLOUR('',#654);
#646=FILL_AREA_STYLE_COLOUR('',#654);
#647=FILL_AREA_STYLE_COLOUR('',#654);
#648=FILL_AREA_STYLE_COLOUR('',#654);
#649=FILL_AREA_STYLE_COLOUR('',#654);
#650=FILL_AREA_STYLE_COLOUR('',#654);
#651=FILL_AREA_STYLE_COLOUR('',#654);
#652=FILL_AREA_STYLE_COLOUR('',#654);
#653=COLOUR_RGB('Medium Steel',0.596063172350652,0.666666666666667,0.686259250782025);
#654=COLOUR_RGB('Iron Gray',0.298023956664378,0.298023956664378,0.298023956664378);
#655=COLOUR_RGB('Medium Midnight',0.501960784313725,0.635278858625162,0.705882352941177);
#656=MANIFOLD_SOLID_BREP('',#666);
#657=MANIFOLD_SOLID_BREP('',#667);
#658=MANIFOLD_SOLID_BREP('',#668);
#659=MANIFOLD_SOLID_BREP('',#669);
#660=MANIFOLD_SOLID_BREP('',#670);
#661=MANIFOLD_SOLID_BREP('',#671);
#662=MANIFOLD_SOLID_BREP('',#672);
#663=MANIFOLD_SOLID_BREP('',#673);
#664=MANIFOLD_SOLID_BREP('',#674);
#665=MANIFOLD_SOLID_BREP('',#675);
#666=CLOSED_SHELL('',(#825,#826,#827,#828,#829,#830,#831,#832));
#667=CLOSED_SHELL('',(#833,#834,#835,#836,#837,#838,#839,#840));
#668=CLOSED_SHELL('',(#841,#842,#843,#844,#845,#846,#847));
#669=CLOSED_SHELL('',(#848,#849,#850,#851));
#670=CLOSED_SHELL('',(#852,#853,#854,#855,#856,#857));
#671=CLOSED_SHELL('',(#858,#859,#860,#861,#862,#863));
#672=CLOSED_SHELL('',(#864,#865,#866,#867,#868,#869));
#673=CLOSED_SHELL('',(#870,#871,#872,#873,#874,#875));
#674=CLOSED_SHELL('',(#876,#877,#878,#879,#880,#881,#882,#883,#884,#885,
#886,#887,#888,#889,#890,#891,#892,#893,#894,#895,#896,#897,#898,#899,#900,
#901,#902,#903,#904,#905,#906,#907,#908,#909,#910,#911,#912,#913,#914,#915,
#916,#917,#918,#919,#920,#921,#922,#923,#924,#925,#926,#927,#928,#929,#930,
#931));
#675=CLOSED_SHELL('',(#932,#933,#934,#935,#936,#937,#938,#939,#940,#941,
#942));
#676=CYLINDRICAL_SURFACE('',#2124,4.25);
#677=CYLINDRICAL_SURFACE('',#2128,4.25);
#678=CYLINDRICAL_SURFACE('',#2136,4.25);
#679=CYLINDRICAL_SURFACE('',#2140,4.25);
#680=CYLINDRICAL_SURFACE('',#2149,199.999982559775);
#681=CYLINDRICAL_SURFACE('',#2151,197.499982559775);
#682=CYLINDRICAL_SURFACE('',#2161,1.00931216900495);
#683=CYLINDRICAL_SURFACE('',#2162,1.04178791293938);
#684=CYLINDRICAL_SURFACE('',#2163,197.499982559775);
#685=CYLINDRICAL_SURFACE('',#2164,55.0000000000001);
#686=CYLINDRICAL_SURFACE('',#2165,1.00931216900495);
#687=CYLINDRICAL_SURFACE('',#2166,1.04178791293938);
#688=CYLINDRICAL_SURFACE('',#2167,197.499982559775);
#689=CYLINDRICAL_SURFACE('',#2168,55.0000000000001);
#690=CYLINDRICAL_SURFACE('',#2169,1.00931216900495);
#691=CYLINDRICAL_SURFACE('',#2170,1.04178791293938);
#692=CYLINDRICAL_SURFACE('',#2171,197.499982559775);
#693=CYLINDRICAL_SURFACE('',#2172,55.0000000000001);
#694=CYLINDRICAL_SURFACE('',#2173,1.00931216900495);
#695=CYLINDRICAL_SURFACE('',#2174,1.04178791293938);
#696=CYLINDRICAL_SURFACE('',#2175,197.499982559775);
#697=CYLINDRICAL_SURFACE('',#2176,55.0000000000001);
#698=CYLINDRICAL_SURFACE('',#2183,55.0000000000006);
#699=CYLINDRICAL_SURFACE('',#2186,197.5);
#700=CYLINDRICAL_SURFACE('',#2187,197.5);
#701=CYLINDRICAL_SURFACE('',#2188,197.5);
#702=CYLINDRICAL_SURFACE('',#2189,197.5);
#703=CYLINDRICAL_SURFACE('',#2190,197.5);
#704=CYLINDRICAL_SURFACE('',#2191,197.5);
#705=CYLINDRICAL_SURFACE('',#2192,197.5);
#706=CYLINDRICAL_SURFACE('',#2193,197.5);
#707=CYLINDRICAL_SURFACE('',#2194,197.5);
#708=CYLINDRICAL_SURFACE('',#2195,197.5);
#709=CYLINDRICAL_SURFACE('',#2201,10.);
#710=CYLINDRICAL_SURFACE('',#2207,52.5);
#711=CYLINDRICAL_SURFACE('',#2211,55.);
#712=CYLINDRICAL_SURFACE('',#2215,53.1);
#713=FACE_BOUND('',#1053,.T.);
#714=FACE_BOUND('',#1054,.T.);
#715=FACE_BOUND('',#1056,.T.);
#716=FACE_BOUND('',#1057,.T.);
#717=FACE_BOUND('',#1058,.T.);
#718=FACE_BOUND('',#1059,.T.);
#719=FACE_BOUND('',#1060,.T.);
#720=FACE_BOUND('',#1061,.T.);
#721=FACE_BOUND('',#1062,.T.);
#722=FACE_BOUND('',#1063,.T.);
#723=FACE_BOUND('',#1067,.T.);
#724=FACE_BOUND('',#1068,.T.);
#725=FACE_BOUND('',#1070,.T.);
#726=FACE_BOUND('',#1071,.T.);
#727=FACE_BOUND('',#1072,.T.);
#728=FACE_BOUND('',#1073,.T.);
#729=FACE_BOUND('',#1074,.T.);
#730=FACE_BOUND('',#1075,.T.);
#731=FACE_BOUND('',#1076,.T.);
#732=FACE_BOUND('',#1077,.T.);
#733=FACE_BOUND('',#1078,.T.);
#734=FACE_BOUND('',#1079,.T.);
#735=FACE_BOUND('',#1080,.T.);
#736=FACE_BOUND('',#1081,.T.);
#737=FACE_BOUND('',#1082,.T.);
#738=FACE_BOUND('',#1083,.T.);
#739=FACE_BOUND('',#1084,.T.);
#740=FACE_BOUND('',#1085,.T.);
#741=FACE_BOUND('',#1086,.T.);
#742=FACE_BOUND('',#1087,.T.);
#743=FACE_BOUND('',#1088,.T.);
#744=FACE_BOUND('',#1089,.T.);
#745=FACE_BOUND('',#1090,.T.);
#746=FACE_BOUND('',#1091,.T.);
#747=FACE_BOUND('',#1092,.T.);
#748=FACE_BOUND('',#1093,.T.);
#749=FACE_BOUND('',#1094,.T.);
#750=FACE_BOUND('',#1095,.T.);
#751=FACE_BOUND('',#1096,.T.);
#752=FACE_BOUND('',#1097,.T.);
#753=FACE_BOUND('',#1098,.T.);
#754=FACE_BOUND('',#1099,.T.);
#755=FACE_BOUND('',#1124,.T.);
#756=FACE_BOUND('',#1125,.T.);
#757=FACE_BOUND('',#1126,.T.);
#758=FACE_BOUND('',#1127,.T.);
#759=FACE_BOUND('',#1128,.T.);
#760=FACE_BOUND('',#1129,.T.);
#761=FACE_BOUND('',#1130,.T.);
#762=FACE_BOUND('',#1131,.T.);
#763=FACE_BOUND('',#1132,.T.);
#764=FACE_BOUND('',#1133,.T.);
#765=FACE_BOUND('',#1134,.T.);
#766=FACE_BOUND('',#1135,.T.);
#767=FACE_BOUND('',#1138,.T.);
#768=FACE_BOUND('',#1139,.T.);
#769=FACE_BOUND('',#1140,.T.);
#770=FACE_BOUND('',#1141,.T.);
#771=FACE_BOUND('',#1142,.T.);
#772=FACE_BOUND('',#1143,.T.);
#773=FACE_BOUND('',#1196,.T.);
#774=FACE_BOUND('',#1197,.T.);
#775=FACE_BOUND('',#1198,.T.);
#776=FACE_BOUND('',#1199,.T.);
#777=FACE_BOUND('',#1200,.T.);
#778=FACE_BOUND('',#1201,.T.);
#779=FACE_BOUND('',#1202,.T.);
#780=FACE_BOUND('',#1203,.T.);
#781=FACE_BOUND('',#1204,.T.);
#782=FACE_BOUND('',#1205,.T.);
#783=FACE_BOUND('',#1206,.T.);
#784=FACE_BOUND('',#1207,.T.);
#785=FACE_BOUND('',#1208,.T.);
#786=FACE_BOUND('',#1209,.T.);
#787=FACE_BOUND('',#1210,.T.);
#788=FACE_BOUND('',#1211,.T.);
#789=FACE_BOUND('',#1212,.T.);
#790=FACE_BOUND('',#1213,.T.);
#791=CIRCLE('',#2122,4.25);
#792=CIRCLE('',#2123,4.25);
#793=CIRCLE('',#2126,4.25);
#794=CIRCLE('',#2127,4.25);
#795=CIRCLE('',#2134,4.25);
#796=CIRCLE('',#2135,4.25);
#797=CIRCLE('',#2138,4.25);
#798=CIRCLE('',#2139,4.25);
#799=CIRCLE('',#2143,199.999982559775);
#800=CIRCLE('',#2144,197.499982559775);
#801=CIRCLE('',#2146,199.004472870043);
#802=CIRCLE('',#2147,199.999982559775);
#803=CIRCLE('',#2150,197.499982559775);
#804=CIRCLE('',#2152,236.465286753275);
#805=CIRCLE('',#2153,237.935056559774);
#806=CIRCLE('',#2155,188.507453848359);
#807=CIRCLE('',#2156,189.5);
#808=CIRCLE('',#2158,236.955210022108);
#809=CIRCLE('',#2159,237.935056559774);
#810=CIRCLE('',#2177,55.0000000000005);
#811=CIRCLE('',#2178,31.5000000000004);
#812=CIRCLE('',#2179,0.310354433445049);
#813=CIRCLE('',#2181,55.0000000000006);
#814=CIRCLE('',#2184,27.3835394410131);
#815=CIRCLE('',#2196,18.5502183406114);
#816=CIRCLE('',#2198,10.);
#817=CIRCLE('',#2200,10.);
#818=CIRCLE('',#2202,45.);
#819=CIRCLE('',#2204,52.5);
#820=CIRCLE('',#2206,52.5);
#821=CIRCLE('',#2208,55.0000000000001);
#822=CIRCLE('',#2210,55.);
#823=CIRCLE('',#2212,53.1);
#824=CIRCLE('',#2214,53.1);
#825=ADVANCED_FACE('',(#964),#943,.F.);
#826=ADVANCED_FACE('',(#965),#944,.F.);
#827=ADVANCED_FACE('',(#966),#945,.F.);
#828=ADVANCED_FACE('',(#713,#714),#676,.F.);
#829=ADVANCED_FACE('',(#967),#946,.F.);
#830=ADVANCED_FACE('',(#715,#716),#677,.F.);
#831=ADVANCED_FACE('',(#717,#718,#719),#947,.T.);
#832=ADVANCED_FACE('',(#720,#721,#722),#948,.F.);
#833=ADVANCED_FACE('',(#968),#949,.F.);
#834=ADVANCED_FACE('',(#969),#950,.F.);
#835=ADVANCED_FACE('',(#970),#951,.F.);
#836=ADVANCED_FACE('',(#723,#724),#678,.F.);
#837=ADVANCED_FACE('',(#971),#952,.F.);
#838=ADVANCED_FACE('',(#725,#726),#679,.F.);
#839=ADVANCED_FACE('',(#727,#728,#729),#953,.T.);
#840=ADVANCED_FACE('',(#730,#731,#732),#954,.F.);
#841=ADVANCED_FACE('',(#733,#734),#955,.T.);
#842=ADVANCED_FACE('',(#735,#736),#956,.F.);
#843=ADVANCED_FACE('',(#737,#738),#680,.T.);
#844=ADVANCED_FACE('',(#739,#740),#681,.F.);
#845=ADVANCED_FACE('',(#741,#742),#301,.T.);
#846=ADVANCED_FACE('',(#743,#744),#278,.T.);
#847=ADVANCED_FACE('',(#745,#746),#106,.T.);
#848=ADVANCED_FACE('',(#747,#748),#302,.F.);
#849=ADVANCED_FACE('',(#749,#750),#303,.F.);
#850=ADVANCED_FACE('',(#751,#752),#279,.T.);
#851=ADVANCED_FACE('',(#753,#754),#107,.F.);
#852=ADVANCED_FACE('',(#972),#31,.T.);
#853=ADVANCED_FACE('',(#973),#682,.T.);
#854=ADVANCED_FACE('',(#974),#683,.T.);
#855=ADVANCED_FACE('',(#975),#32,.F.);
#856=ADVANCED_FACE('',(#976),#684,.T.);
#857=ADVANCED_FACE('',(#977),#685,.F.);
#858=ADVANCED_FACE('',(#978),#33,.T.);
#859=ADVANCED_FACE('',(#979),#686,.T.);
#860=ADVANCED_FACE('',(#980),#687,.T.);
#861=ADVANCED_FACE('',(#981),#34,.F.);
#862=ADVANCED_FACE('',(#982),#688,.T.);
#863=ADVANCED_FACE('',(#983),#689,.F.);
#864=ADVANCED_FACE('',(#984),#35,.T.);
#865=ADVANCED_FACE('',(#985),#690,.T.);
#866=ADVANCED_FACE('',(#986),#691,.T.);
#867=ADVANCED_FACE('',(#987),#36,.F.);
#868=ADVANCED_FACE('',(#988),#692,.T.);
#869=ADVANCED_FACE('',(#989),#693,.F.);
#870=ADVANCED_FACE('',(#990),#37,.T.);
#871=ADVANCED_FACE('',(#991),#694,.T.);
#872=ADVANCED_FACE('',(#992),#695,.T.);
#873=ADVANCED_FACE('',(#993),#38,.F.);
#874=ADVANCED_FACE('',(#994),#696,.T.);
#875=ADVANCED_FACE('',(#995),#697,.F.);
#876=ADVANCED_FACE('',(#755,#756,#757,#758,#759,#760,#761,#762,#763,#764,
#765,#766),#280,.T.);
#877=ADVANCED_FACE('',(#996),#957,.T.);
#878=ADVANCED_FACE('',(#997),#958,.F.);
#879=ADVANCED_FACE('',(#767,#768),#698,.T.);
#880=ADVANCED_FACE('',(#769,#770),#304,.T.);
#881=ADVANCED_FACE('',(#771,#772),#108,.F.);
#882=ADVANCED_FACE('',(#998),#699,.T.);
#883=ADVANCED_FACE('',(#999),#39,.F.);
#884=ADVANCED_FACE('',(#1000),#40,.F.);
#885=ADVANCED_FACE('',(#1001),#281,.T.);
#886=ADVANCED_FACE('',(#1002),#282,.T.);
#887=ADVANCED_FACE('',(#1003),#700,.T.);
#888=ADVANCED_FACE('',(#1004),#41,.F.);
#889=ADVANCED_FACE('',(#1005),#42,.F.);
#890=ADVANCED_FACE('',(#1006),#283,.T.);
#891=ADVANCED_FACE('',(#1007),#284,.T.);
#892=ADVANCED_FACE('',(#1008),#701,.T.);
#893=ADVANCED_FACE('',(#1009),#43,.F.);
#894=ADVANCED_FACE('',(#1010),#44,.F.);
#895=ADVANCED_FACE('',(#1011),#285,.T.);
#896=ADVANCED_FACE('',(#1012),#286,.T.);
#897=ADVANCED_FACE('',(#1013),#702,.T.);
#898=ADVANCED_FACE('',(#1014),#45,.F.);
#899=ADVANCED_FACE('',(#1015),#46,.F.);
#900=ADVANCED_FACE('',(#1016),#287,.T.);
#901=ADVANCED_FACE('',(#1017),#288,.T.);
#902=ADVANCED_FACE('',(#1018),#703,.T.);
#903=ADVANCED_FACE('',(#1019),#47,.F.);
#904=ADVANCED_FACE('',(#1020),#48,.F.);
#905=ADVANCED_FACE('',(#1021),#289,.T.);
#906=ADVANCED_FACE('',(#1022),#290,.T.);
#907=ADVANCED_FACE('',(#1023),#704,.T.);
#908=ADVANCED_FACE('',(#1024),#49,.F.);
#909=ADVANCED_FACE('',(#1025),#50,.F.);
#910=ADVANCED_FACE('',(#1026),#291,.T.);
#911=ADVANCED_FACE('',(#1027),#292,.T.);
#912=ADVANCED_FACE('',(#1028),#705,.T.);
#913=ADVANCED_FACE('',(#1029),#51,.F.);
#914=ADVANCED_FACE('',(#1030),#52,.F.);
#915=ADVANCED_FACE('',(#1031),#293,.T.);
#916=ADVANCED_FACE('',(#1032),#294,.T.);
#917=ADVANCED_FACE('',(#1033),#706,.T.);
#918=ADVANCED_FACE('',(#1034),#53,.F.);
#919=ADVANCED_FACE('',(#1035),#54,.F.);
#920=ADVANCED_FACE('',(#1036),#295,.T.);
#921=ADVANCED_FACE('',(#1037),#296,.T.);
#922=ADVANCED_FACE('',(#1038),#707,.T.);
#923=ADVANCED_FACE('',(#1039),#55,.F.);
#924=ADVANCED_FACE('',(#1040),#56,.F.);
#925=ADVANCED_FACE('',(#1041),#297,.T.);
#926=ADVANCED_FACE('',(#1042),#298,.T.);
#927=ADVANCED_FACE('',(#1043),#708,.T.);
#928=ADVANCED_FACE('',(#1044),#57,.F.);
#929=ADVANCED_FACE('',(#1045),#58,.F.);
#930=ADVANCED_FACE('',(#1046),#299,.T.);
#931=ADVANCED_FACE('',(#1047),#300,.T.);
#932=ADVANCED_FACE('',(#1048),#959,.F.);
#933=ADVANCED_FACE('',(#1049),#960,.T.);
#934=ADVANCED_FACE('',(#773,#774),#709,.T.);
#935=ADVANCED_FACE('',(#775,#776),#961,.F.);
#936=ADVANCED_FACE('',(#777,#778),#305,.T.);
#937=ADVANCED_FACE('',(#779,#780),#710,.T.);
#938=ADVANCED_FACE('',(#781,#782),#962,.F.);
#939=ADVANCED_FACE('',(#783,#784),#711,.T.);
#940=ADVANCED_FACE('',(#785,#786),#963,.F.);
#941=ADVANCED_FACE('',(#787,#788),#712,.T.);
#942=ADVANCED_FACE('',(#789,#790),#109,.T.);
#943=PLANE('',#2119);
#944=PLANE('',#2120);
#945=PLANE('',#2121);
#946=PLANE('',#2125);
#947=PLANE('',#2129);
#948=PLANE('',#2130);
#949=PLANE('',#2131);
#950=PLANE('',#2132);
#951=PLANE('',#2133);
#952=PLANE('',#2137);
#953=PLANE('',#2141);
#954=PLANE('',#2142);
#955=PLANE('',#2145);
#956=PLANE('',#2148);
#957=PLANE('',#2180);
#958=PLANE('',#2182);
#959=PLANE('',#2197);
#960=PLANE('',#2199);
#961=PLANE('',#2203);
#962=PLANE('',#2209);
#963=PLANE('',#2213);
#964=FACE_OUTER_BOUND('',#1050,.T.);
#965=FACE_OUTER_BOUND('',#1051,.T.);
#966=FACE_OUTER_BOUND('',#1052,.T.);
#967=FACE_OUTER_BOUND('',#1055,.T.);
#968=FACE_OUTER_BOUND('',#1064,.T.);
#969=FACE_OUTER_BOUND('',#1065,.T.);
#970=FACE_OUTER_BOUND('',#1066,.T.);
#971=FACE_OUTER_BOUND('',#1069,.T.);
#972=FACE_OUTER_BOUND('',#1100,.T.);
#973=FACE_OUTER_BOUND('',#1101,.T.);
#974=FACE_OUTER_BOUND('',#1102,.T.);
#975=FACE_OUTER_BOUND('',#1103,.T.);
#976=FACE_OUTER_BOUND('',#1104,.T.);
#977=FACE_OUTER_BOUND('',#1105,.T.);
#978=FACE_OUTER_BOUND('',#1106,.T.);
#979=FACE_OUTER_BOUND('',#1107,.T.);
#980=FACE_OUTER_BOUND('',#1108,.T.);
#981=FACE_OUTER_BOUND('',#1109,.T.);
#982=FACE_OUTER_BOUND('',#1110,.T.);
#983=FACE_OUTER_BOUND('',#1111,.T.);
#984=FACE_OUTER_BOUND('',#1112,.T.);
#985=FACE_OUTER_BOUND('',#1113,.T.);
#986=FACE_OUTER_BOUND('',#1114,.T.);
#987=FACE_OUTER_BOUND('',#1115,.T.);
#988=FACE_OUTER_BOUND('',#1116,.T.);
#989=FACE_OUTER_BOUND('',#1117,.T.);
#990=FACE_OUTER_BOUND('',#1118,.T.);
#991=FACE_OUTER_BOUND('',#1119,.T.);
#992=FACE_OUTER_BOUND('',#1120,.T.);
#993=FACE_OUTER_BOUND('',#1121,.T.);
#994=FACE_OUTER_BOUND('',#1122,.T.);
#995=FACE_OUTER_BOUND('',#1123,.T.);
#996=FACE_OUTER_BOUND('',#1136,.T.);
#997=FACE_OUTER_BOUND('',#1137,.T.);
#998=FACE_OUTER_BOUND('',#1144,.T.);
#999=FACE_OUTER_BOUND('',#1145,.T.);
#1000=FACE_OUTER_BOUND('',#1146,.T.);
#1001=FACE_OUTER_BOUND('',#1147,.T.);
#1002=FACE_OUTER_BOUND('',#1148,.T.);
#1003=FACE_OUTER_BOUND('',#1149,.T.);
#1004=FACE_OUTER_BOUND('',#1150,.T.);
#1005=FACE_OUTER_BOUND('',#1151,.T.);
#1006=FACE_OUTER_BOUND('',#1152,.T.);
#1007=FACE_OUTER_BOUND('',#1153,.T.);
#1008=FACE_OUTER_BOUND('',#1154,.T.);
#1009=FACE_OUTER_BOUND('',#1155,.T.);
#1010=FACE_OUTER_BOUND('',#1156,.T.);
#1011=FACE_OUTER_BOUND('',#1157,.T.);
#1012=FACE_OUTER_BOUND('',#1158,.T.);
#1013=FACE_OUTER_BOUND('',#1159,.T.);
#1014=FACE_OUTER_BOUND('',#1160,.T.);
#1015=FACE_OUTER_BOUND('',#1161,.T.);
#1016=FACE_OUTER_BOUND('',#1162,.T.);
#1017=FACE_OUTER_BOUND('',#1163,.T.);
#1018=FACE_OUTER_BOUND('',#1164,.T.);
#1019=FACE_OUTER_BOUND('',#1165,.T.);
#1020=FACE_OUTER_BOUND('',#1166,.T.);
#1021=FACE_OUTER_BOUND('',#1167,.T.);
#1022=FACE_OUTER_BOUND('',#1168,.T.);
#1023=FACE_OUTER_BOUND('',#1169,.T.);
#1024=FACE_OUTER_BOUND('',#1170,.T.);
#1025=FACE_OUTER_BOUND('',#1171,.T.);
#1026=FACE_OUTER_BOUND('',#1172,.T.);
#1027=FACE_OUTER_BOUND('',#1173,.T.);
#1028=FACE_OUTER_BOUND('',#1174,.T.);
#1029=FACE_OUTER_BOUND('',#1175,.T.);
#1030=FACE_OUTER_BOUND('',#1176,.T.);
#1031=FACE_OUTER_BOUND('',#1177,.T.);
#1032=FACE_OUTER_BOUND('',#1178,.T.);
#1033=FACE_OUTER_BOUND('',#1179,.T.);
#1034=FACE_OUTER_BOUND('',#1180,.T.);
#1035=FACE_OUTER_BOUND('',#1181,.T.);
#1036=FACE_OUTER_BOUND('',#1182,.T.);
#1037=FACE_OUTER_BOUND('',#1183,.T.);
#1038=FACE_OUTER_BOUND('',#1184,.T.);
#1039=FACE_OUTER_BOUND('',#1185,.T.);
#1040=FACE_OUTER_BOUND('',#1186,.T.);
#1041=FACE_OUTER_BOUND('',#1187,.T.);
#1042=FACE_OUTER_BOUND('',#1188,.T.);
#1043=FACE_OUTER_BOUND('',#1189,.T.);
#1044=FACE_OUTER_BOUND('',#1190,.T.);
#1045=FACE_OUTER_BOUND('',#1191,.T.);
#1046=FACE_OUTER_BOUND('',#1192,.T.);
#1047=FACE_OUTER_BOUND('',#1193,.T.);
#1048=FACE_OUTER_BOUND('',#1194,.T.);
#1049=FACE_OUTER_BOUND('',#1195,.T.);
#1050=EDGE_LOOP('',(#1214,#1215,#1216,#1217));
#1051=EDGE_LOOP('',(#1218,#1219,#1220,#1221));
#1052=EDGE_LOOP('',(#1222,#1223,#1224,#1225));
#1053=EDGE_LOOP('',(#1226));
#1054=EDGE_LOOP('',(#1227));
#1055=EDGE_LOOP('',(#1228,#1229,#1230,#1231));
#1056=EDGE_LOOP('',(#1232));
#1057=EDGE_LOOP('',(#1233));
#1058=EDGE_LOOP('',(#1234,#1235,#1236,#1237));
#1059=EDGE_LOOP('',(#1238));
#1060=EDGE_LOOP('',(#1239));
#1061=EDGE_LOOP('',(#1240,#1241,#1242,#1243));
#1062=EDGE_LOOP('',(#1244));
#1063=EDGE_LOOP('',(#1245));
#1064=EDGE_LOOP('',(#1246,#1247,#1248,#1249));
#1065=EDGE_LOOP('',(#1250,#1251,#1252,#1253));
#1066=EDGE_LOOP('',(#1254,#1255,#1256,#1257));
#1067=EDGE_LOOP('',(#1258));
#1068=EDGE_LOOP('',(#1259));
#1069=EDGE_LOOP('',(#1260,#1261,#1262,#1263));
#1070=EDGE_LOOP('',(#1264));
#1071=EDGE_LOOP('',(#1265));
#1072=EDGE_LOOP('',(#1266,#1267,#1268,#1269));
#1073=EDGE_LOOP('',(#1270));
#1074=EDGE_LOOP('',(#1271));
#1075=EDGE_LOOP('',(#1272,#1273,#1274,#1275));
#1076=EDGE_LOOP('',(#1276));
#1077=EDGE_LOOP('',(#1277));
#1078=EDGE_LOOP('',(#1278));
#1079=EDGE_LOOP('',(#1279));
#1080=EDGE_LOOP('',(#1280));
#1081=EDGE_LOOP('',(#1281));
#1082=EDGE_LOOP('',(#1282));
#1083=EDGE_LOOP('',(#1283));
#1084=EDGE_LOOP('',(#1284));
#1085=EDGE_LOOP('',(#1285));
#1086=EDGE_LOOP('',(#1286));
#1087=EDGE_LOOP('',(#1287));
#1088=EDGE_LOOP('',(#1288));
#1089=EDGE_LOOP('',(#1289));
#1090=EDGE_LOOP('',(#1290));
#1091=EDGE_LOOP('',(#1291));
#1092=EDGE_LOOP('',(#1292));
#1093=EDGE_LOOP('',(#1293));
#1094=EDGE_LOOP('',(#1294));
#1095=EDGE_LOOP('',(#1295));
#1096=EDGE_LOOP('',(#1296));
#1097=EDGE_LOOP('',(#1297));
#1098=EDGE_LOOP('',(#1298));
#1099=EDGE_LOOP('',(#1299));
#1100=EDGE_LOOP('',(#1300,#1301,#1302,#1303));
#1101=EDGE_LOOP('',(#1304,#1305,#1306,#1307));
#1102=EDGE_LOOP('',(#1308,#1309,#1310,#1311));
#1103=EDGE_LOOP('',(#1312,#1313,#1314,#1315));
#1104=EDGE_LOOP('',(#1316,#1317,#1318,#1319));
#1105=EDGE_LOOP('',(#1320,#1321,#1322,#1323));
#1106=EDGE_LOOP('',(#1324,#1325,#1326,#1327));
#1107=EDGE_LOOP('',(#1328,#1329,#1330,#1331));
#1108=EDGE_LOOP('',(#1332,#1333,#1334,#1335));
#1109=EDGE_LOOP('',(#1336,#1337,#1338,#1339));
#1110=EDGE_LOOP('',(#1340,#1341,#1342,#1343));
#1111=EDGE_LOOP('',(#1344,#1345,#1346,#1347));
#1112=EDGE_LOOP('',(#1348,#1349,#1350,#1351));
#1113=EDGE_LOOP('',(#1352,#1353,#1354,#1355));
#1114=EDGE_LOOP('',(#1356,#1357,#1358,#1359));
#1115=EDGE_LOOP('',(#1360,#1361,#1362,#1363));
#1116=EDGE_LOOP('',(#1364,#1365,#1366,#1367));
#1117=EDGE_LOOP('',(#1368,#1369,#1370,#1371));
#1118=EDGE_LOOP('',(#1372,#1373,#1374,#1375));
#1119=EDGE_LOOP('',(#1376,#1377,#1378,#1379));
#1120=EDGE_LOOP('',(#1380,#1381,#1382,#1383));
#1121=EDGE_LOOP('',(#1384,#1385,#1386,#1387));
#1122=EDGE_LOOP('',(#1388,#1389,#1390,#1391));
#1123=EDGE_LOOP('',(#1392,#1393,#1394,#1395));
#1124=EDGE_LOOP('',(#1396));
#1125=EDGE_LOOP('',(#1397));
#1126=EDGE_LOOP('',(#1398,#1399,#1400,#1401));
#1127=EDGE_LOOP('',(#1402,#1403,#1404,#1405));
#1128=EDGE_LOOP('',(#1406,#1407,#1408,#1409));
#1129=EDGE_LOOP('',(#1410,#1411,#1412,#1413));
#1130=EDGE_LOOP('',(#1414,#1415,#1416,#1417));
#1131=EDGE_LOOP('',(#1418,#1419,#1420,#1421));
#1132=EDGE_LOOP('',(#1422,#1423,#1424,#1425));
#1133=EDGE_LOOP('',(#1426,#1427,#1428,#1429));
#1134=EDGE_LOOP('',(#1430,#1431,#1432,#1433));
#1135=EDGE_LOOP('',(#1434,#1435,#1436,#1437));
#1136=EDGE_LOOP('',(#1438));
#1137=EDGE_LOOP('',(#1439));
#1138=EDGE_LOOP('',(#1440));
#1139=EDGE_LOOP('',(#1441));
#1140=EDGE_LOOP('',(#1442));
#1141=EDGE_LOOP('',(#1443));
#1142=EDGE_LOOP('',(#1444));
#1143=EDGE_LOOP('',(#1445));
#1144=EDGE_LOOP('',(#1446,#1447,#1448,#1449));
#1145=EDGE_LOOP('',(#1450,#1451,#1452,#1453));
#1146=EDGE_LOOP('',(#1454,#1455,#1456,#1457));
#1147=EDGE_LOOP('',(#1458,#1459,#1460,#1461));
#1148=EDGE_LOOP('',(#1462,#1463,#1464,#1465));
#1149=EDGE_LOOP('',(#1466,#1467,#1468,#1469));
#1150=EDGE_LOOP('',(#1470,#1471,#1472,#1473));
#1151=EDGE_LOOP('',(#1474,#1475,#1476,#1477));
#1152=EDGE_LOOP('',(#1478,#1479,#1480,#1481));
#1153=EDGE_LOOP('',(#1482,#1483,#1484,#1485));
#1154=EDGE_LOOP('',(#1486,#1487,#1488,#1489));
#1155=EDGE_LOOP('',(#1490,#1491,#1492,#1493));
#1156=EDGE_LOOP('',(#1494,#1495,#1496,#1497));
#1157=EDGE_LOOP('',(#1498,#1499,#1500,#1501));
#1158=EDGE_LOOP('',(#1502,#1503,#1504,#1505));
#1159=EDGE_LOOP('',(#1506,#1507,#1508,#1509));
#1160=EDGE_LOOP('',(#1510,#1511,#1512,#1513));
#1161=EDGE_LOOP('',(#1514,#1515,#1516,#1517));
#1162=EDGE_LOOP('',(#1518,#1519,#1520,#1521));
#1163=EDGE_LOOP('',(#1522,#1523,#1524,#1525));
#1164=EDGE_LOOP('',(#1526,#1527,#1528,#1529));
#1165=EDGE_LOOP('',(#1530,#1531,#1532,#1533));
#1166=EDGE_LOOP('',(#1534,#1535,#1536,#1537));
#1167=EDGE_LOOP('',(#1538,#1539,#1540,#1541));
#1168=EDGE_LOOP('',(#1542,#1543,#1544,#1545));
#1169=EDGE_LOOP('',(#1546,#1547,#1548,#1549));
#1170=EDGE_LOOP('',(#1550,#1551,#1552,#1553));
#1171=EDGE_LOOP('',(#1554,#1555,#1556,#1557));
#1172=EDGE_LOOP('',(#1558,#1559,#1560,#1561));
#1173=EDGE_LOOP('',(#1562,#1563,#1564,#1565));
#1174=EDGE_LOOP('',(#1566,#1567,#1568,#1569));
#1175=EDGE_LOOP('',(#1570,#1571,#1572,#1573));
#1176=EDGE_LOOP('',(#1574,#1575,#1576,#1577));
#1177=EDGE_LOOP('',(#1578,#1579,#1580,#1581));
#1178=EDGE_LOOP('',(#1582,#1583,#1584,#1585));
#1179=EDGE_LOOP('',(#1586,#1587,#1588,#1589));
#1180=EDGE_LOOP('',(#1590,#1591,#1592,#1593));
#1181=EDGE_LOOP('',(#1594,#1595,#1596,#1597));
#1182=EDGE_LOOP('',(#1598,#1599,#1600,#1601));
#1183=EDGE_LOOP('',(#1602,#1603,#1604,#1605));
#1184=EDGE_LOOP('',(#1606,#1607,#1608,#1609));
#1185=EDGE_LOOP('',(#1610,#1611,#1612,#1613));
#1186=EDGE_LOOP('',(#1614,#1615,#1616,#1617));
#1187=EDGE_LOOP('',(#1618,#1619,#1620,#1621));
#1188=EDGE_LOOP('',(#1622,#1623,#1624,#1625));
#1189=EDGE_LOOP('',(#1626,#1627,#1628,#1629));
#1190=EDGE_LOOP('',(#1630,#1631,#1632,#1633));
#1191=EDGE_LOOP('',(#1634,#1635,#1636,#1637));
#1192=EDGE_LOOP('',(#1638,#1639,#1640,#1641));
#1193=EDGE_LOOP('',(#1642,#1643,#1644,#1645));
#1194=EDGE_LOOP('',(#1646));
#1195=EDGE_LOOP('',(#1647));
#1196=EDGE_LOOP('',(#1648));
#1197=EDGE_LOOP('',(#1649));
#1198=EDGE_LOOP('',(#1650));
#1199=EDGE_LOOP('',(#1651));
#1200=EDGE_LOOP('',(#1652));
#1201=EDGE_LOOP('',(#1653));
#1202=EDGE_LOOP('',(#1654));
#1203=EDGE_LOOP('',(#1655));
#1204=EDGE_LOOP('',(#1656));
#1205=EDGE_LOOP('',(#1657));
#1206=EDGE_LOOP('',(#1658));
#1207=EDGE_LOOP('',(#1659));
#1208=EDGE_LOOP('',(#1660));
#1209=EDGE_LOOP('',(#1661));
#1210=EDGE_LOOP('',(#1662));
#1211=EDGE_LOOP('',(#1663));
#1212=EDGE_LOOP('',(#1664));
#1213=EDGE_LOOP('',(#1665));
#1214=ORIENTED_EDGE('',*,*,#1828,.T.);
#1215=ORIENTED_EDGE('',*,*,#1829,.F.);
#1216=ORIENTED_EDGE('',*,*,#1830,.F.);
#1217=ORIENTED_EDGE('',*,*,#1831,.T.);
#1218=ORIENTED_EDGE('',*,*,#1832,.T.);
#1219=ORIENTED_EDGE('',*,*,#1833,.F.);
#1220=ORIENTED_EDGE('',*,*,#1834,.F.);
#1221=ORIENTED_EDGE('',*,*,#1829,.T.);
#1222=ORIENTED_EDGE('',*,*,#1835,.T.);
#1223=ORIENTED_EDGE('',*,*,#1836,.F.);
#1224=ORIENTED_EDGE('',*,*,#1837,.F.);
#1225=ORIENTED_EDGE('',*,*,#1833,.T.);
#1226=ORIENTED_EDGE('',*,*,#1838,.T.);
#1227=ORIENTED_EDGE('',*,*,#1839,.F.);
#1228=ORIENTED_EDGE('',*,*,#1840,.T.);
#1229=ORIENTED_EDGE('',*,*,#1831,.F.);
#1230=ORIENTED_EDGE('',*,*,#1841,.F.);
#1231=ORIENTED_EDGE('',*,*,#1836,.T.);
#1232=ORIENTED_EDGE('',*,*,#1842,.T.);
#1233=ORIENTED_EDGE('',*,*,#1843,.F.);
#1234=ORIENTED_EDGE('',*,*,#1830,.T.);
#1235=ORIENTED_EDGE('',*,*,#1834,.T.);
#1236=ORIENTED_EDGE('',*,*,#1837,.T.);
#1237=ORIENTED_EDGE('',*,*,#1841,.T.);
#1238=ORIENTED_EDGE('',*,*,#1838,.F.);
#1239=ORIENTED_EDGE('',*,*,#1842,.F.);
#1240=ORIENTED_EDGE('',*,*,#1828,.F.);
#1241=ORIENTED_EDGE('',*,*,#1840,.F.);
#1242=ORIENTED_EDGE('',*,*,#1835,.F.);
#1243=ORIENTED_EDGE('',*,*,#1832,.F.);
#1244=ORIENTED_EDGE('',*,*,#1839,.T.);
#1245=ORIENTED_EDGE('',*,*,#1843,.T.);
#1246=ORIENTED_EDGE('',*,*,#1844,.T.);
#1247=ORIENTED_EDGE('',*,*,#1845,.T.);
#1248=ORIENTED_EDGE('',*,*,#1846,.F.);
#1249=ORIENTED_EDGE('',*,*,#1847,.F.);
#1250=ORIENTED_EDGE('',*,*,#1848,.T.);
#1251=ORIENTED_EDGE('',*,*,#1847,.T.);
#1252=ORIENTED_EDGE('',*,*,#1849,.F.);
#1253=ORIENTED_EDGE('',*,*,#1850,.F.);
#1254=ORIENTED_EDGE('',*,*,#1851,.T.);
#1255=ORIENTED_EDGE('',*,*,#1850,.T.);
#1256=ORIENTED_EDGE('',*,*,#1852,.F.);
#1257=ORIENTED_EDGE('',*,*,#1853,.F.);
#1258=ORIENTED_EDGE('',*,*,#1854,.T.);
#1259=ORIENTED_EDGE('',*,*,#1855,.F.);
#1260=ORIENTED_EDGE('',*,*,#1856,.T.);
#1261=ORIENTED_EDGE('',*,*,#1853,.T.);
#1262=ORIENTED_EDGE('',*,*,#1857,.F.);
#1263=ORIENTED_EDGE('',*,*,#1845,.F.);
#1264=ORIENTED_EDGE('',*,*,#1858,.T.);
#1265=ORIENTED_EDGE('',*,*,#1859,.F.);
#1266=ORIENTED_EDGE('',*,*,#1846,.T.);
#1267=ORIENTED_EDGE('',*,*,#1857,.T.);
#1268=ORIENTED_EDGE('',*,*,#1852,.T.);
#1269=ORIENTED_EDGE('',*,*,#1849,.T.);
#1270=ORIENTED_EDGE('',*,*,#1854,.F.);
#1271=ORIENTED_EDGE('',*,*,#1858,.F.);
#1272=ORIENTED_EDGE('',*,*,#1844,.F.);
#1273=ORIENTED_EDGE('',*,*,#1848,.F.);
#1274=ORIENTED_EDGE('',*,*,#1851,.F.);
#1275=ORIENTED_EDGE('',*,*,#1856,.F.);
#1276=ORIENTED_EDGE('',*,*,#1855,.T.);
#1277=ORIENTED_EDGE('',*,*,#1859,.T.);
#1278=ORIENTED_EDGE('',*,*,#1860,.F.);
#1279=ORIENTED_EDGE('',*,*,#1861,.T.);
#1280=ORIENTED_EDGE('',*,*,#1862,.F.);
#1281=ORIENTED_EDGE('',*,*,#1863,.T.);
#1282=ORIENTED_EDGE('',*,*,#1860,.T.);
#1283=ORIENTED_EDGE('',*,*,#1863,.F.);
#1284=ORIENTED_EDGE('',*,*,#1861,.F.);
#1285=ORIENTED_EDGE('',*,*,#1864,.T.);
#1286=ORIENTED_EDGE('',*,*,#1865,.F.);
#1287=ORIENTED_EDGE('',*,*,#1866,.T.);
#1288=ORIENTED_EDGE('',*,*,#1862,.T.);
#1289=ORIENTED_EDGE('',*,*,#1865,.T.);
#1290=ORIENTED_EDGE('',*,*,#1864,.F.);
#1291=ORIENTED_EDGE('',*,*,#1866,.F.);
#1292=ORIENTED_EDGE('',*,*,#1867,.T.);
#1293=ORIENTED_EDGE('',*,*,#1868,.F.);
#1294=ORIENTED_EDGE('',*,*,#1869,.T.);
#1295=ORIENTED_EDGE('',*,*,#1870,.F.);
#1296=ORIENTED_EDGE('',*,*,#1867,.F.);
#1297=ORIENTED_EDGE('',*,*,#1869,.F.);
#1298=ORIENTED_EDGE('',*,*,#1868,.T.);
#1299=ORIENTED_EDGE('',*,*,#1870,.T.);
#1300=ORIENTED_EDGE('',*,*,#1871,.F.);
#1301=ORIENTED_EDGE('',*,*,#1872,.T.);
#1302=ORIENTED_EDGE('',*,*,#1873,.F.);
#1303=ORIENTED_EDGE('',*,*,#1874,.F.);
#1304=ORIENTED_EDGE('',*,*,#1875,.F.);
#1305=ORIENTED_EDGE('',*,*,#1871,.T.);
#1306=ORIENTED_EDGE('',*,*,#1876,.T.);
#1307=ORIENTED_EDGE('',*,*,#1877,.F.);
#1308=ORIENTED_EDGE('',*,*,#1878,.F.);
#1309=ORIENTED_EDGE('',*,*,#1879,.F.);
#1310=ORIENTED_EDGE('',*,*,#1880,.T.);
#1311=ORIENTED_EDGE('',*,*,#1873,.T.);
#1312=ORIENTED_EDGE('',*,*,#1881,.F.);
#1313=ORIENTED_EDGE('',*,*,#1877,.T.);
#1314=ORIENTED_EDGE('',*,*,#1882,.T.);
#1315=ORIENTED_EDGE('',*,*,#1879,.T.);
#1316=ORIENTED_EDGE('',*,*,#1874,.T.);
#1317=ORIENTED_EDGE('',*,*,#1880,.F.);
#1318=ORIENTED_EDGE('',*,*,#1882,.F.);
#1319=ORIENTED_EDGE('',*,*,#1876,.F.);
#1320=ORIENTED_EDGE('',*,*,#1875,.T.);
#1321=ORIENTED_EDGE('',*,*,#1881,.T.);
#1322=ORIENTED_EDGE('',*,*,#1878,.T.);
#1323=ORIENTED_EDGE('',*,*,#1872,.F.);
#1324=ORIENTED_EDGE('',*,*,#1883,.F.);
#1325=ORIENTED_EDGE('',*,*,#1884,.T.);
#1326=ORIENTED_EDGE('',*,*,#1885,.F.);
#1327=ORIENTED_EDGE('',*,*,#1886,.F.);
#1328=ORIENTED_EDGE('',*,*,#1887,.F.);
#1329=ORIENTED_EDGE('',*,*,#1883,.T.);
#1330=ORIENTED_EDGE('',*,*,#1888,.T.);
#1331=ORIENTED_EDGE('',*,*,#1889,.F.);
#1332=ORIENTED_EDGE('',*,*,#1890,.F.);
#1333=ORIENTED_EDGE('',*,*,#1891,.F.);
#1334=ORIENTED_EDGE('',*,*,#1892,.T.);
#1335=ORIENTED_EDGE('',*,*,#1885,.T.);
#1336=ORIENTED_EDGE('',*,*,#1893,.F.);
#1337=ORIENTED_EDGE('',*,*,#1889,.T.);
#1338=ORIENTED_EDGE('',*,*,#1894,.T.);
#1339=ORIENTED_EDGE('',*,*,#1891,.T.);
#1340=ORIENTED_EDGE('',*,*,#1886,.T.);
#1341=ORIENTED_EDGE('',*,*,#1892,.F.);
#1342=ORIENTED_EDGE('',*,*,#1894,.F.);
#1343=ORIENTED_EDGE('',*,*,#1888,.F.);
#1344=ORIENTED_EDGE('',*,*,#1887,.T.);
#1345=ORIENTED_EDGE('',*,*,#1893,.T.);
#1346=ORIENTED_EDGE('',*,*,#1890,.T.);
#1347=ORIENTED_EDGE('',*,*,#1884,.F.);
#1348=ORIENTED_EDGE('',*,*,#1895,.F.);
#1349=ORIENTED_EDGE('',*,*,#1896,.T.);
#1350=ORIENTED_EDGE('',*,*,#1897,.F.);
#1351=ORIENTED_EDGE('',*,*,#1898,.F.);
#1352=ORIENTED_EDGE('',*,*,#1899,.F.);
#1353=ORIENTED_EDGE('',*,*,#1895,.T.);
#1354=ORIENTED_EDGE('',*,*,#1900,.T.);
#1355=ORIENTED_EDGE('',*,*,#1901,.F.);
#1356=ORIENTED_EDGE('',*,*,#1902,.F.);
#1357=ORIENTED_EDGE('',*,*,#1903,.F.);
#1358=ORIENTED_EDGE('',*,*,#1904,.T.);
#1359=ORIENTED_EDGE('',*,*,#1897,.T.);
#1360=ORIENTED_EDGE('',*,*,#1905,.F.);
#1361=ORIENTED_EDGE('',*,*,#1901,.T.);
#1362=ORIENTED_EDGE('',*,*,#1906,.T.);
#1363=ORIENTED_EDGE('',*,*,#1903,.T.);
#1364=ORIENTED_EDGE('',*,*,#1898,.T.);
#1365=ORIENTED_EDGE('',*,*,#1904,.F.);
#1366=ORIENTED_EDGE('',*,*,#1906,.F.);
#1367=ORIENTED_EDGE('',*,*,#1900,.F.);
#1368=ORIENTED_EDGE('',*,*,#1899,.T.);
#1369=ORIENTED_EDGE('',*,*,#1905,.T.);
#1370=ORIENTED_EDGE('',*,*,#1902,.T.);
#1371=ORIENTED_EDGE('',*,*,#1896,.F.);
#1372=ORIENTED_EDGE('',*,*,#1907,.F.);
#1373=ORIENTED_EDGE('',*,*,#1908,.T.);
#1374=ORIENTED_EDGE('',*,*,#1909,.F.);
#1375=ORIENTED_EDGE('',*,*,#1910,.F.);
#1376=ORIENTED_EDGE('',*,*,#1911,.F.);
#1377=ORIENTED_EDGE('',*,*,#1907,.T.);
#1378=ORIENTED_EDGE('',*,*,#1912,.T.);
#1379=ORIENTED_EDGE('',*,*,#1913,.F.);
#1380=ORIENTED_EDGE('',*,*,#1914,.F.);
#1381=ORIENTED_EDGE('',*,*,#1915,.F.);
#1382=ORIENTED_EDGE('',*,*,#1916,.T.);
#1383=ORIENTED_EDGE('',*,*,#1909,.T.);
#1384=ORIENTED_EDGE('',*,*,#1917,.F.);
#1385=ORIENTED_EDGE('',*,*,#1913,.T.);
#1386=ORIENTED_EDGE('',*,*,#1918,.T.);
#1387=ORIENTED_EDGE('',*,*,#1915,.T.);
#1388=ORIENTED_EDGE('',*,*,#1910,.T.);
#1389=ORIENTED_EDGE('',*,*,#1916,.F.);
#1390=ORIENTED_EDGE('',*,*,#1918,.F.);
#1391=ORIENTED_EDGE('',*,*,#1912,.F.);
#1392=ORIENTED_EDGE('',*,*,#1911,.T.);
#1393=ORIENTED_EDGE('',*,*,#1917,.T.);
#1394=ORIENTED_EDGE('',*,*,#1914,.T.);
#1395=ORIENTED_EDGE('',*,*,#1908,.F.);
#1396=ORIENTED_EDGE('',*,*,#1919,.T.);
#1397=ORIENTED_EDGE('',*,*,#1920,.F.);
#1398=ORIENTED_EDGE('',*,*,#1921,.F.);
#1399=ORIENTED_EDGE('',*,*,#1922,.T.);
#1400=ORIENTED_EDGE('',*,*,#1923,.F.);
#1401=ORIENTED_EDGE('',*,*,#1924,.T.);
#1402=ORIENTED_EDGE('',*,*,#1925,.F.);
#1403=ORIENTED_EDGE('',*,*,#1926,.T.);
#1404=ORIENTED_EDGE('',*,*,#1927,.F.);
#1405=ORIENTED_EDGE('',*,*,#1928,.T.);
#1406=ORIENTED_EDGE('',*,*,#1929,.F.);
#1407=ORIENTED_EDGE('',*,*,#1930,.T.);
#1408=ORIENTED_EDGE('',*,*,#1931,.F.);
#1409=ORIENTED_EDGE('',*,*,#1932,.T.);
#1410=ORIENTED_EDGE('',*,*,#1933,.F.);
#1411=ORIENTED_EDGE('',*,*,#1934,.T.);
#1412=ORIENTED_EDGE('',*,*,#1935,.F.);
#1413=ORIENTED_EDGE('',*,*,#1936,.T.);
#1414=ORIENTED_EDGE('',*,*,#1937,.F.);
#1415=ORIENTED_EDGE('',*,*,#1938,.T.);
#1416=ORIENTED_EDGE('',*,*,#1939,.F.);
#1417=ORIENTED_EDGE('',*,*,#1940,.T.);
#1418=ORIENTED_EDGE('',*,*,#1941,.F.);
#1419=ORIENTED_EDGE('',*,*,#1942,.T.);
#1420=ORIENTED_EDGE('',*,*,#1943,.F.);
#1421=ORIENTED_EDGE('',*,*,#1944,.T.);
#1422=ORIENTED_EDGE('',*,*,#1945,.F.);
#1423=ORIENTED_EDGE('',*,*,#1946,.T.);
#1424=ORIENTED_EDGE('',*,*,#1947,.F.);
#1425=ORIENTED_EDGE('',*,*,#1948,.T.);
#1426=ORIENTED_EDGE('',*,*,#1949,.F.);
#1427=ORIENTED_EDGE('',*,*,#1950,.T.);
#1428=ORIENTED_EDGE('',*,*,#1951,.F.);
#1429=ORIENTED_EDGE('',*,*,#1952,.T.);
#1430=ORIENTED_EDGE('',*,*,#1953,.F.);
#1431=ORIENTED_EDGE('',*,*,#1954,.T.);
#1432=ORIENTED_EDGE('',*,*,#1955,.F.);
#1433=ORIENTED_EDGE('',*,*,#1956,.T.);
#1434=ORIENTED_EDGE('',*,*,#1957,.F.);
#1435=ORIENTED_EDGE('',*,*,#1958,.T.);
#1436=ORIENTED_EDGE('',*,*,#1959,.F.);
#1437=ORIENTED_EDGE('',*,*,#1960,.T.);
#1438=ORIENTED_EDGE('',*,*,#1961,.T.);
#1439=ORIENTED_EDGE('',*,*,#1962,.F.);
#1440=ORIENTED_EDGE('',*,*,#1962,.T.);
#1441=ORIENTED_EDGE('',*,*,#1919,.F.);
#1442=ORIENTED_EDGE('',*,*,#1920,.T.);
#1443=ORIENTED_EDGE('',*,*,#1963,.F.);
#1444=ORIENTED_EDGE('',*,*,#1963,.T.);
#1445=ORIENTED_EDGE('',*,*,#1961,.F.);
#1446=ORIENTED_EDGE('',*,*,#1964,.F.);
#1447=ORIENTED_EDGE('',*,*,#1965,.T.);
#1448=ORIENTED_EDGE('',*,*,#1966,.F.);
#1449=ORIENTED_EDGE('',*,*,#1967,.T.);
#1450=ORIENTED_EDGE('',*,*,#1966,.T.);
#1451=ORIENTED_EDGE('',*,*,#1968,.T.);
#1452=ORIENTED_EDGE('',*,*,#1921,.T.);
#1453=ORIENTED_EDGE('',*,*,#1969,.T.);
#1454=ORIENTED_EDGE('',*,*,#1923,.T.);
#1455=ORIENTED_EDGE('',*,*,#1970,.T.);
#1456=ORIENTED_EDGE('',*,*,#1964,.T.);
#1457=ORIENTED_EDGE('',*,*,#1971,.T.);
#1458=ORIENTED_EDGE('',*,*,#1965,.F.);
#1459=ORIENTED_EDGE('',*,*,#1970,.F.);
#1460=ORIENTED_EDGE('',*,*,#1922,.F.);
#1461=ORIENTED_EDGE('',*,*,#1968,.F.);
#1462=ORIENTED_EDGE('',*,*,#1924,.F.);
#1463=ORIENTED_EDGE('',*,*,#1971,.F.);
#1464=ORIENTED_EDGE('',*,*,#1967,.F.);
#1465=ORIENTED_EDGE('',*,*,#1969,.F.);
#1466=ORIENTED_EDGE('',*,*,#1972,.F.);
#1467=ORIENTED_EDGE('',*,*,#1973,.T.);
#1468=ORIENTED_EDGE('',*,*,#1974,.F.);
#1469=ORIENTED_EDGE('',*,*,#1975,.T.);
#1470=ORIENTED_EDGE('',*,*,#1974,.T.);
#1471=ORIENTED_EDGE('',*,*,#1976,.T.);
#1472=ORIENTED_EDGE('',*,*,#1925,.T.);
#1473=ORIENTED_EDGE('',*,*,#1977,.T.);
#1474=ORIENTED_EDGE('',*,*,#1927,.T.);
#1475=ORIENTED_EDGE('',*,*,#1978,.T.);
#1476=ORIENTED_EDGE('',*,*,#1972,.T.);
#1477=ORIENTED_EDGE('',*,*,#1979,.T.);
#1478=ORIENTED_EDGE('',*,*,#1973,.F.);
#1479=ORIENTED_EDGE('',*,*,#1978,.F.);
#1480=ORIENTED_EDGE('',*,*,#1926,.F.);
#1481=ORIENTED_EDGE('',*,*,#1976,.F.);
#1482=ORIENTED_EDGE('',*,*,#1928,.F.);
#1483=ORIENTED_EDGE('',*,*,#1979,.F.);
#1484=ORIENTED_EDGE('',*,*,#1975,.F.);
#1485=ORIENTED_EDGE('',*,*,#1977,.F.);
#1486=ORIENTED_EDGE('',*,*,#1980,.F.);
#1487=ORIENTED_EDGE('',*,*,#1981,.T.);
#1488=ORIENTED_EDGE('',*,*,#1982,.F.);
#1489=ORIENTED_EDGE('',*,*,#1983,.T.);
#1490=ORIENTED_EDGE('',*,*,#1982,.T.);
#1491=ORIENTED_EDGE('',*,*,#1984,.T.);
#1492=ORIENTED_EDGE('',*,*,#1929,.T.);
#1493=ORIENTED_EDGE('',*,*,#1985,.T.);
#1494=ORIENTED_EDGE('',*,*,#1931,.T.);
#1495=ORIENTED_EDGE('',*,*,#1986,.T.);
#1496=ORIENTED_EDGE('',*,*,#1980,.T.);
#1497=ORIENTED_EDGE('',*,*,#1987,.T.);
#1498=ORIENTED_EDGE('',*,*,#1981,.F.);
#1499=ORIENTED_EDGE('',*,*,#1986,.F.);
#1500=ORIENTED_EDGE('',*,*,#1930,.F.);
#1501=ORIENTED_EDGE('',*,*,#1984,.F.);
#1502=ORIENTED_EDGE('',*,*,#1932,.F.);
#1503=ORIENTED_EDGE('',*,*,#1987,.F.);
#1504=ORIENTED_EDGE('',*,*,#1983,.F.);
#1505=ORIENTED_EDGE('',*,*,#1985,.F.);
#1506=ORIENTED_EDGE('',*,*,#1988,.F.);
#1507=ORIENTED_EDGE('',*,*,#1989,.T.);
#1508=ORIENTED_EDGE('',*,*,#1990,.F.);
#1509=ORIENTED_EDGE('',*,*,#1991,.T.);
#1510=ORIENTED_EDGE('',*,*,#1990,.T.);
#1511=ORIENTED_EDGE('',*,*,#1992,.T.);
#1512=ORIENTED_EDGE('',*,*,#1933,.T.);
#1513=ORIENTED_EDGE('',*,*,#1993,.T.);
#1514=ORIENTED_EDGE('',*,*,#1935,.T.);
#1515=ORIENTED_EDGE('',*,*,#1994,.T.);
#1516=ORIENTED_EDGE('',*,*,#1988,.T.);
#1517=ORIENTED_EDGE('',*,*,#1995,.T.);
#1518=ORIENTED_EDGE('',*,*,#1989,.F.);
#1519=ORIENTED_EDGE('',*,*,#1994,.F.);
#1520=ORIENTED_EDGE('',*,*,#1934,.F.);
#1521=ORIENTED_EDGE('',*,*,#1992,.F.);
#1522=ORIENTED_EDGE('',*,*,#1936,.F.);
#1523=ORIENTED_EDGE('',*,*,#1995,.F.);
#1524=ORIENTED_EDGE('',*,*,#1991,.F.);
#1525=ORIENTED_EDGE('',*,*,#1993,.F.);
#1526=ORIENTED_EDGE('',*,*,#1996,.F.);
#1527=ORIENTED_EDGE('',*,*,#1997,.T.);
#1528=ORIENTED_EDGE('',*,*,#1998,.F.);
#1529=ORIENTED_EDGE('',*,*,#1999,.T.);
#1530=ORIENTED_EDGE('',*,*,#1998,.T.);
#1531=ORIENTED_EDGE('',*,*,#2000,.T.);
#1532=ORIENTED_EDGE('',*,*,#1937,.T.);
#1533=ORIENTED_EDGE('',*,*,#2001,.T.);
#1534=ORIENTED_EDGE('',*,*,#1939,.T.);
#1535=ORIENTED_EDGE('',*,*,#2002,.T.);
#1536=ORIENTED_EDGE('',*,*,#1996,.T.);
#1537=ORIENTED_EDGE('',*,*,#2003,.T.);
#1538=ORIENTED_EDGE('',*,*,#1997,.F.);
#1539=ORIENTED_EDGE('',*,*,#2002,.F.);
#1540=ORIENTED_EDGE('',*,*,#1938,.F.);
#1541=ORIENTED_EDGE('',*,*,#2000,.F.);
#1542=ORIENTED_EDGE('',*,*,#1940,.F.);
#1543=ORIENTED_EDGE('',*,*,#2003,.F.);
#1544=ORIENTED_EDGE('',*,*,#1999,.F.);
#1545=ORIENTED_EDGE('',*,*,#2001,.F.);
#1546=ORIENTED_EDGE('',*,*,#2004,.F.);
#1547=ORIENTED_EDGE('',*,*,#2005,.T.);
#1548=ORIENTED_EDGE('',*,*,#2006,.F.);
#1549=ORIENTED_EDGE('',*,*,#2007,.T.);
#1550=ORIENTED_EDGE('',*,*,#2006,.T.);
#1551=ORIENTED_EDGE('',*,*,#2008,.T.);
#1552=ORIENTED_EDGE('',*,*,#1941,.T.);
#1553=ORIENTED_EDGE('',*,*,#2009,.T.);
#1554=ORIENTED_EDGE('',*,*,#1943,.T.);
#1555=ORIENTED_EDGE('',*,*,#2010,.T.);
#1556=ORIENTED_EDGE('',*,*,#2004,.T.);
#1557=ORIENTED_EDGE('',*,*,#2011,.T.);
#1558=ORIENTED_EDGE('',*,*,#2005,.F.);
#1559=ORIENTED_EDGE('',*,*,#2010,.F.);
#1560=ORIENTED_EDGE('',*,*,#1942,.F.);
#1561=ORIENTED_EDGE('',*,*,#2008,.F.);
#1562=ORIENTED_EDGE('',*,*,#1944,.F.);
#1563=ORIENTED_EDGE('',*,*,#2011,.F.);
#1564=ORIENTED_EDGE('',*,*,#2007,.F.);
#1565=ORIENTED_EDGE('',*,*,#2009,.F.);
#1566=ORIENTED_EDGE('',*,*,#2012,.F.);
#1567=ORIENTED_EDGE('',*,*,#2013,.T.);
#1568=ORIENTED_EDGE('',*,*,#2014,.F.);
#1569=ORIENTED_EDGE('',*,*,#2015,.T.);
#1570=ORIENTED_EDGE('',*,*,#2014,.T.);
#1571=ORIENTED_EDGE('',*,*,#2016,.T.);
#1572=ORIENTED_EDGE('',*,*,#1945,.T.);
#1573=ORIENTED_EDGE('',*,*,#2017,.T.);
#1574=ORIENTED_EDGE('',*,*,#1947,.T.);
#1575=ORIENTED_EDGE('',*,*,#2018,.T.);
#1576=ORIENTED_EDGE('',*,*,#2012,.T.);
#1577=ORIENTED_EDGE('',*,*,#2019,.T.);
#1578=ORIENTED_EDGE('',*,*,#2013,.F.);
#1579=ORIENTED_EDGE('',*,*,#2018,.F.);
#1580=ORIENTED_EDGE('',*,*,#1946,.F.);
#1581=ORIENTED_EDGE('',*,*,#2016,.F.);
#1582=ORIENTED_EDGE('',*,*,#1948,.F.);
#1583=ORIENTED_EDGE('',*,*,#2019,.F.);
#1584=ORIENTED_EDGE('',*,*,#2015,.F.);
#1585=ORIENTED_EDGE('',*,*,#2017,.F.);
#1586=ORIENTED_EDGE('',*,*,#2020,.F.);
#1587=ORIENTED_EDGE('',*,*,#2021,.T.);
#1588=ORIENTED_EDGE('',*,*,#2022,.F.);
#1589=ORIENTED_EDGE('',*,*,#2023,.T.);
#1590=ORIENTED_EDGE('',*,*,#2022,.T.);
#1591=ORIENTED_EDGE('',*,*,#2024,.T.);
#1592=ORIENTED_EDGE('',*,*,#1949,.T.);
#1593=ORIENTED_EDGE('',*,*,#2025,.T.);
#1594=ORIENTED_EDGE('',*,*,#1951,.T.);
#1595=ORIENTED_EDGE('',*,*,#2026,.T.);
#1596=ORIENTED_EDGE('',*,*,#2020,.T.);
#1597=ORIENTED_EDGE('',*,*,#2027,.T.);
#1598=ORIENTED_EDGE('',*,*,#2021,.F.);
#1599=ORIENTED_EDGE('',*,*,#2026,.F.);
#1600=ORIENTED_EDGE('',*,*,#1950,.F.);
#1601=ORIENTED_EDGE('',*,*,#2024,.F.);
#1602=ORIENTED_EDGE('',*,*,#1952,.F.);
#1603=ORIENTED_EDGE('',*,*,#2027,.F.);
#1604=ORIENTED_EDGE('',*,*,#2023,.F.);
#1605=ORIENTED_EDGE('',*,*,#2025,.F.);
#1606=ORIENTED_EDGE('',*,*,#2028,.F.);
#1607=ORIENTED_EDGE('',*,*,#2029,.T.);
#1608=ORIENTED_EDGE('',*,*,#2030,.F.);
#1609=ORIENTED_EDGE('',*,*,#2031,.T.);
#1610=ORIENTED_EDGE('',*,*,#2030,.T.);
#1611=ORIENTED_EDGE('',*,*,#2032,.T.);
#1612=ORIENTED_EDGE('',*,*,#1953,.T.);
#1613=ORIENTED_EDGE('',*,*,#2033,.T.);
#1614=ORIENTED_EDGE('',*,*,#1955,.T.);
#1615=ORIENTED_EDGE('',*,*,#2034,.T.);
#1616=ORIENTED_EDGE('',*,*,#2028,.T.);
#1617=ORIENTED_EDGE('',*,*,#2035,.T.);
#1618=ORIENTED_EDGE('',*,*,#2029,.F.);
#1619=ORIENTED_EDGE('',*,*,#2034,.F.);
#1620=ORIENTED_EDGE('',*,*,#1954,.F.);
#1621=ORIENTED_EDGE('',*,*,#2032,.F.);
#1622=ORIENTED_EDGE('',*,*,#1956,.F.);
#1623=ORIENTED_EDGE('',*,*,#2035,.F.);
#1624=ORIENTED_EDGE('',*,*,#2031,.F.);
#1625=ORIENTED_EDGE('',*,*,#2033,.F.);
#1626=ORIENTED_EDGE('',*,*,#2036,.F.);
#1627=ORIENTED_EDGE('',*,*,#2037,.T.);
#1628=ORIENTED_EDGE('',*,*,#2038,.F.);
#1629=ORIENTED_EDGE('',*,*,#2039,.T.);
#1630=ORIENTED_EDGE('',*,*,#2038,.T.);
#1631=ORIENTED_EDGE('',*,*,#2040,.T.);
#1632=ORIENTED_EDGE('',*,*,#1957,.T.);
#1633=ORIENTED_EDGE('',*,*,#2041,.T.);
#1634=ORIENTED_EDGE('',*,*,#1959,.T.);
#1635=ORIENTED_EDGE('',*,*,#2042,.T.);
#1636=ORIENTED_EDGE('',*,*,#2036,.T.);
#1637=ORIENTED_EDGE('',*,*,#2043,.T.);
#1638=ORIENTED_EDGE('',*,*,#2037,.F.);
#1639=ORIENTED_EDGE('',*,*,#2042,.F.);
#1640=ORIENTED_EDGE('',*,*,#1958,.F.);
#1641=ORIENTED_EDGE('',*,*,#2040,.F.);
#1642=ORIENTED_EDGE('',*,*,#1960,.F.);
#1643=ORIENTED_EDGE('',*,*,#2043,.F.);
#1644=ORIENTED_EDGE('',*,*,#2039,.F.);
#1645=ORIENTED_EDGE('',*,*,#2041,.F.);
#1646=ORIENTED_EDGE('',*,*,#2044,.F.);
#1647=ORIENTED_EDGE('',*,*,#2045,.T.);
#1648=ORIENTED_EDGE('',*,*,#2045,.F.);
#1649=ORIENTED_EDGE('',*,*,#2046,.T.);
#1650=ORIENTED_EDGE('',*,*,#2046,.F.);
#1651=ORIENTED_EDGE('',*,*,#2047,.T.);
#1652=ORIENTED_EDGE('',*,*,#2047,.F.);
#1653=ORIENTED_EDGE('',*,*,#2048,.T.);
#1654=ORIENTED_EDGE('',*,*,#2048,.F.);
#1655=ORIENTED_EDGE('',*,*,#2049,.T.);
#1656=ORIENTED_EDGE('',*,*,#2049,.F.);
#1657=ORIENTED_EDGE('',*,*,#2050,.T.);
#1658=ORIENTED_EDGE('',*,*,#2050,.F.);
#1659=ORIENTED_EDGE('',*,*,#2051,.T.);
#1660=ORIENTED_EDGE('',*,*,#2051,.F.);
#1661=ORIENTED_EDGE('',*,*,#2052,.T.);
#1662=ORIENTED_EDGE('',*,*,#2052,.F.);
#1663=ORIENTED_EDGE('',*,*,#2053,.T.);
#1664=ORIENTED_EDGE('',*,*,#2053,.F.);
#1665=ORIENTED_EDGE('',*,*,#2044,.T.);
#1666=VERTEX_POINT('',#2450);
#1667=VERTEX_POINT('',#2451);
#1668=VERTEX_POINT('',#2453);
#1669=VERTEX_POINT('',#2455);
#1670=VERTEX_POINT('',#2459);
#1671=VERTEX_POINT('',#2461);
#1672=VERTEX_POINT('',#2465);
#1673=VERTEX_POINT('',#2467);
#1674=VERTEX_POINT('',#2471);
#1675=VERTEX_POINT('',#2473);
#1676=VERTEX_POINT('',#2479);
#1677=VERTEX_POINT('',#2481);
#1678=VERTEX_POINT('',#2486);
#1679=VERTEX_POINT('',#2487);
#1680=VERTEX_POINT('',#2489);
#1681=VERTEX_POINT('',#2491);
#1682=VERTEX_POINT('',#2495);
#1683=VERTEX_POINT('',#2497);
#1684=VERTEX_POINT('',#2501);
#1685=VERTEX_POINT('',#2503);
#1686=VERTEX_POINT('',#2507);
#1687=VERTEX_POINT('',#2509);
#1688=VERTEX_POINT('',#2515);
#1689=VERTEX_POINT('',#2517);
#1690=VERTEX_POINT('',#2522);
#1691=VERTEX_POINT('',#2524);
#1692=VERTEX_POINT('',#2527);
#1693=VERTEX_POINT('',#2529);
#1694=VERTEX_POINT('',#2533);
#1695=VERTEX_POINT('',#2536);
#1696=VERTEX_POINT('',#2538);
#1697=VERTEX_POINT('',#2675);
#1698=VERTEX_POINT('',#2677);
#1699=VERTEX_POINT('',#2680);
#1700=VERTEX_POINT('',#2682);
#1701=VERTEX_POINT('',#2818);
#1702=VERTEX_POINT('',#2819);
#1703=VERTEX_POINT('',#2830);
#1704=VERTEX_POINT('',#2832);
#1705=VERTEX_POINT('',#2883);
#1706=VERTEX_POINT('',#2912);
#1707=VERTEX_POINT('',#2946);
#1708=VERTEX_POINT('',#2951);
#1709=VERTEX_POINT('',#3022);
#1710=VERTEX_POINT('',#3023);
#1711=VERTEX_POINT('',#3034);
#1712=VERTEX_POINT('',#3036);
#1713=VERTEX_POINT('',#3087);
#1714=VERTEX_POINT('',#3116);
#1715=VERTEX_POINT('',#3150);
#1716=VERTEX_POINT('',#3155);
#1717=VERTEX_POINT('',#3226);
#1718=VERTEX_POINT('',#3227);
#1719=VERTEX_POINT('',#3238);
#1720=VERTEX_POINT('',#3240);
#1721=VERTEX_POINT('',#3291);
#1722=VERTEX_POINT('',#3320);
#1723=VERTEX_POINT('',#3354);
#1724=VERTEX_POINT('',#3359);
#1725=VERTEX_POINT('',#3430);
#1726=VERTEX_POINT('',#3431);
#1727=VERTEX_POINT('',#3442);
#1728=VERTEX_POINT('',#3444);
#1729=VERTEX_POINT('',#3495);
#1730=VERTEX_POINT('',#3524);
#1731=VERTEX_POINT('',#3558);
#1732=VERTEX_POINT('',#3563);
#1733=VERTEX_POINT('',#3634);
#1734=VERTEX_POINT('',#3636);
#1735=VERTEX_POINT('',#3643);
#1736=VERTEX_POINT('',#3644);
#1737=VERTEX_POINT('',#3673);
#1738=VERTEX_POINT('',#3682);
#1739=VERTEX_POINT('',#3717);
#1740=VERTEX_POINT('',#3718);
#1741=VERTEX_POINT('',#3747);
#1742=VERTEX_POINT('',#3756);
#1743=VERTEX_POINT('',#3791);
#1744=VERTEX_POINT('',#3792);
#1745=VERTEX_POINT('',#3821);
#1746=VERTEX_POINT('',#3830);
#1747=VERTEX_POINT('',#3865);
#1748=VERTEX_POINT('',#3866);
#1749=VERTEX_POINT('',#3895);
#1750=VERTEX_POINT('',#3904);
#1751=VERTEX_POINT('',#3939);
#1752=VERTEX_POINT('',#3940);
#1753=VERTEX_POINT('',#3969);
#1754=VERTEX_POINT('',#3978);
#1755=VERTEX_POINT('',#4013);
#1756=VERTEX_POINT('',#4014);
#1757=VERTEX_POINT('',#4043);
#1758=VERTEX_POINT('',#4052);
#1759=VERTEX_POINT('',#4087);
#1760=VERTEX_POINT('',#4088);
#1761=VERTEX_POINT('',#4117);
#1762=VERTEX_POINT('',#4126);
#1763=VERTEX_POINT('',#4161);
#1764=VERTEX_POINT('',#4162);
#1765=VERTEX_POINT('',#4191);
#1766=VERTEX_POINT('',#4200);
#1767=VERTEX_POINT('',#4235);
#1768=VERTEX_POINT('',#4236);
#1769=VERTEX_POINT('',#4265);
#1770=VERTEX_POINT('',#4274);
#1771=VERTEX_POINT('',#4309);
#1772=VERTEX_POINT('',#4310);
#1773=VERTEX_POINT('',#4339);
#1774=VERTEX_POINT('',#4348);
#1775=VERTEX_POINT('',#4406);
#1776=VERTEX_POINT('',#4409);
#1777=VERTEX_POINT('',#4413);
#1778=VERTEX_POINT('',#4425);
#1779=VERTEX_POINT('',#4426);
#1780=VERTEX_POINT('',#4455);
#1781=VERTEX_POINT('',#4462);
#1782=VERTEX_POINT('',#5036);
#1783=VERTEX_POINT('',#5037);
#1784=VERTEX_POINT('',#5066);
#1785=VERTEX_POINT('',#5073);
#1786=VERTEX_POINT('',#5647);
#1787=VERTEX_POINT('',#5648);
#1788=VERTEX_POINT('',#5677);
#1789=VERTEX_POINT('',#5684);
#1790=VERTEX_POINT('',#6258);
#1791=VERTEX_POINT('',#6259);
#1792=VERTEX_POINT('',#6288);
#1793=VERTEX_POINT('',#6295);
#1794=VERTEX_POINT('',#6869);
#1795=VERTEX_POINT('',#6870);
#1796=VERTEX_POINT('',#6899);
#1797=VERTEX_POINT('',#6906);
#1798=VERTEX_POINT('',#7480);
#1799=VERTEX_POINT('',#7481);
#1800=VERTEX_POINT('',#7510);
#1801=VERTEX_POINT('',#7517);
#1802=VERTEX_POINT('',#8091);
#1803=VERTEX_POINT('',#8092);
#1804=VERTEX_POINT('',#8121);
#1805=VERTEX_POINT('',#8128);
#1806=VERTEX_POINT('',#8702);
#1807=VERTEX_POINT('',#8703);
#1808=VERTEX_POINT('',#8732);
#1809=VERTEX_POINT('',#8739);
#1810=VERTEX_POINT('',#9313);
#1811=VERTEX_POINT('',#9314);
#1812=VERTEX_POINT('',#9343);
#1813=VERTEX_POINT('',#9350);
#1814=VERTEX_POINT('',#9924);
#1815=VERTEX_POINT('',#9925);
#1816=VERTEX_POINT('',#9954);
#1817=VERTEX_POINT('',#9961);
#1818=VERTEX_POINT('',#10530);
#1819=VERTEX_POINT('',#10533);
#1820=VERTEX_POINT('',#10536);
#1821=VERTEX_POINT('',#10539);
#1822=VERTEX_POINT('',#10542);
#1823=VERTEX_POINT('',#10545);
#1824=VERTEX_POINT('',#10548);
#1825=VERTEX_POINT('',#10551);
#1826=VERTEX_POINT('',#10554);
#1827=VERTEX_POINT('',#10557);
#1828=EDGE_CURVE('',#1666,#1667,#2054,.T.);
#1829=EDGE_CURVE('',#1668,#1667,#2055,.T.);
#1830=EDGE_CURVE('',#1669,#1668,#2056,.T.);
#1831=EDGE_CURVE('',#1669,#1666,#2057,.T.);
#1832=EDGE_CURVE('',#1667,#1670,#2058,.T.);
#1833=EDGE_CURVE('',#1671,#1670,#2059,.T.);
#1834=EDGE_CURVE('',#1668,#1671,#2060,.T.);
#1835=EDGE_CURVE('',#1670,#1672,#2061,.T.);
#1836=EDGE_CURVE('',#1673,#1672,#2062,.T.);
#1837=EDGE_CURVE('',#1671,#1673,#2063,.T.);
#1838=EDGE_CURVE('',#1674,#1674,#791,.T.);
#1839=EDGE_CURVE('',#1675,#1675,#792,.T.);
#1840=EDGE_CURVE('',#1672,#1666,#2064,.T.);
#1841=EDGE_CURVE('',#1673,#1669,#2065,.T.);
#1842=EDGE_CURVE('',#1676,#1676,#793,.T.);
#1843=EDGE_CURVE('',#1677,#1677,#794,.T.);
#1844=EDGE_CURVE('',#1678,#1679,#2066,.T.);
#1845=EDGE_CURVE('',#1679,#1680,#2067,.T.);
#1846=EDGE_CURVE('',#1681,#1680,#2068,.T.);
#1847=EDGE_CURVE('',#1678,#1681,#2069,.T.);
#1848=EDGE_CURVE('',#1682,#1678,#2070,.T.);
#1849=EDGE_CURVE('',#1683,#1681,#2071,.T.);
#1850=EDGE_CURVE('',#1682,#1683,#2072,.T.);
#1851=EDGE_CURVE('',#1684,#1682,#2073,.T.);
#1852=EDGE_CURVE('',#1685,#1683,#2074,.T.);
#1853=EDGE_CURVE('',#1684,#1685,#2075,.T.);
#1854=EDGE_CURVE('',#1686,#1686,#795,.T.);
#1855=EDGE_CURVE('',#1687,#1687,#796,.T.);
#1856=EDGE_CURVE('',#1679,#1684,#2076,.T.);
#1857=EDGE_CURVE('',#1680,#1685,#2077,.T.);
#1858=EDGE_CURVE('',#1688,#1688,#797,.T.);
#1859=EDGE_CURVE('',#1689,#1689,#798,.T.);
#1860=EDGE_CURVE('',#1690,#1690,#799,.T.);
#1861=EDGE_CURVE('',#1691,#1691,#800,.T.);
#1862=EDGE_CURVE('',#1692,#1692,#801,.T.);
#1863=EDGE_CURVE('',#1693,#1693,#802,.T.);
#1864=EDGE_CURVE('',#1694,#1694,#803,.T.);
#1865=EDGE_CURVE('',#1695,#1695,#804,.T.);
#1866=EDGE_CURVE('',#1696,#1696,#805,.T.);
#1867=EDGE_CURVE('',#1697,#1697,#806,.T.);
#1868=EDGE_CURVE('',#1698,#1698,#807,.T.);
#1869=EDGE_CURVE('',#1699,#1699,#808,.T.);
#1870=EDGE_CURVE('',#1700,#1700,#809,.T.);
#1871=EDGE_CURVE('',#1701,#1702,#2078,.T.);
#1872=EDGE_CURVE('',#1701,#1703,#116,.T.);
#1873=EDGE_CURVE('',#1704,#1703,#2079,.T.);
#1874=EDGE_CURVE('',#1702,#1704,#117,.T.);
#1875=EDGE_CURVE('',#1701,#1705,#118,.T.);
#1876=EDGE_CURVE('',#1702,#1706,#119,.T.);
#1877=EDGE_CURVE('',#1705,#1706,#120,.T.);
#1878=EDGE_CURVE('',#1707,#1703,#121,.T.);
#1879=EDGE_CURVE('',#1708,#1707,#122,.T.);
#1880=EDGE_CURVE('',#1708,#1704,#123,.T.);
#1881=EDGE_CURVE('',#1705,#1707,#124,.T.);
#1882=EDGE_CURVE('',#1706,#1708,#125,.T.);
#1883=EDGE_CURVE('',#1709,#1710,#2080,.T.);
#1884=EDGE_CURVE('',#1709,#1711,#126,.T.);
#1885=EDGE_CURVE('',#1712,#1711,#2081,.T.);
#1886=EDGE_CURVE('',#1710,#1712,#127,.T.);
#1887=EDGE_CURVE('',#1709,#1713,#128,.T.);
#1888=EDGE_CURVE('',#1710,#1714,#129,.T.);
#1889=EDGE_CURVE('',#1713,#1714,#130,.T.);
#1890=EDGE_CURVE('',#1715,#1711,#131,.T.);
#1891=EDGE_CURVE('',#1716,#1715,#132,.T.);
#1892=EDGE_CURVE('',#1716,#1712,#133,.T.);
#1893=EDGE_CURVE('',#1713,#1715,#134,.T.);
#1894=EDGE_CURVE('',#1714,#1716,#135,.T.);
#1895=EDGE_CURVE('',#1717,#1718,#2082,.T.);
#1896=EDGE_CURVE('',#1717,#1719,#136,.T.);
#1897=EDGE_CURVE('',#1720,#1719,#2083,.T.);
#1898=EDGE_CURVE('',#1718,#1720,#137,.T.);
#1899=EDGE_CURVE('',#1717,#1721,#138,.T.);
#1900=EDGE_CURVE('',#1718,#1722,#139,.T.);
#1901=EDGE_CURVE('',#1721,#1722,#140,.T.);
#1902=EDGE_CURVE('',#1723,#1719,#141,.T.);
#1903=EDGE_CURVE('',#1724,#1723,#142,.T.);
#1904=EDGE_CURVE('',#1724,#1720,#143,.T.);
#1905=EDGE_CURVE('',#1721,#1723,#144,.T.);
#1906=EDGE_CURVE('',#1722,#1724,#145,.T.);
#1907=EDGE_CURVE('',#1725,#1726,#2084,.T.);
#1908=EDGE_CURVE('',#1725,#1727,#146,.T.);
#1909=EDGE_CURVE('',#1728,#1727,#2085,.T.);
#1910=EDGE_CURVE('',#1726,#1728,#147,.T.);
#1911=EDGE_CURVE('',#1725,#1729,#148,.T.);
#1912=EDGE_CURVE('',#1726,#1730,#149,.T.);
#1913=EDGE_CURVE('',#1729,#1730,#150,.T.);
#1914=EDGE_CURVE('',#1731,#1727,#151,.T.);
#1915=EDGE_CURVE('',#1732,#1731,#152,.T.);
#1916=EDGE_CURVE('',#1732,#1728,#153,.T.);
#1917=EDGE_CURVE('',#1729,#1731,#154,.T.);
#1918=EDGE_CURVE('',#1730,#1732,#155,.T.);
#1919=EDGE_CURVE('',#1733,#1733,#810,.T.);
#1920=EDGE_CURVE('',#1734,#1734,#811,.T.);
#1921=EDGE_CURVE('',#1735,#1736,#156,.T.);
#1922=EDGE_CURVE('',#1735,#1737,#157,.T.);
#1923=EDGE_CURVE('',#1738,#1737,#158,.T.);
#1924=EDGE_CURVE('',#1738,#1736,#159,.T.);
#1925=EDGE_CURVE('',#1739,#1740,#160,.T.);
#1926=EDGE_CURVE('',#1739,#1741,#161,.T.);
#1927=EDGE_CURVE('',#1742,#1741,#162,.T.);
#1928=EDGE_CURVE('',#1742,#1740,#163,.T.);
#1929=EDGE_CURVE('',#1743,#1744,#164,.T.);
#1930=EDGE_CURVE('',#1743,#1745,#165,.T.);
#1931=EDGE_CURVE('',#1746,#1745,#166,.T.);
#1932=EDGE_CURVE('',#1746,#1744,#167,.T.);
#1933=EDGE_CURVE('',#1747,#1748,#168,.T.);
#1934=EDGE_CURVE('',#1747,#1749,#169,.T.);
#1935=EDGE_CURVE('',#1750,#1749,#170,.T.);
#1936=EDGE_CURVE('',#1750,#1748,#171,.T.);
#1937=EDGE_CURVE('',#1751,#1752,#172,.T.);
#1938=EDGE_CURVE('',#1751,#1753,#173,.T.);
#1939=EDGE_CURVE('',#1754,#1753,#174,.T.);
#1940=EDGE_CURVE('',#1754,#1752,#175,.T.);
#1941=EDGE_CURVE('',#1755,#1756,#176,.T.);
#1942=EDGE_CURVE('',#1755,#1757,#177,.T.);
#1943=EDGE_CURVE('',#1758,#1757,#178,.T.);
#1944=EDGE_CURVE('',#1758,#1756,#179,.T.);
#1945=EDGE_CURVE('',#1759,#1760,#180,.T.);
#1946=EDGE_CURVE('',#1759,#1761,#181,.T.);
#1947=EDGE_CURVE('',#1762,#1761,#182,.T.);
#1948=EDGE_CURVE('',#1762,#1760,#183,.T.);
#1949=EDGE_CURVE('',#1763,#1764,#184,.T.);
#1950=EDGE_CURVE('',#1763,#1765,#185,.T.);
#1951=EDGE_CURVE('',#1766,#1765,#186,.T.);
#1952=EDGE_CURVE('',#1766,#1764,#187,.T.);
#1953=EDGE_CURVE('',#1767,#1768,#188,.T.);
#1954=EDGE_CURVE('',#1767,#1769,#189,.T.);
#1955=EDGE_CURVE('',#1770,#1769,#190,.T.);
#1956=EDGE_CURVE('',#1770,#1768,#191,.T.);
#1957=EDGE_CURVE('',#1771,#1772,#192,.T.);
#1958=EDGE_CURVE('',#1771,#1773,#193,.T.);
#1959=EDGE_CURVE('',#1774,#1773,#194,.T.);
#1960=EDGE_CURVE('',#1774,#1772,#195,.T.);
#1961=EDGE_CURVE('',#1775,#1775,#812,.T.);
#1962=EDGE_CURVE('',#1776,#1776,#813,.T.);
#1963=EDGE_CURVE('',#1777,#1777,#814,.T.);
#1964=EDGE_CURVE('',#1778,#1779,#197,.T.);
#1965=EDGE_CURVE('',#1778,#1780,#198,.T.);
#1966=EDGE_CURVE('',#1781,#1780,#199,.T.);
#1967=EDGE_CURVE('',#1781,#1779,#200,.T.);
#1968=EDGE_CURVE('',#1780,#1735,#201,.T.);
#1969=EDGE_CURVE('',#1736,#1781,#202,.T.);
#1970=EDGE_CURVE('',#1737,#1778,#203,.T.);
#1971=EDGE_CURVE('',#1779,#1738,#204,.T.);
#1972=EDGE_CURVE('',#1782,#1783,#205,.T.);
#1973=EDGE_CURVE('',#1782,#1784,#206,.T.);
#1974=EDGE_CURVE('',#1785,#1784,#207,.T.);
#1975=EDGE_CURVE('',#1785,#1783,#208,.T.);
#1976=EDGE_CURVE('',#1784,#1739,#209,.T.);
#1977=EDGE_CURVE('',#1740,#1785,#210,.T.);
#1978=EDGE_CURVE('',#1741,#1782,#211,.T.);
#1979=EDGE_CURVE('',#1783,#1742,#212,.T.);
#1980=EDGE_CURVE('',#1786,#1787,#213,.T.);
#1981=EDGE_CURVE('',#1786,#1788,#214,.T.);
#1982=EDGE_CURVE('',#1789,#1788,#215,.T.);
#1983=EDGE_CURVE('',#1789,#1787,#216,.T.);
#1984=EDGE_CURVE('',#1788,#1743,#217,.T.);
#1985=EDGE_CURVE('',#1744,#1789,#218,.T.);
#1986=EDGE_CURVE('',#1745,#1786,#219,.T.);
#1987=EDGE_CURVE('',#1787,#1746,#220,.T.);
#1988=EDGE_CURVE('',#1790,#1791,#221,.T.);
#1989=EDGE_CURVE('',#1790,#1792,#222,.T.);
#1990=EDGE_CURVE('',#1793,#1792,#223,.T.);
#1991=EDGE_CURVE('',#1793,#1791,#224,.T.);
#1992=EDGE_CURVE('',#1792,#1747,#225,.T.);
#1993=EDGE_CURVE('',#1748,#1793,#226,.T.);
#1994=EDGE_CURVE('',#1749,#1790,#227,.T.);
#1995=EDGE_CURVE('',#1791,#1750,#228,.T.);
#1996=EDGE_CURVE('',#1794,#1795,#229,.T.);
#1997=EDGE_CURVE('',#1794,#1796,#230,.T.);
#1998=EDGE_CURVE('',#1797,#1796,#231,.T.);
#1999=EDGE_CURVE('',#1797,#1795,#232,.T.);
#2000=EDGE_CURVE('',#1796,#1751,#233,.T.);
#2001=EDGE_CURVE('',#1752,#1797,#234,.T.);
#2002=EDGE_CURVE('',#1753,#1794,#235,.T.);
#2003=EDGE_CURVE('',#1795,#1754,#236,.T.);
#2004=EDGE_CURVE('',#1798,#1799,#237,.T.);
#2005=EDGE_CURVE('',#1798,#1800,#238,.T.);
#2006=EDGE_CURVE('',#1801,#1800,#239,.T.);
#2007=EDGE_CURVE('',#1801,#1799,#240,.T.);
#2008=EDGE_CURVE('',#1800,#1755,#241,.T.);
#2009=EDGE_CURVE('',#1756,#1801,#242,.T.);
#2010=EDGE_CURVE('',#1757,#1798,#243,.T.);
#2011=EDGE_CURVE('',#1799,#1758,#244,.T.);
#2012=EDGE_CURVE('',#1802,#1803,#245,.T.);
#2013=EDGE_CURVE('',#1802,#1804,#246,.T.);
#2014=EDGE_CURVE('',#1805,#1804,#247,.T.);
#2015=EDGE_CURVE('',#1805,#1803,#248,.T.);
#2016=EDGE_CURVE('',#1804,#1759,#249,.T.);
#2017=EDGE_CURVE('',#1760,#1805,#250,.T.);
#2018=EDGE_CURVE('',#1761,#1802,#251,.T.);
#2019=EDGE_CURVE('',#1803,#1762,#252,.T.);
#2020=EDGE_CURVE('',#1806,#1807,#253,.T.);
#2021=EDGE_CURVE('',#1806,#1808,#254,.T.);
#2022=EDGE_CURVE('',#1809,#1808,#255,.T.);
#2023=EDGE_CURVE('',#1809,#1807,#256,.T.);
#2024=EDGE_CURVE('',#1808,#1763,#257,.T.);
#2025=EDGE_CURVE('',#1764,#1809,#258,.T.);
#2026=EDGE_CURVE('',#1765,#1806,#259,.T.);
#2027=EDGE_CURVE('',#1807,#1766,#260,.T.);
#2028=EDGE_CURVE('',#1810,#1811,#261,.T.);
#2029=EDGE_CURVE('',#1810,#1812,#262,.T.);
#2030=EDGE_CURVE('',#1813,#1812,#263,.T.);
#2031=EDGE_CURVE('',#1813,#1811,#264,.T.);
#2032=EDGE_CURVE('',#1812,#1767,#265,.T.);
#2033=EDGE_CURVE('',#1768,#1813,#266,.T.);
#2034=EDGE_CURVE('',#1769,#1810,#267,.T.);
#2035=EDGE_CURVE('',#1811,#1770,#268,.T.);
#2036=EDGE_CURVE('',#1814,#1815,#269,.T.);
#2037=EDGE_CURVE('',#1814,#1816,#270,.T.);
#2038=EDGE_CURVE('',#1817,#1816,#271,.T.);
#2039=EDGE_CURVE('',#1817,#1815,#272,.T.);
#2040=EDGE_CURVE('',#1816,#1771,#273,.T.);
#2041=EDGE_CURVE('',#1772,#1817,#274,.T.);
#2042=EDGE_CURVE('',#1773,#1814,#275,.T.);
#2043=EDGE_CURVE('',#1815,#1774,#276,.T.);
#2044=EDGE_CURVE('',#1818,#1818,#815,.T.);
#2045=EDGE_CURVE('',#1819,#1819,#816,.T.);
#2046=EDGE_CURVE('',#1820,#1820,#817,.T.);
#2047=EDGE_CURVE('',#1821,#1821,#818,.T.);
#2048=EDGE_CURVE('',#1822,#1822,#819,.T.);
#2049=EDGE_CURVE('',#1823,#1823,#820,.T.);
#2050=EDGE_CURVE('',#1824,#1824,#821,.T.);
#2051=EDGE_CURVE('',#1825,#1825,#822,.T.);
#2052=EDGE_CURVE('',#1826,#1826,#823,.T.);
#2053=EDGE_CURVE('',#1827,#1827,#824,.T.);
#2054=LINE('',#2449,#2086);
#2055=LINE('',#2452,#2087);
#2056=LINE('',#2454,#2088);
#2057=LINE('',#2456,#2089);
#2058=LINE('',#2458,#2090);
#2059=LINE('',#2460,#2091);
#2060=LINE('',#2462,#2092);
#2061=LINE('',#2464,#2093);
#2062=LINE('',#2466,#2094);
#2063=LINE('',#2468,#2095);
#2064=LINE('',#2475,#2096);
#2065=LINE('',#2476,#2097);
#2066=LINE('',#2485,#2098);
#2067=LINE('',#2488,#2099);
#2068=LINE('',#2490,#2100);
#2069=LINE('',#2492,#2101);
#2070=LINE('',#2494,#2102);
#2071=LINE('',#2496,#2103);
#2072=LINE('',#2498,#2104);
#2073=LINE('',#2500,#2105);
#2074=LINE('',#2502,#2106);
#2075=LINE('',#2504,#2107);
#2076=LINE('',#2511,#2108);
#2077=LINE('',#2512,#2109);
#2078=LINE('',#2817,#2110);
#2079=LINE('',#2831,#2111);
#2080=LINE('',#3021,#2112);
#2081=LINE('',#3035,#2113);
#2082=LINE('',#3225,#2114);
#2083=LINE('',#3239,#2115);
#2084=LINE('',#3429,#2116);
#2085=LINE('',#3443,#2117);
#2086=VECTOR('',#2218,1.);
#2087=VECTOR('',#2219,1.);
#2088=VECTOR('',#2220,1.);
#2089=VECTOR('',#2221,1.);
#2090=VECTOR('',#2224,1.);
#2091=VECTOR('',#2225,1.);
#2092=VECTOR('',#2226,1.);
#2093=VECTOR('',#2229,1.);
#2094=VECTOR('',#2230,1.);
#2095=VECTOR('',#2231,1.);
#2096=VECTOR('',#2240,1.);
#2097=VECTOR('',#2241,1.);
#2098=VECTOR('',#2254,1.);
#2099=VECTOR('',#2255,1.);
#2100=VECTOR('',#2256,1.);
#2101=VECTOR('',#2257,1.);
#2102=VECTOR('',#2260,1.);
#2103=VECTOR('',#2261,1.);
#2104=VECTOR('',#2262,1.);
#2105=VECTOR('',#2265,1.);
#2106=VECTOR('',#2266,1.);
#2107=VECTOR('',#2267,1.);
#2108=VECTOR('',#2276,1.);
#2109=VECTOR('',#2277,1.);
#2110=VECTOR('',#2328,1.);
#2111=VECTOR('',#2329,1.);
#2112=VECTOR('',#2338,1.);
#2113=VECTOR('',#2339,1.);
#2114=VECTOR('',#2348,1.);
#2115=VECTOR('',#2349,1.);
#2116=VECTOR('',#2358,1.);
#2117=VECTOR('',#2359,1.);
#2118=AXIS2_PLACEMENT_3D('',#2448,#2216,#2217);
#2119=AXIS2_PLACEMENT_3D('',#2457,#2222,#2223);
#2120=AXIS2_PLACEMENT_3D('',#2463,#2227,#2228);
#2121=AXIS2_PLACEMENT_3D('',#2469,#2232,#2233);
#2122=AXIS2_PLACEMENT_3D('',#2470,#2234,#2235);
#2123=AXIS2_PLACEMENT_3D('',#2472,#2236,#2237);
#2124=AXIS2_PLACEMENT_3D('',#2474,#2238,#2239);
#2125=AXIS2_PLACEMENT_3D('',#2477,#2242,#2243);
#2126=AXIS2_PLACEMENT_3D('',#2478,#2244,#2245);
#2127=AXIS2_PLACEMENT_3D('',#2480,#2246,#2247);
#2128=AXIS2_PLACEMENT_3D('',#2482,#2248,#2249);
#2129=AXIS2_PLACEMENT_3D('',#2483,#2250,#2251);
#2130=AXIS2_PLACEMENT_3D('',#2484,#2252,#2253);
#2131=AXIS2_PLACEMENT_3D('',#2493,#2258,#2259);
#2132=AXIS2_PLACEMENT_3D('',#2499,#2263,#2264);
#2133=AXIS2_PLACEMENT_3D('',#2505,#2268,#2269);
#2134=AXIS2_PLACEMENT_3D('',#2506,#2270,#2271);
#2135=AXIS2_PLACEMENT_3D('',#2508,#2272,#2273);
#2136=AXIS2_PLACEMENT_3D('',#2510,#2274,#2275);
#2137=AXIS2_PLACEMENT_3D('',#2513,#2278,#2279);
#2138=AXIS2_PLACEMENT_3D('',#2514,#2280,#2281);
#2139=AXIS2_PLACEMENT_3D('',#2516,#2282,#2283);
#2140=AXIS2_PLACEMENT_3D('',#2518,#2284,#2285);
#2141=AXIS2_PLACEMENT_3D('',#2519,#2286,#2287);
#2142=AXIS2_PLACEMENT_3D('',#2520,#2288,#2289);
#2143=AXIS2_PLACEMENT_3D('',#2521,#2290,#2291);
#2144=AXIS2_PLACEMENT_3D('',#2523,#2292,#2293);
#2145=AXIS2_PLACEMENT_3D('',#2525,#2294,#2295);
#2146=AXIS2_PLACEMENT_3D('',#2526,#2296,#2297);
#2147=AXIS2_PLACEMENT_3D('',#2528,#2298,#2299);
#2148=AXIS2_PLACEMENT_3D('',#2530,#2300,#2301);
#2149=AXIS2_PLACEMENT_3D('',#2531,#2302,#2303);
#2150=AXIS2_PLACEMENT_3D('',#2532,#2304,#2305);
#2151=AXIS2_PLACEMENT_3D('',#2534,#2306,#2307);
#2152=AXIS2_PLACEMENT_3D('',#2535,#2308,#2309);
#2153=AXIS2_PLACEMENT_3D('',#2537,#2310,#2311);
#2154=AXIS2_PLACEMENT_3D('',#2539,#2312,#2313);
#2155=AXIS2_PLACEMENT_3D('',#2674,#2315,#2316);
#2156=AXIS2_PLACEMENT_3D('',#2676,#2317,#2318);
#2157=AXIS2_PLACEMENT_3D('',#2678,#2319,#2320);
#2158=AXIS2_PLACEMENT_3D('',#2679,#2321,#2322);
#2159=AXIS2_PLACEMENT_3D('',#2681,#2323,#2324);
#2160=AXIS2_PLACEMENT_3D('',#2683,#2325,#2326);
#2161=AXIS2_PLACEMENT_3D('',#2917,#2330,#2331);
#2162=AXIS2_PLACEMENT_3D('',#2980,#2332,#2333);
#2163=AXIS2_PLACEMENT_3D('',#3019,#2334,#2335);
#2164=AXIS2_PLACEMENT_3D('',#3020,#2336,#2337);
#2165=AXIS2_PLACEMENT_3D('',#3121,#2340,#2341);
#2166=AXIS2_PLACEMENT_3D('',#3184,#2342,#2343);
#2167=AXIS2_PLACEMENT_3D('',#3223,#2344,#2345);
#2168=AXIS2_PLACEMENT_3D('',#3224,#2346,#2347);
#2169=AXIS2_PLACEMENT_3D('',#3325,#2350,#2351);
#2170=AXIS2_PLACEMENT_3D('',#3388,#2352,#2353);
#2171=AXIS2_PLACEMENT_3D('',#3427,#2354,#2355);
#2172=AXIS2_PLACEMENT_3D('',#3428,#2356,#2357);
#2173=AXIS2_PLACEMENT_3D('',#3529,#2360,#2361);
#2174=AXIS2_PLACEMENT_3D('',#3592,#2362,#2363);
#2175=AXIS2_PLACEMENT_3D('',#3631,#2364,#2365);
#2176=AXIS2_PLACEMENT_3D('',#3632,#2366,#2367);
#2177=AXIS2_PLACEMENT_3D('',#3633,#2368,#2369);
#2178=AXIS2_PLACEMENT_3D('',#3635,#2370,#2371);
#2179=AXIS2_PLACEMENT_3D('',#4405,#2372,#2373);
#2180=AXIS2_PLACEMENT_3D('',#4407,#2374,#2375);
#2181=AXIS2_PLACEMENT_3D('',#4408,#2376,#2377);
#2182=AXIS2_PLACEMENT_3D('',#4410,#2378,#2379);
#2183=AXIS2_PLACEMENT_3D('',#4411,#2380,#2381);
#2184=AXIS2_PLACEMENT_3D('',#4412,#2382,#2383);
#2185=AXIS2_PLACEMENT_3D('',#4414,#2384,#2385);
#2186=AXIS2_PLACEMENT_3D('',#4491,#2387,#2388);
#2187=AXIS2_PLACEMENT_3D('',#5102,#2389,#2390);
#2188=AXIS2_PLACEMENT_3D('',#5713,#2391,#2392);
#2189=AXIS2_PLACEMENT_3D('',#6324,#2393,#2394);
#2190=AXIS2_PLACEMENT_3D('',#6935,#2395,#2396);
#2191=AXIS2_PLACEMENT_3D('',#7546,#2397,#2398);
#2192=AXIS2_PLACEMENT_3D('',#8157,#2399,#2400);
#2193=AXIS2_PLACEMENT_3D('',#8768,#2401,#2402);
#2194=AXIS2_PLACEMENT_3D('',#9379,#2403,#2404);
#2195=AXIS2_PLACEMENT_3D('',#9990,#2405,#2406);
#2196=AXIS2_PLACEMENT_3D('',#10529,#2407,#2408);
#2197=AXIS2_PLACEMENT_3D('',#10531,#2409,#2410);
#2198=AXIS2_PLACEMENT_3D('',#10532,#2411,#2412);
#2199=AXIS2_PLACEMENT_3D('',#10534,#2413,#2414);
#2200=AXIS2_PLACEMENT_3D('',#10535,#2415,#2416);
#2201=AXIS2_PLACEMENT_3D('',#10537,#2417,#2418);
#2202=AXIS2_PLACEMENT_3D('',#10538,#2419,#2420);
#2203=AXIS2_PLACEMENT_3D('',#10540,#2421,#2422);
#2204=AXIS2_PLACEMENT_3D('',#10541,#2423,#2424);
#2205=AXIS2_PLACEMENT_3D('',#10543,#2425,#2426);
#2206=AXIS2_PLACEMENT_3D('',#10544,#2427,#2428);
#2207=AXIS2_PLACEMENT_3D('',#10546,#2429,#2430);
#2208=AXIS2_PLACEMENT_3D('',#10547,#2431,#2432);
#2209=AXIS2_PLACEMENT_3D('',#10549,#2433,#2434);
#2210=AXIS2_PLACEMENT_3D('',#10550,#2435,#2436);
#2211=AXIS2_PLACEMENT_3D('',#10552,#2437,#2438);
#2212=AXIS2_PLACEMENT_3D('',#10553,#2439,#2440);
#2213=AXIS2_PLACEMENT_3D('',#10555,#2441,#2442);
#2214=AXIS2_PLACEMENT_3D('',#10556,#2443,#2444);
#2215=AXIS2_PLACEMENT_3D('',#10558,#2445,#2446);
#2216=DIRECTION('',(0.,0.,1.));
#2217=DIRECTION('',(1.,0.,0.));
#2218=DIRECTION('',(0.,0.,-1.));
#2219=DIRECTION('',(0.,1.,0.));
#2220=DIRECTION('',(0.,0.,-1.));
#2221=DIRECTION('',(0.,1.,0.));
#2222=DIRECTION('',(1.,0.,0.));
#2223=DIRECTION('',(0.,0.,-1.));
#2224=DIRECTION('',(1.,0.,0.));
#2225=DIRECTION('',(0.,1.,0.));
#2226=DIRECTION('',(1.,0.,0.));
#2227=DIRECTION('',(0.,0.,1.));
#2228=DIRECTION('',(1.,0.,0.));
#2229=DIRECTION('',(-2.02384405530628E-16,0.,1.));
#2230=DIRECTION('',(0.,1.,0.));
#2231=DIRECTION('',(-2.02384405530628E-16,0.,1.));
#2232=DIRECTION('',(-1.,0.,-2.02384405530628E-16));
#2233=DIRECTION('',(-2.02962646689286E-16,0.,1.));
#2234=DIRECTION('',(0.,-1.,0.));
#2235=DIRECTION('',(1.,0.,0.));
#2236=DIRECTION('',(0.,-1.,0.));
#2237=DIRECTION('',(1.,0.,0.));
#2238=DIRECTION('',(0.,1.,0.));
#2239=DIRECTION('',(0.,0.,1.));
#2240=DIRECTION('',(-1.,0.,0.));
#2241=DIRECTION('',(-1.,0.,0.));
#2242=DIRECTION('',(0.,0.,-1.));
#2243=DIRECTION('',(-1.,0.,0.));
#2244=DIRECTION('',(0.,-1.,0.));
#2245=DIRECTION('',(1.,0.,0.));
#2246=DIRECTION('',(0.,-1.,0.));
#2247=DIRECTION('',(1.,0.,0.));
#2248=DIRECTION('',(0.,1.,0.));
#2249=DIRECTION('',(0.,0.,1.));
#2250=DIRECTION('',(0.,-1.,0.));
#2251=DIRECTION('',(0.,0.,-1.));
#2252=DIRECTION('',(0.,-1.,0.));
#2253=DIRECTION('',(0.,0.,-1.));
#2254=DIRECTION('',(0.,0.,-1.));
#2255=DIRECTION('',(0.,-1.,0.));
#2256=DIRECTION('',(0.,0.,-1.));
#2257=DIRECTION('',(0.,-1.,0.));
#2258=DIRECTION('',(1.,0.,0.));
#2259=DIRECTION('',(0.,0.,1.));
#2260=DIRECTION('',(-1.,0.,0.));
#2261=DIRECTION('',(-1.,0.,0.));
#2262=DIRECTION('',(0.,-1.,0.));
#2263=DIRECTION('',(0.,0.,-1.));
#2264=DIRECTION('',(1.,0.,0.));
#2265=DIRECTION('',(2.02384405530628E-16,0.,1.));
#2266=DIRECTION('',(2.02384405530628E-16,0.,1.));
#2267=DIRECTION('',(0.,-1.,0.));
#2268=DIRECTION('',(-1.,0.,2.02384405530628E-16));
#2269=DIRECTION('',(-2.02962646689286E-16,0.,-1.));
#2270=DIRECTION('',(0.,-1.,0.));
#2271=DIRECTION('',(1.,0.,0.));
#2272=DIRECTION('',(0.,-1.,0.));
#2273=DIRECTION('',(1.,0.,0.));
#2274=DIRECTION('',(0.,1.,0.));
#2275=DIRECTION('',(0.,0.,-1.));
#2276=DIRECTION('',(1.,0.,0.));
#2277=DIRECTION('',(1.,0.,0.));
#2278=DIRECTION('',(0.,0.,1.));
#2279=DIRECTION('',(-1.,0.,0.));
#2280=DIRECTION('',(0.,-1.,0.));
#2281=DIRECTION('',(1.,0.,0.));
#2282=DIRECTION('',(0.,-1.,0.));
#2283=DIRECTION('',(1.,0.,0.));
#2284=DIRECTION('',(0.,1.,0.));
#2285=DIRECTION('',(0.,0.,-1.));
#2286=DIRECTION('',(0.,-1.,0.));
#2287=DIRECTION('',(0.,0.,1.));
#2288=DIRECTION('',(0.,-1.,0.));
#2289=DIRECTION('',(0.,0.,1.));
#2290=DIRECTION('',(1.,0.,0.));
#2291=DIRECTION('',(0.,0.,-1.));
#2292=DIRECTION('',(1.,0.,0.));
#2293=DIRECTION('',(0.,0.,-1.));
#2294=DIRECTION('',(-1.,0.,0.));
#2295=DIRECTION('',(0.,0.,1.));
#2296=DIRECTION('',(1.,0.,0.));
#2297=DIRECTION('',(0.,0.,-1.));
#2298=DIRECTION('',(1.,0.,0.));
#2299=DIRECTION('',(0.,0.,-1.));
#2300=DIRECTION('',(-1.,0.,0.));
#2301=DIRECTION('',(0.,0.,1.));
#2302=DIRECTION('',(1.,0.,0.));
#2303=DIRECTION('',(0.,0.,-1.));
#2304=DIRECTION('',(1.,0.,0.));
#2305=DIRECTION('',(0.,0.,-1.));
#2306=DIRECTION('',(1.,0.,0.));
#2307=DIRECTION('',(0.,0.,-1.));
#2308=DIRECTION('',(-1.,0.,0.));
#2309=DIRECTION('',(0.,-6.24596559925507E-10,1.));
#2310=DIRECTION('',(-1.,0.,0.));
#2311=DIRECTION('',(0.,0.,-1.));
#2312=DIRECTION('',(1.,0.,0.));
#2313=DIRECTION('',(-1.07929970360492E-17,0.,-1.));
#2314=DIRECTION('',(1.,0.,0.));
#2315=DIRECTION('',(1.,0.,0.));
#2316=DIRECTION('',(0.,0.,1.));
#2317=DIRECTION('',(1.,0.,0.));
#2318=DIRECTION('',(0.,0.,-1.));
#2319=DIRECTION('',(-1.,0.,0.));
#2320=DIRECTION('',(-1.33218560507478E-17,0.,1.));
#2321=DIRECTION('',(-1.,0.,0.));
#2322=DIRECTION('',(0.,0.,1.));
#2323=DIRECTION('',(-1.,0.,0.));
#2324=DIRECTION('',(0.,0.,-1.));
#2325=DIRECTION('',(1.,0.,0.));
#2326=DIRECTION('',(-1.07929970360493E-17,0.,-1.));
#2327=DIRECTION('',(1.,0.,0.));
#2328=DIRECTION('',(0.,0.,1.));
#2329=DIRECTION('',(0.,0.,-1.));
#2330=DIRECTION('',(0.,0.,-1.));
#2331=DIRECTION('',(-1.,0.,0.));
#2332=DIRECTION('',(0.,0.,-1.));
#2333=DIRECTION('',(-0.999999999999996,0.,0.));
#2334=DIRECTION('',(1.,0.,0.));
#2335=DIRECTION('',(0.,0.,-1.));
#2336=DIRECTION('',(1.,0.,-1.01643953670516E-20));
#2337=DIRECTION('',(-1.49047550426717E-21,-0.0665699285713891,0.997781762015121));
#2338=DIRECTION('',(0.,-1.,1.17145536458252E-15));
#2339=DIRECTION('',(0.,1.,-1.17145536458252E-15));
#2340=DIRECTION('',(0.,1.,-1.17145536458252E-15));
#2341=DIRECTION('',(-1.,0.,0.));
#2342=DIRECTION('',(0.,1.,-1.17145536458252E-15));
#2343=DIRECTION('',(-0.999999999999996,0.,0.));
#2344=DIRECTION('',(1.,0.,0.));
#2345=DIRECTION('',(0.,1.,-1.17145536458252E-15));
#2346=DIRECTION('',(1.,1.01643953670516E-20,-1.19071354804704E-35));
#2347=DIRECTION('',(-1.49047550426717E-21,-0.997781762015122,-0.0665699285713879));
#2348=DIRECTION('',(0.,-2.34291072916505E-15,-1.));
#2349=DIRECTION('',(0.,2.34291072916505E-15,1.));
#2350=DIRECTION('',(0.,2.34291072916505E-15,1.));
#2351=DIRECTION('',(-1.,0.,0.));
#2352=DIRECTION('',(0.,2.34291072916505E-15,1.));
#2353=DIRECTION('',(-0.999999999999996,0.,0.));
#2354=DIRECTION('',(1.,0.,0.));
#2355=DIRECTION('',(0.,2.34291072916505E-15,1.));
#2356=DIRECTION('',(1.,2.38142709609407E-35,1.01643953670516E-20));
#2357=DIRECTION('',(-1.49047550426717E-21,0.0665699285713867,-0.997781762015122));
#2358=DIRECTION('',(0.,1.,-3.7364106986726E-15));
#2359=DIRECTION('',(0.,-1.,3.7364106986726E-15));
#2360=DIRECTION('',(0.,-1.,3.7364106986726E-15));
#2361=DIRECTION('',(-1.,0.,0.));
#2362=DIRECTION('',(0.,-1.,3.7364106986726E-15));
#2363=DIRECTION('',(-0.999999999999996,0.,0.));
#2364=DIRECTION('',(1.,0.,0.));
#2365=DIRECTION('',(0.,-1.,3.7364106986726E-15));
#2366=DIRECTION('',(1.,-1.01643953670516E-20,3.79783555949899E-35));
#2367=DIRECTION('',(-1.49047550426717E-21,0.997781762015122,0.0665699285713853));
#2368=DIRECTION('',(1.,0.,0.));
#2369=DIRECTION('',(0.,0.,-1.));
#2370=DIRECTION('',(1.,0.,0.));
#2371=DIRECTION('',(0.,0.,-1.));
#2372=DIRECTION('',(1.,0.,0.));
#2373=DIRECTION('',(0.,0.,-1.));
#2374=DIRECTION('',(1.,0.,0.));
#2375=DIRECTION('',(0.,0.,-1.));
#2376=DIRECTION('',(1.,0.,0.));
#2377=DIRECTION('',(0.,0.,-1.));
#2378=DIRECTION('',(1.,0.,0.));
#2379=DIRECTION('',(0.,0.,-1.));
#2380=DIRECTION('',(1.,0.,0.));
#2381=DIRECTION('',(0.,0.,-1.));
#2382=DIRECTION('',(1.,0.,0.));
#2383=DIRECTION('',(0.,0.,-1.));
#2384=DIRECTION('',(-1.,0.,0.));
#2385=DIRECTION('',(-3.24316778824504E-17,0.,1.));
#2386=DIRECTION('',(1.,0.,0.));
#2387=DIRECTION('',(1.,0.,0.));
#2388=DIRECTION('',(0.,0.587785252292473,-0.809016994374948));
#2389=DIRECTION('',(1.,0.,0.));
#2390=DIRECTION('',(0.,0.951056516295153,-0.309016994374948));
#2391=DIRECTION('',(1.,0.,0.));
#2392=DIRECTION('',(0.,0.951056516295154,0.309016994374946));
#2393=DIRECTION('',(1.,0.,0.));
#2394=DIRECTION('',(0.,0.587785252292475,0.809016994374946));
#2395=DIRECTION('',(1.,0.,0.));
#2396=DIRECTION('',(0.,2.34291072916505E-15,1.));
#2397=DIRECTION('',(1.,0.,0.));
#2398=DIRECTION('',(0.,-0.58778525229247,0.809016994374949));
#2399=DIRECTION('',(1.,0.,0.));
#2400=DIRECTION('',(0.,-0.951056516295152,0.309016994374951));
#2401=DIRECTION('',(1.,0.,0.));
#2402=DIRECTION('',(0.,-0.951056516295155,-0.309016994374944));
#2403=DIRECTION('',(1.,0.,0.));
#2404=DIRECTION('',(0.,-0.587785252292477,-0.809016994374945));
#2405=DIRECTION('',(1.,0.,0.));
#2406=DIRECTION('',(0.,0.,-1.));
#2407=DIRECTION('',(1.,0.,0.));
#2408=DIRECTION('',(0.,0.,-1.));
#2409=DIRECTION('',(1.,0.,0.));
#2410=DIRECTION('',(0.,0.,-1.));
#2411=DIRECTION('',(1.,0.,0.));
#2412=DIRECTION('',(0.,0.,-1.));
#2413=DIRECTION('',(1.,0.,0.));
#2414=DIRECTION('',(0.,0.,-1.));
#2415=DIRECTION('',(1.,0.,0.));
#2416=DIRECTION('',(0.,0.,-1.));
#2417=DIRECTION('',(1.,0.,0.));
#2418=DIRECTION('',(0.,0.,-1.));
#2419=DIRECTION('',(1.,0.,0.));
#2420=DIRECTION('',(0.,0.,-1.));
#2421=DIRECTION('',(-1.,0.,0.));
#2422=DIRECTION('',(0.,0.,1.));
#2423=DIRECTION('',(1.,0.,0.));
#2424=DIRECTION('',(0.,0.,-1.));
#2425=DIRECTION('',(-1.,0.,0.));
#2426=DIRECTION('',(4.46949687852318E-18,0.,1.));
#2427=DIRECTION('',(1.,0.,0.));
#2428=DIRECTION('',(0.,0.,-1.));
#2429=DIRECTION('',(1.,0.,0.));
#2430=DIRECTION('',(0.,0.,-1.));
#2431=DIRECTION('',(1.,0.,0.));
#2432=DIRECTION('',(0.,0.,-1.));
#2433=DIRECTION('',(-1.,0.,0.));
#2434=DIRECTION('',(0.,0.,1.));
#2435=DIRECTION('',(1.,0.,0.));
#2436=DIRECTION('',(0.,0.,-1.));
#2437=DIRECTION('',(1.,0.,0.));
#2438=DIRECTION('',(0.,0.,-1.));
#2439=DIRECTION('',(1.,0.,0.));
#2440=DIRECTION('',(0.,0.,-1.));
#2441=DIRECTION('',(1.,0.,0.));
#2442=DIRECTION('',(0.,0.,-1.));
#2443=DIRECTION('',(1.,0.,0.));
#2444=DIRECTION('',(0.,0.,-1.));
#2445=DIRECTION('',(1.,0.,0.));
#2446=DIRECTION('',(0.,0.,-1.));
#2447=DIRECTION('',(1.,0.,0.));
#2448=CARTESIAN_POINT('',(0.,0.,0.));
#2449=CARTESIAN_POINT('',(-135.,1.,260.));
#2450=CARTESIAN_POINT('',(-135.,1.,260.));
#2451=CARTESIAN_POINT('',(-135.,1.,200.));
#2452=CARTESIAN_POINT('',(-135.,-1.,200.));
#2453=CARTESIAN_POINT('',(-135.,-1.,200.));
#2454=CARTESIAN_POINT('',(-135.,-1.,260.));
#2455=CARTESIAN_POINT('',(-135.,-1.,260.));
#2456=CARTESIAN_POINT('',(-135.,-1.,260.));
#2457=CARTESIAN_POINT('',(-135.,-1.,260.));
#2458=CARTESIAN_POINT('',(-135.,1.,200.));
#2459=CARTESIAN_POINT('',(-15.,1.,200.));
#2460=CARTESIAN_POINT('',(-15.,-1.,200.));
#2461=CARTESIAN_POINT('',(-15.,-1.,200.));
#2462=CARTESIAN_POINT('',(-135.,-1.,200.));
#2463=CARTESIAN_POINT('',(-135.,-1.,200.));
#2464=CARTESIAN_POINT('',(-15.,1.,200.));
#2465=CARTESIAN_POINT('',(-15.,1.,260.));
#2466=CARTESIAN_POINT('',(-15.,-1.,260.));
#2467=CARTESIAN_POINT('',(-15.,-1.,260.));
#2468=CARTESIAN_POINT('',(-15.,-1.,200.));
#2469=CARTESIAN_POINT('',(-15.,-1.,200.));
#2470=CARTESIAN_POINT('',(-115.,-1.,245.));
#2471=CARTESIAN_POINT('',(-110.75,-1.,245.));
#2472=CARTESIAN_POINT('',(-115.,1.,245.));
#2473=CARTESIAN_POINT('',(-110.75,1.,245.));
#2474=CARTESIAN_POINT('',(-115.,-1.,245.));
#2475=CARTESIAN_POINT('',(-15.,1.,260.));
#2476=CARTESIAN_POINT('',(-15.,-1.,260.));
#2477=CARTESIAN_POINT('',(-15.,-1.,260.));
#2478=CARTESIAN_POINT('',(-35.,-1.,245.));
#2479=CARTESIAN_POINT('',(-30.75,-1.,245.));
#2480=CARTESIAN_POINT('',(-35.,1.,245.));
#2481=CARTESIAN_POINT('',(-30.75,1.,245.));
#2482=CARTESIAN_POINT('',(-35.,-1.,245.));
#2483=CARTESIAN_POINT('',(-115.,-1.,245.));
#2484=CARTESIAN_POINT('',(-115.,1.,245.));
#2485=CARTESIAN_POINT('',(-135.,1.,-260.));
#2486=CARTESIAN_POINT('',(-135.,1.,-200.));
#2487=CARTESIAN_POINT('',(-135.,1.,-260.));
#2488=CARTESIAN_POINT('',(-135.,-1.,-260.));
#2489=CARTESIAN_POINT('',(-135.,-1.,-260.));
#2490=CARTESIAN_POINT('',(-135.,-1.,-260.));
#2491=CARTESIAN_POINT('',(-135.,-1.,-200.));
#2492=CARTESIAN_POINT('',(-135.,-1.,-200.));
#2493=CARTESIAN_POINT('',(-135.,-1.,-260.));
#2494=CARTESIAN_POINT('',(-135.,1.,-200.));
#2495=CARTESIAN_POINT('',(-15.,1.,-200.));
#2496=CARTESIAN_POINT('',(-135.,-1.,-200.));
#2497=CARTESIAN_POINT('',(-15.,-1.,-200.));
#2498=CARTESIAN_POINT('',(-15.,-1.,-200.));
#2499=CARTESIAN_POINT('',(-135.,-1.,-200.));
#2500=CARTESIAN_POINT('',(-15.,1.,-200.));
#2501=CARTESIAN_POINT('',(-15.,1.,-260.));
#2502=CARTESIAN_POINT('',(-15.,-1.,-200.));
#2503=CARTESIAN_POINT('',(-15.,-1.,-260.));
#2504=CARTESIAN_POINT('',(-15.,-1.,-260.));
#2505=CARTESIAN_POINT('',(-15.,-1.,-200.));
#2506=CARTESIAN_POINT('',(-115.,-1.,-245.));
#2507=CARTESIAN_POINT('',(-110.75,-1.,-245.));
#2508=CARTESIAN_POINT('',(-115.,1.,-245.));
#2509=CARTESIAN_POINT('',(-110.75,1.,-245.));
#2510=CARTESIAN_POINT('',(-115.,-1.,-245.));
#2511=CARTESIAN_POINT('',(-15.,1.,-260.));
#2512=CARTESIAN_POINT('',(-15.,-1.,-260.));
#2513=CARTESIAN_POINT('',(-15.,-1.,-260.));
#2514=CARTESIAN_POINT('',(-35.,-1.,-245.));
#2515=CARTESIAN_POINT('',(-30.75,-1.,-245.));
#2516=CARTESIAN_POINT('',(-35.,1.,-245.));
#2517=CARTESIAN_POINT('',(-30.75,1.,-245.));
#2518=CARTESIAN_POINT('',(-35.,-1.,-245.));
#2519=CARTESIAN_POINT('',(-115.,-1.,-245.));
#2520=CARTESIAN_POINT('',(-115.,1.,-245.));
#2521=CARTESIAN_POINT('',(-169.999999082213,0.,0.));
#2522=CARTESIAN_POINT('',(-169.999999082213,0.,-199.999982559775));
#2523=CARTESIAN_POINT('',(-169.999999082213,0.,0.));
#2524=CARTESIAN_POINT('',(-169.999999082213,0.,-197.499982559775));
#2525=CARTESIAN_POINT('',(-169.999999082213,0.,0.));
#2526=CARTESIAN_POINT('',(90.0000009177873,0.,0.));
#2527=CARTESIAN_POINT('',(90.0000009177873,0.,-199.004472870043));
#2528=CARTESIAN_POINT('',(90.0000009177872,0.,0.));
#2529=CARTESIAN_POINT('',(90.0000009177872,0.,-199.999982559775));
#2530=CARTESIAN_POINT('',(90.0000009177872,0.,0.));
#2531=CARTESIAN_POINT('',(0.,0.,0.));
#2532=CARTESIAN_POINT('',(90.0000009177872,0.,0.));
#2533=CARTESIAN_POINT('',(90.0000009177872,0.,-197.499982559775));
#2534=CARTESIAN_POINT('',(0.,0.,0.));
#2535=CARTESIAN_POINT('',(177.360919539051,0.,0.));
#2536=CARTESIAN_POINT('',(177.360919539051,-1.47695404647894E-7,236.465286753275));
#2537=CARTESIAN_POINT('',(177.660547167787,0.,0.));
#2538=CARTESIAN_POINT('',(177.660547167787,0.,-237.935056559774));
#2539=CARTESIAN_POINT('',(177.660547167787,0.,0.));
#2540=CARTESIAN_POINT('',(177.360919539051,-1.47695404647894E-7,236.465286753275));
#2541=CARTESIAN_POINT('',(177.360919539051,-472.930573654245,236.465286457884));
#2542=CARTESIAN_POINT('',(177.360919539051,-472.930573358854,-236.465287048666));
#2543=CARTESIAN_POINT('',(177.360919539051,1.47695404647894E-7,-236.465286753275));
#2544=CARTESIAN_POINT('',(177.360919539051,472.930573654245,-236.465286457884));
#2545=CARTESIAN_POINT('',(177.360919539051,472.930573358854,236.465287048666));
#2546=CARTESIAN_POINT('',(177.360919539051,-1.47695404647894E-7,236.465286753275));
#2547=CARTESIAN_POINT('',(180.354755306235,-1.64033177569187E-7,235.85496266866));
#2548=CARTESIAN_POINT('',(180.354755306235,-471.709925501352,235.854962340593));
#2549=CARTESIAN_POINT('',(180.354755306235,-471.709925173286,-235.854962996726));
#2550=CARTESIAN_POINT('',(180.354755306235,1.64033177569187E-7,-235.85496266866));
#2551=CARTESIAN_POINT('',(180.354755306235,471.709925501352,-235.854962340593));
#2552=CARTESIAN_POINT('',(180.354755306235,471.709925173286,235.854962996726));
#2553=CARTESIAN_POINT('',(180.354755306235,-1.64033177569187E-7,235.85496266866));
#2554=CARTESIAN_POINT('',(182.794390291402,-1.79709038306031E-7,234.52166912022));
#2555=CARTESIAN_POINT('',(182.794390291402,-469.04333842015,234.521668760802));
#2556=CARTESIAN_POINT('',(182.794390291402,-469.043338060732,-234.521669479638));
#2557=CARTESIAN_POINT('',(182.794390291402,1.79709038306031E-7,-234.52166912022));
#2558=CARTESIAN_POINT('',(182.794390291402,469.04333842015,-234.521668760802));
#2559=CARTESIAN_POINT('',(182.794390291402,469.043338060732,234.521669479638));
#2560=CARTESIAN_POINT('',(182.794390291402,-1.79709038306031E-7,234.52166912022));
#2561=CARTESIAN_POINT('',(186.265250996125,-2.06230970405516E-7,231.101905834343));
#2562=CARTESIAN_POINT('',(186.265250996125,-462.203811874918,231.101905421881));
#2563=CARTESIAN_POINT('',(186.265250996125,-462.203811462456,-231.101906246805));
#2564=CARTESIAN_POINT('',(186.265250996125,2.06230970405516E-7,-231.101905834343));
#2565=CARTESIAN_POINT('',(186.265250996125,462.203811874918,-231.101905421881));
#2566=CARTESIAN_POINT('',(186.265250996125,462.203811462456,231.101906246805));
#2567=CARTESIAN_POINT('',(186.265250996125,-2.06230970405516E-7,231.101905834343));
#2568=CARTESIAN_POINT('',(187.310687205008,-2.1710028847495E-7,229.022817549096));
#2569=CARTESIAN_POINT('',(187.310687205008,-458.045635315293,229.022817114896));
#2570=CARTESIAN_POINT('',(187.310687205008,-458.045634881092,-229.022817983297));
#2571=CARTESIAN_POINT('',(187.310687205008,2.1710028847495E-7,-229.022817549096));
#2572=CARTESIAN_POINT('',(187.310687205008,458.045635315293,-229.022817114896));
#2573=CARTESIAN_POINT('',(187.310687205008,458.045634881092,229.022817983297));
#2574=CARTESIAN_POINT('',(187.310687205008,-2.1710028847495E-7,229.022817549096));
#2575=CARTESIAN_POINT('',(187.959019479887,-2.3180597395994E-7,224.68736105196));
#2576=CARTESIAN_POINT('',(187.959019479887,-449.374722335727,224.687360588348));
#2577=CARTESIAN_POINT('',(187.959019479887,-449.374721872115,-224.687361515572));
#2578=CARTESIAN_POINT('',(187.959019479887,2.3180597395994E-7,-224.68736105196));
#2579=CARTESIAN_POINT('',(187.959019479887,449.374722335727,-224.687360588348));
#2580=CARTESIAN_POINT('',(187.959019479887,449.374721872115,224.687361515572));
#2581=CARTESIAN_POINT('',(187.959019479887,-2.3180597395994E-7,224.68736105196));
#2582=CARTESIAN_POINT('',(187.575346875354,-2.35658241429645E-7,222.428908086911));
#2583=CARTESIAN_POINT('',(187.575346875354,-444.85781640948,222.428907615594));
#2584=CARTESIAN_POINT('',(187.575346875354,-444.857815938164,-222.428908558227));
#2585=CARTESIAN_POINT('',(187.575346875354,2.35658241429645E-7,-222.428908086911));
#2586=CARTESIAN_POINT('',(187.575346875354,444.85781640948,-222.428907615594));
#2587=CARTESIAN_POINT('',(187.575346875354,444.857815938164,222.428908558227));
#2588=CARTESIAN_POINT('',(187.575346875354,-2.35658241429645E-7,222.428908086911));
#2589=CARTESIAN_POINT('',(185.164900268144,-2.34814708387012E-7,218.027719659719));
#2590=CARTESIAN_POINT('',(185.164900268144,-436.055439554253,218.02771919009));
#2591=CARTESIAN_POINT('',(185.164900268144,-436.055439084624,-218.027720129349));
#2592=CARTESIAN_POINT('',(185.164900268144,2.34814708387012E-7,-218.027719659719));
#2593=CARTESIAN_POINT('',(185.164900268144,436.055439554253,-218.02771919009));
#2594=CARTESIAN_POINT('',(185.164900268144,436.055439084624,218.027720129349));
#2595=CARTESIAN_POINT('',(185.164900268144,-2.34814708387012E-7,218.027719659719));
#2596=CARTESIAN_POINT('',(183.121775555581,-2.30122863083572E-7,215.880664712113));
#2597=CARTESIAN_POINT('',(183.121775555581,-431.761329654348,215.880664251867));
#2598=CARTESIAN_POINT('',(183.121775555581,-431.761329194102,-215.880665172358));
#2599=CARTESIAN_POINT('',(183.121775555581,2.30122863083572E-7,-215.880664712113));
#2600=CARTESIAN_POINT('',(183.121775555581,431.761329654348,-215.880664251867));
#2601=CARTESIAN_POINT('',(183.121775555581,431.761329194102,215.880665172358));
#2602=CARTESIAN_POINT('',(183.121775555581,-2.30122863083572E-7,215.880664712113));
#2603=CARTESIAN_POINT('',(176.986261401397,-2.10958629631915E-7,211.977611386341));
#2604=CARTESIAN_POINT('',(176.986261401397,-423.955222983641,211.977610964424));
#2605=CARTESIAN_POINT('',(176.986261401397,-423.955222561723,-211.977611808258));
#2606=CARTESIAN_POINT('',(176.986261401397,2.10958629631915E-7,-211.977611386341));
#2607=CARTESIAN_POINT('',(176.986261401397,423.955222983641,-211.977610964424));
#2608=CARTESIAN_POINT('',(176.986261401397,423.955222561723,211.977611808258));
#2609=CARTESIAN_POINT('',(176.986261401397,-2.10958629631915E-7,211.977611386341));
#2610=CARTESIAN_POINT('',(172.894365883925,-1.96468456331797E-7,210.230463975164));
#2611=CARTESIAN_POINT('',(172.894365883925,-420.460928146796,210.230463582227));
#2612=CARTESIAN_POINT('',(172.894365883925,-420.460927753859,-210.230464368101));
#2613=CARTESIAN_POINT('',(172.894365883925,1.96468456331797E-7,-210.230463975164));
#2614=CARTESIAN_POINT('',(172.894365883925,420.460928146796,-210.230463582227));
#2615=CARTESIAN_POINT('',(172.894365883925,420.460927753859,210.230464368101));
#2616=CARTESIAN_POINT('',(172.894365883925,-1.96468456331797E-7,210.230463975164));
#2617=CARTESIAN_POINT('',(162.42801869364,-1.570297313766E-7,207.215421435461));
#2618=CARTESIAN_POINT('',(162.42801869364,-414.430843027951,207.215421121401));
#2619=CARTESIAN_POINT('',(162.42801869364,-414.430842713892,-207.21542174952));
#2620=CARTESIAN_POINT('',(162.42801869364,1.570297313766E-7,-207.215421435461));
#2621=CARTESIAN_POINT('',(162.42801869364,414.430843027951,-207.215421121401));
#2622=CARTESIAN_POINT('',(162.42801869364,414.430842713892,207.21542174952));
#2623=CARTESIAN_POINT('',(162.42801869364,-1.570297313766E-7,207.215421435461));
#2624=CARTESIAN_POINT('',(156.050276904418,-1.32058846004738E-7,205.942510579517));
#2625=CARTESIAN_POINT('',(156.050276904418,-411.885021291092,205.942510315399));
#2626=CARTESIAN_POINT('',(156.050276904418,-411.885021026975,-205.942510843634));
#2627=CARTESIAN_POINT('',(156.050276904418,1.32058846004738E-7,-205.942510579517));
#2628=CARTESIAN_POINT('',(156.050276904418,411.885021291092,-205.942510315399));
#2629=CARTESIAN_POINT('',(156.050276904418,411.885021026975,205.942510843634));
#2630=CARTESIAN_POINT('',(156.050276904418,-1.32058846004738E-7,205.942510579517));
#2631=CARTESIAN_POINT('',(140.911447864376,-7.2152658135971E-8,203.695286014223));
#2632=CARTESIAN_POINT('',(140.911447864376,-407.390572100598,203.695285869917));
#2633=CARTESIAN_POINT('',(140.911447864376,-407.390571956293,-203.695286158528));
#2634=CARTESIAN_POINT('',(140.911447864376,7.2152658135971E-8,-203.695286014223));
#2635=CARTESIAN_POINT('',(140.911447864376,407.390572100598,-203.695285869917));
#2636=CARTESIAN_POINT('',(140.911447864376,407.390571956293,203.695286158528));
#2637=CARTESIAN_POINT('',(140.911447864376,-7.2152658135971E-8,203.695286014223));
#2638=CARTESIAN_POINT('',(132.140014529152,-3.71834221076791E-8,202.713179223288));
#2639=CARTESIAN_POINT('',(132.140014529152,-405.42635848376,202.713179148921));
#2640=CARTESIAN_POINT('',(132.140014529152,-405.426358409393,-202.713179297655));
#2641=CARTESIAN_POINT('',(132.140014529152,3.71834221076791E-8,-202.713179223288));
#2642=CARTESIAN_POINT('',(132.140014529152,405.42635848376,-202.713179148921));
#2643=CARTESIAN_POINT('',(132.140014529152,405.426358409393,202.713179297655));
#2644=CARTESIAN_POINT('',(132.140014529152,-3.71834221076791E-8,202.713179223288));
#2645=CARTESIAN_POINT('',(112.452621597429,4.02279974391493E-8,200.818964304798));
#2646=CARTESIAN_POINT('',(112.452621597429,-401.637928569367,200.818964385254));
#2647=CARTESIAN_POINT('',(112.452621597429,-401.637928649823,-200.818964224342));
#2648=CARTESIAN_POINT('',(112.452621597429,-4.02279974391493E-8,-200.818964304798));
#2649=CARTESIAN_POINT('',(112.452621597429,401.637928569367,-200.818964385254));
#2650=CARTESIAN_POINT('',(112.452621597429,401.637928649823,200.818964224342));
#2651=CARTESIAN_POINT('',(112.452621597429,4.02279974391493E-8,200.818964304798));
#2652=CARTESIAN_POINT('',(101.521849499578,8.27161402260762E-8,199.896955579974));
#2653=CARTESIAN_POINT('',(101.521849499578,-399.793911077232,199.896955745406));
#2654=CARTESIAN_POINT('',(101.521849499578,-399.793911242664,-199.896955414542));
#2655=CARTESIAN_POINT('',(101.521849499578,-8.27161402260762E-8,-199.896955579974));
#2656=CARTESIAN_POINT('',(101.521849499578,399.793911077232,-199.896955745406));
#2657=CARTESIAN_POINT('',(101.521849499578,399.793911242664,199.896955414542));
#2658=CARTESIAN_POINT('',(101.521849499578,8.27161402260762E-8,199.896955579974));
#2659=CARTESIAN_POINT('',(90.0000009177873,1.26097132150955E-7,199.004472870043));
#2660=CARTESIAN_POINT('',(90.0000009177873,-398.008945613989,199.004473122237));
#2661=CARTESIAN_POINT('',(90.0000009177873,-398.008945866184,-199.004472617849));
#2662=CARTESIAN_POINT('',(90.0000009177873,-1.26097132150955E-7,-199.004472870043));
#2663=CARTESIAN_POINT('',(90.0000009177873,398.008945613989,-199.004473122237));
#2664=CARTESIAN_POINT('',(90.0000009177873,398.008945866184,199.004472617849));
#2665=CARTESIAN_POINT('',(90.0000009177873,1.26097132150955E-7,199.004472870043));
#2666=CARTESIAN_POINT('',(177.660547167787,-1.4676083922617E-7,237.935056559774));
#2667=CARTESIAN_POINT('',(190.684872417787,-2.1227461141117E-7,235.279914459775));
#2668=CARTESIAN_POINT('',(196.992195167787,-2.70824086013102E-7,222.431412659775));
#2669=CARTESIAN_POINT('',(188.055196667787,-2.66460193654519E-7,207.054592534774));
#2670=CARTESIAN_POINT('',(175.285046667787,-2.12564352975245E-7,205.246103884774));
#2671=CARTESIAN_POINT('',(136.152075917787,-4.80322530308636E-8,201.072531334774));
#2672=CARTESIAN_POINT('',(90.0000009177872,1.25582015411618E-7,197.499982559775));
#2673=CARTESIAN_POINT('',(0.,0.,0.));
#2674=CARTESIAN_POINT('',(-249.334513630902,0.,0.));
#2675=CARTESIAN_POINT('',(-249.334513630902,0.,188.507453848359));
#2676=CARTESIAN_POINT('',(-249.456382974307,0.,0.));
#2677=CARTESIAN_POINT('',(-249.456382974307,0.,-189.5));
#2678=CARTESIAN_POINT('',(-249.456382974307,0.,0.));
#2679=CARTESIAN_POINT('',(177.460795415297,0.,0.));
#2680=CARTESIAN_POINT('',(177.460795415297,0.,236.955210022108));
#2681=CARTESIAN_POINT('',(177.660547167787,0.,0.));
#2682=CARTESIAN_POINT('',(177.660547167787,0.,-237.935056559774));
#2683=CARTESIAN_POINT('',(177.660547167787,0.,0.));
#2684=CARTESIAN_POINT('',(-249.334513630902,0.,188.507453848359));
#2685=CARTESIAN_POINT('',(-249.334513630902,-377.014907696717,188.507453848359));
#2686=CARTESIAN_POINT('',(-249.334513630902,-377.014907696717,-188.507453848359));
#2687=CARTESIAN_POINT('',(-249.334513630902,0.,-188.507453848359));
#2688=CARTESIAN_POINT('',(-249.334513630902,377.014907696717,-188.507453848359));
#2689=CARTESIAN_POINT('',(-249.334513630902,377.014907696717,188.507453848359));
#2690=CARTESIAN_POINT('',(-249.334513630902,0.,188.507453848359));
#2691=CARTESIAN_POINT('',(-214.65301264945,0.,192.76580671782));
#2692=CARTESIAN_POINT('',(-214.65301264945,-385.53161343564,192.76580671782));
#2693=CARTESIAN_POINT('',(-214.65301264945,-385.53161343564,-192.76580671782));
#2694=CARTESIAN_POINT('',(-214.65301264945,0.,-192.76580671782));
#2695=CARTESIAN_POINT('',(-214.65301264945,385.53161343564,-192.76580671782));
#2696=CARTESIAN_POINT('',(-214.65301264945,385.53161343564,192.76580671782));
#2697=CARTESIAN_POINT('',(-214.65301264945,0.,192.76580671782));
#2698=CARTESIAN_POINT('',(-178.320848452962,0.,198.401414089176));
#2699=CARTESIAN_POINT('',(-178.320848452962,-396.802828178352,198.401414089176));
#2700=CARTESIAN_POINT('',(-178.320848452962,-396.802828178352,-198.401414089176));
#2701=CARTESIAN_POINT('',(-178.320848452962,0.,-198.401414089176));
#2702=CARTESIAN_POINT('',(-178.320848452962,396.802828178352,-198.401414089176));
#2703=CARTESIAN_POINT('',(-178.320848452962,396.802828178352,198.401414089176));
#2704=CARTESIAN_POINT('',(-178.320848452962,0.,198.401414089176));
#2705=CARTESIAN_POINT('',(-132.162220365069,0.,207.937950160942));
#2706=CARTESIAN_POINT('',(-132.162220365069,-415.875900321884,207.937950160942));
#2707=CARTESIAN_POINT('',(-132.162220365069,-415.875900321884,-207.937950160942));
#2708=CARTESIAN_POINT('',(-132.162220365069,0.,-207.937950160942));
#2709=CARTESIAN_POINT('',(-132.162220365069,415.875900321884,-207.937950160942));
#2710=CARTESIAN_POINT('',(-132.162220365069,415.875900321884,207.937950160942));
#2711=CARTESIAN_POINT('',(-132.162220365069,0.,207.937950160942));
#2712=CARTESIAN_POINT('',(-122.891942443076,0.,209.970031829119));
#2713=CARTESIAN_POINT('',(-122.891942443076,-419.940063658237,209.970031829119));
#2714=CARTESIAN_POINT('',(-122.891942443076,-419.940063658237,-209.970031829119));
#2715=CARTESIAN_POINT('',(-122.891942443076,0.,-209.970031829119));
#2716=CARTESIAN_POINT('',(-122.891942443076,419.940063658237,-209.970031829119));
#2717=CARTESIAN_POINT('',(-122.891942443076,419.940063658237,209.970031829119));
#2718=CARTESIAN_POINT('',(-122.891942443076,0.,209.970031829119));
#2719=CARTESIAN_POINT('',(-104.305205988343,0.,214.303276229874));
#2720=CARTESIAN_POINT('',(-104.305205988343,-428.606552459747,214.303276229874));
#2721=CARTESIAN_POINT('',(-104.305205988343,-428.606552459747,-214.303276229874));
#2722=CARTESIAN_POINT('',(-104.305205988343,0.,-214.303276229874));
#2723=CARTESIAN_POINT('',(-104.305205988343,428.606552459747,-214.303276229874));
#2724=CARTESIAN_POINT('',(-104.305205988343,428.606552459747,214.303276229874));
#2725=CARTESIAN_POINT('',(-104.305205988343,0.,214.303276229874));
#2726=CARTESIAN_POINT('',(-94.9877397230861,0.,216.613133519944));
#2727=CARTESIAN_POINT('',(-94.9877397230861,-433.226267039888,216.613133519944));
#2728=CARTESIAN_POINT('',(-94.9877397230861,-433.226267039888,-216.613133519944));
#2729=CARTESIAN_POINT('',(-94.9877397230861,0.,-216.613133519944));
#2730=CARTESIAN_POINT('',(-94.9877397230861,433.226267039888,-216.613133519944));
#2731=CARTESIAN_POINT('',(-94.9877397230861,433.226267039888,216.613133519944));
#2732=CARTESIAN_POINT('',(-94.9877397230861,0.,216.613133519944));
#2733=CARTESIAN_POINT('',(-67.1142671713887,0.,223.691985439702));
#2734=CARTESIAN_POINT('',(-67.1142671713887,-447.383970879405,223.691985439702));
#2735=CARTESIAN_POINT('',(-67.1142671713887,-447.383970879405,-223.691985439702));
#2736=CARTESIAN_POINT('',(-67.1142671713887,0.,-223.691985439702));
#2737=CARTESIAN_POINT('',(-67.1142671713887,447.383970879405,-223.691985439702));
#2738=CARTESIAN_POINT('',(-67.1142671713887,447.383970879405,223.691985439702));
#2739=CARTESIAN_POINT('',(-67.1142671713887,0.,223.691985439702));
#2740=CARTESIAN_POINT('',(-48.6359537410359,0.,228.606283866734));
#2741=CARTESIAN_POINT('',(-48.6359537410359,-457.212567733468,228.606283866734));
#2742=CARTESIAN_POINT('',(-48.6359537410359,-457.212567733468,-228.606283866734));
#2743=CARTESIAN_POINT('',(-48.6359537410359,0.,-228.606283866734));
#2744=CARTESIAN_POINT('',(-48.6359537410359,457.212567733468,-228.606283866734));
#2745=CARTESIAN_POINT('',(-48.6359537410359,457.212567733468,228.606283866734));
#2746=CARTESIAN_POINT('',(-48.6359537410359,0.,228.606283866734));
#2747=CARTESIAN_POINT('',(-21.6753199028694,0.,235.113710684173));
#2748=CARTESIAN_POINT('',(-21.6753199028694,-470.227421368346,235.113710684173));
#2749=CARTESIAN_POINT('',(-21.6753199028694,-470.227421368346,-235.113710684173));
#2750=CARTESIAN_POINT('',(-21.6753199028694,0.,-235.113710684173));
#2751=CARTESIAN_POINT('',(-21.6753199028694,470.227421368346,-235.113710684173));
#2752=CARTESIAN_POINT('',(-21.6753199028694,470.227421368346,235.113710684173));
#2753=CARTESIAN_POINT('',(-21.6753199028694,0.,235.113710684173));
#2754=CARTESIAN_POINT('',(-12.8146529071463,0.,237.138863041146));
#2755=CARTESIAN_POINT('',(-12.8146529071463,-474.277726082291,237.138863041146));
#2756=CARTESIAN_POINT('',(-12.8146529071463,-474.277726082291,-237.138863041146));
#2757=CARTESIAN_POINT('',(-12.8146529071463,0.,-237.138863041146));
#2758=CARTESIAN_POINT('',(-12.8146529071463,474.277726082291,-237.138863041146));
#2759=CARTESIAN_POINT('',(-12.8146529071463,474.277726082291,237.138863041146));
#2760=CARTESIAN_POINT('',(-12.8146529071463,0.,237.138863041146));
#2761=CARTESIAN_POINT('',(4.55305154370421,0.,240.708822248725));
#2762=CARTESIAN_POINT('',(4.55305154370421,-481.417644497451,240.708822248725));
#2763=CARTESIAN_POINT('',(4.55305154370421,-481.417644497451,-240.708822248725));
#2764=CARTESIAN_POINT('',(4.55305154370421,0.,-240.708822248725));
#2765=CARTESIAN_POINT('',(4.55305154370421,481.417644497451,-240.708822248725));
#2766=CARTESIAN_POINT('',(4.55305154370421,481.417644497451,240.708822248725));
#2767=CARTESIAN_POINT('',(4.55305154370421,0.,240.708822248725));
#2768=CARTESIAN_POINT('',(13.0421781949439,0.,242.24120076796));
#2769=CARTESIAN_POINT('',(13.0421781949439,-484.482401535919,242.24120076796));
#2770=CARTESIAN_POINT('',(13.0421781949439,-484.482401535919,-242.24120076796));
#2771=CARTESIAN_POINT('',(13.0421781949439,0.,-242.24120076796));
#2772=CARTESIAN_POINT('',(13.0421781949439,484.482401535919,-242.24120076796));
#2773=CARTESIAN_POINT('',(13.0421781949439,484.482401535919,242.24120076796));
#2774=CARTESIAN_POINT('',(13.0421781949439,0.,242.24120076796));
#2775=CARTESIAN_POINT('',(38.1349238697373,0.,246.035190932417));
#2776=CARTESIAN_POINT('',(38.1349238697373,-492.070381864833,246.035190932417));
#2777=CARTESIAN_POINT('',(38.1349238697373,-492.070381864833,-246.035190932417));
#2778=CARTESIAN_POINT('',(38.1349238697373,0.,-246.035190932417));
#2779=CARTESIAN_POINT('',(38.1349238697373,492.070381864833,-246.035190932417));
#2780=CARTESIAN_POINT('',(38.1349238697373,492.070381864833,246.035190932417));
#2781=CARTESIAN_POINT('',(38.1349238697373,0.,246.035190932417));
#2782=CARTESIAN_POINT('',(54.382520116213,0.,247.508050465827));
#2783=CARTESIAN_POINT('',(54.382520116213,-495.016100931653,247.508050465827));
#2784=CARTESIAN_POINT('',(54.382520116213,-495.016100931653,-247.508050465827));
#2785=CARTESIAN_POINT('',(54.382520116213,0.,-247.508050465827));
#2786=CARTESIAN_POINT('',(54.382520116213,495.016100931653,-247.508050465827));
#2787=CARTESIAN_POINT('',(54.382520116213,495.016100931653,247.508050465827));
#2788=CARTESIAN_POINT('',(54.382520116213,0.,247.508050465827));
#2789=CARTESIAN_POINT('',(103.736355079829,0.,248.672171025882));
#2790=CARTESIAN_POINT('',(103.736355079829,-497.344342051764,248.672171025882));
#2791=CARTESIAN_POINT('',(103.736355079829,-497.344342051764,-248.672171025882));
#2792=CARTESIAN_POINT('',(103.736355079829,0.,-248.672171025882));
#2793=CARTESIAN_POINT('',(103.736355079829,497.344342051764,-248.672171025882));
#2794=CARTESIAN_POINT('',(103.736355079829,497.344342051764,248.672171025882));
#2795=CARTESIAN_POINT('',(103.736355079829,0.,248.672171025882));
#2796=CARTESIAN_POINT('',(137.459749922484,0.,245.10983284466));
#2797=CARTESIAN_POINT('',(137.459749922483,-490.219665689319,245.10983284466));
#2798=CARTESIAN_POINT('',(137.459749922483,-490.219665689319,-245.10983284466));
#2799=CARTESIAN_POINT('',(137.459749922484,0.,-245.10983284466));
#2800=CARTESIAN_POINT('',(137.459749922483,490.219665689319,-245.10983284466));
#2801=CARTESIAN_POINT('',(137.459749922483,490.219665689319,245.10983284466));
#2802=CARTESIAN_POINT('',(137.459749922484,0.,245.10983284466));
#2803=CARTESIAN_POINT('',(177.460795415297,0.,236.955210022108));
#2804=CARTESIAN_POINT('',(177.460795415297,-473.910420044216,236.955210022108));
#2805=CARTESIAN_POINT('',(177.460795415297,-473.910420044216,-236.955210022108));
#2806=CARTESIAN_POINT('',(177.460795415297,0.,-236.955210022108));
#2807=CARTESIAN_POINT('',(177.460795415297,473.910420044216,-236.955210022108));
#2808=CARTESIAN_POINT('',(177.460795415297,473.910420044216,236.955210022108));
#2809=CARTESIAN_POINT('',(177.460795415297,0.,236.955210022108));
#2810=CARTESIAN_POINT('',(177.660547167787,0.,237.935056559774));
#2811=CARTESIAN_POINT('',(109.844151439668,0.,251.760123418266));
#2812=CARTESIAN_POINT('',(29.582293400081,0.,252.82483633925));
#2813=CARTESIAN_POINT('',(-120.44073378759,0.,208.799476267935));
#2814=CARTESIAN_POINT('',(-205.164472676022,0.,194.938362757526));
#2815=CARTESIAN_POINT('',(-249.456382974307,0.,189.5));
#2816=CARTESIAN_POINT('',(0.,0.,0.));
#2817=CARTESIAN_POINT('',(-2.35188987703886,17.178901915167,197.499982559775));
#2818=CARTESIAN_POINT('',(-2.35188987703886,17.178901915167,52.2483045561201));
#2819=CARTESIAN_POINT('',(-2.35188987703886,17.178901915167,196.751438216091));
#2820=CARTESIAN_POINT('',(-2.35188987703886,17.178901915167,52.2483045561201));
#2821=CARTESIAN_POINT('',(-14.1277572282257,12.9297077444864,53.6454118976266));
#2822=CARTESIAN_POINT('',(-26.0656016542951,9.10218852004284,54.3457969939477));
#2823=CARTESIAN_POINT('',(-50.2652927728407,2.41144329412834,55.0499811807504));
#2824=CARTESIAN_POINT('',(-62.54339090586,-0.453461587815043,55.0457377469565));
#2825=CARTESIAN_POINT('',(-87.2548833554958,-5.0254958682009,54.8177276325554));
#2826=CARTESIAN_POINT('',(-99.7378044481202,-6.74236307610637,54.5953984773728));
#2827=CARTESIAN_POINT('',(-124.785702069791,-8.83482093973439,54.2960673872058));
#2828=CARTESIAN_POINT('',(-137.33866948982,-9.21293488693542,54.2243692434009));
#2829=CARTESIAN_POINT('',(-149.925508356118,-8.81762912205704,54.2885753788572));
#2830=CARTESIAN_POINT('',(-149.925508356114,-8.81762912205718,54.2885753788572));
#2831=CARTESIAN_POINT('',(-149.925508356118,-8.81762912205704,197.499982559775));
#2832=CARTESIAN_POINT('',(-149.925508356118,-8.81762912205704,197.30304743662));
#2833=CARTESIAN_POINT('',(-2.35188987703886,17.178901915167,196.751438216091));
#2834=CARTESIAN_POINT('',(-26.0134833547433,8.6408722247813,197.496916754544));
#2835=CARTESIAN_POINT('',(-50.2845440422031,1.80656622330899,197.54458441758));
#2836=CARTESIAN_POINT('',(-99.7662994308339,-7.33221190465817,197.416729744009));
#2837=CARTESIAN_POINT('',(-124.744816842229,-9.60846092858131,197.267704538178));
#2838=CARTESIAN_POINT('',(-149.925508356118,-8.81762912205705,197.30304743662));
#2839=CARTESIAN_POINT('',(-150.999998826046,-8.78199654337963,0.));
#2840=CARTESIAN_POINT('',(-100.25949359226,-10.5538940305435,0.));
#2841=CARTESIAN_POINT('',(-48.7095405329232,0.303980783224578,0.));
#2842=CARTESIAN_POINT('',(-0.999998826046201,17.6688338550098,0.));
#2843=CARTESIAN_POINT('',(-150.999998826046,-8.78199654337963,65.8333275199248));
#2844=CARTESIAN_POINT('',(-100.25949359226,-10.5538940305435,65.8333275199248));
#2845=CARTESIAN_POINT('',(-48.7095405329232,0.303980783224485,65.8333275199248));
#2846=CARTESIAN_POINT('',(-0.999998826046201,17.6688338550098,65.8333275199248));
#2847=CARTESIAN_POINT('',(-150.999998826046,-8.78199654337963,131.66665503985));
#2848=CARTESIAN_POINT('',(-100.25949359226,-10.5538940305435,131.66665503985));
#2849=CARTESIAN_POINT('',(-48.7095405329233,0.303980783224699,131.66665503985));
#2850=CARTESIAN_POINT('',(-0.999998826046201,17.6688338550098,131.66665503985));
#2851=CARTESIAN_POINT('',(-150.999998826046,-8.78199654337963,197.499982559775));
#2852=CARTESIAN_POINT('',(-100.25949359226,-10.5538940305435,197.499982559775));
#2853=CARTESIAN_POINT('',(-48.7095405329233,0.303980783224574,197.499982559775));
#2854=CARTESIAN_POINT('',(-0.999998826046201,17.6688338550098,197.499982559775));
#2855=CARTESIAN_POINT('',(-2.35188987703886,17.178901915167,52.2483045561201));
#2856=CARTESIAN_POINT('',(-2.25110194179678,17.2152701498058,52.2363469176666));
#2857=CARTESIAN_POINT('',(-2.14237011209558,17.2358018425516,52.2295619638149));
#2858=CARTESIAN_POINT('',(-2.03459370547586,17.2385024292106,52.22867061297));
#2859=CARTESIAN_POINT('',(-1.92679057292529,17.2412036855494,52.2277790410917));
#2860=CARTESIAN_POINT('',(-1.81702617050649,17.2261315794089,52.2327625289311));
#2861=CARTESIAN_POINT('',(-1.71436647898058,17.1947627830856,52.2430869382105));
#2862=CARTESIAN_POINT('',(-1.61185340665464,17.1634387878693,52.2533966021054));
#2863=CARTESIAN_POINT('',(-1.51368988129384,17.1150976910723,52.2692792410199));
#2864=CARTESIAN_POINT('',(-1.42723144508777,17.0540640936109,52.2891852861662));
#2865=CARTESIAN_POINT('',(-1.33829794964443,16.9912832777657,52.3096611847945));
#2866=CARTESIAN_POINT('',(-1.2594016850339,16.913499459263,52.3349001642105));
#2867=CARTESIAN_POINT('',(-1.1959138632145,16.8270822029465,52.3626709071958));
#2868=CARTESIAN_POINT('',(-1.12945885705694,16.7366261259218,52.3917395512791));
#2869=CARTESIAN_POINT('',(-1.07811947753538,16.6343778995559,52.424324840043));
#2870=CARTESIAN_POINT('',(-1.04524827109035,16.5283281842328,52.4577388707739));
#2871=CARTESIAN_POINT('',(-1.0109471273594,16.4176651778716,52.4926064523046));
#2872=CARTESIAN_POINT('',(-0.995836522787175,16.2998911316275,52.5293076383207));
#2873=CARTESIAN_POINT('',(-1.00100889558028,16.1843635229763,52.5648777926494));
#2874=CARTESIAN_POINT('',(-1.00629213615079,16.0663596254508,52.6012103792525));
#2875=CARTESIAN_POINT('',(-1.03293594192096,15.9473960603485,52.637379244867));
#2876=CARTESIAN_POINT('',(-1.07917462431701,15.8376429792446,52.6703812864687));
#2877=CARTESIAN_POINT('',(-1.12499973728538,15.7288715549827,52.7030881502075));
#2878=CARTESIAN_POINT('',(-1.19147406203503,15.6260224971235,52.7336297318506));
#2879=CARTESIAN_POINT('',(-1.27343213751585,15.5387151322216,52.7593435520162));
#2880=CARTESIAN_POINT('',(-1.33328114920035,15.4749598589126,52.7781207953144));
#2881=CARTESIAN_POINT('',(-1.40244034675214,15.4181904421142,52.7947133375336));
#2882=CARTESIAN_POINT('',(-1.47758236095979,15.3716166995197,52.8082701860519));
#2883=CARTESIAN_POINT('',(-1.47758236095979,15.3716166995197,52.8082701860519));
#2884=CARTESIAN_POINT('',(-2.35188987703886,17.178901915167,196.751438216091));
#2885=CARTESIAN_POINT('',(-2.24604442401206,17.2170951003125,196.748103465467));
#2886=CARTESIAN_POINT('',(-2.13212377377807,17.2376246037091,196.746302151904));
#2887=CARTESIAN_POINT('',(-2.01955475300284,17.2387671532909,196.746202042494));
#2888=CARTESIAN_POINT('',(-1.90698398954066,17.2399097205606,196.746101931534));
#2889=CARTESIAN_POINT('',(-1.79266478250308,17.2216959906951,196.747700385943));
#2890=CARTESIAN_POINT('',(-1.68605966677652,17.1856553010897,196.750848442855));
#2891=CARTESIAN_POINT('',(-1.57945697555567,17.1496154311528,196.753996428171));
#2892=CARTESIAN_POINT('',(-1.47763595619291,17.0947640871164,196.758778613696));
#2893=CARTESIAN_POINT('',(-1.38896082110656,17.0256707184438,196.764757128146));
#2894=CARTESIAN_POINT('',(-1.30008216179535,16.9564187689662,196.770749364285));
#2895=CARTESIAN_POINT('',(-1.22196677397841,16.8709633245988,196.778105287176));
#2896=CARTESIAN_POINT('',(-1.1609884521373,16.7763706791757,196.78616947831));
#2897=CARTESIAN_POINT('',(-1.09979248736727,16.6814404150746,196.794262452036));
#2898=CARTESIAN_POINT('',(-1.0541725473527,16.5747018418507,196.803288841947));
#2899=CARTESIAN_POINT('',(-1.02784470196801,16.4649532897746,196.812470195048));
#2900=CARTESIAN_POINT('',(-1.0014352499418,16.354864557535,196.821680006969));
#2901=CARTESIAN_POINT('',(-0.993711195849668,16.238715271219,196.831298336238));
#2902=CARTESIAN_POINT('',(-1.00530995418461,16.1261001777617,196.840524293571));
#2903=CARTESIAN_POINT('',(-1.01692323316349,16.0133440999311,196.849761801007));
#2904=CARTESIAN_POINT('',(-1.04823261273237,15.9010168097703,196.85886152999));
#2905=CARTESIAN_POINT('',(-1.09667614488864,15.7984516536272,196.867092314737));
#2906=CARTESIAN_POINT('',(-1.14507166319746,15.6959881529072,196.875314941705));
#2907=CARTESIAN_POINT('',(-1.21191193529287,15.6004331408674,196.882899568843));
#2908=CARTESIAN_POINT('',(-1.29167909896258,15.519777783712,196.889257220031));
#2909=CARTESIAN_POINT('',(-1.34737877209419,15.4634579044133,196.893696629392));
#2910=CARTESIAN_POINT('',(-1.41020628130982,15.4133770412371,196.897619777006));
#2911=CARTESIAN_POINT('',(-1.47758236095977,15.3716166995197,196.900879914627));
#2912=CARTESIAN_POINT('',(-1.47758236095977,15.3716166995197,196.900879914627));
#2913=CARTESIAN_POINT('',(-1.47758236095978,15.3716166995197,52.8082701860519));
#2914=CARTESIAN_POINT('',(-1.47758236095978,15.3716166995197,100.839140095577));
#2915=CARTESIAN_POINT('',(-1.47758236095978,15.3716166995197,148.870010005102));
#2916=CARTESIAN_POINT('',(-1.47758236095978,15.3716166995197,196.900879914627));
#2917=CARTESIAN_POINT('',(-2.00931099505112,16.2295069688367,197.499982559775));
#2918=CARTESIAN_POINT('',(-150.08206103671,-10.8933035525968,53.9104436794114));
#2919=CARTESIAN_POINT('',(-150.196637063752,-10.8795852075117,53.9132156487564));
#2920=CARTESIAN_POINT('',(-150.310346252579,-10.8460940808878,53.9199858374388));
#2921=CARTESIAN_POINT('',(-150.413758155746,-10.7958127840539,53.9300512361306));
#2922=CARTESIAN_POINT('',(-150.517124973921,-10.7455534086021,53.9401122465614));
#2923=CARTESIAN_POINT('',(-150.61304100357,-10.6771825624271,53.9537258941059));
#2924=CARTESIAN_POINT('',(-150.693952066828,-10.5964719376444,53.969572746824));
#2925=CARTESIAN_POINT('',(-150.775801548702,-10.5148252189607,53.9856033937107));
#2926=CARTESIAN_POINT('',(-150.844525331252,-10.4183688706027,54.0043394268445));
#2927=CARTESIAN_POINT('',(-150.89488059147,-10.3149430669483,54.0240867532772));
#2928=CARTESIAN_POINT('',(-150.946156683303,-10.2096259464914,54.0441951931746));
#2929=CARTESIAN_POINT('',(-150.979784587581,-10.0942237207178,54.0658912244187));
#2930=CARTESIAN_POINT('',(-150.993158750881,-9.97808847944543,54.0873159834759));
#2931=CARTESIAN_POINT('',(-151.006690987001,-9.86058060464087,54.1089939675007));
#2932=CARTESIAN_POINT('',(-150.999846487076,-9.73907994362777,54.130989895225));
#2933=CARTESIAN_POINT('',(-150.973088838883,-9.62364876415975,54.1515039907859));
#2934=CARTESIAN_POINT('',(-150.946312731396,-9.50813795220188,54.1720322384027));
#2935=CARTESIAN_POINT('',(-150.898821754851,-9.39548224314449,54.1916528881812));
#2936=CARTESIAN_POINT('',(-150.834387430023,-9.2953108974827,54.2088294959331));
#2937=CARTESIAN_POINT('',(-150.770549522122,-9.19606675771994,54.2258471135874));
#2938=CARTESIAN_POINT('',(-150.688263794964,-9.10629902845256,54.2409504786342));
#2939=CARTESIAN_POINT('',(-150.594330542899,-9.03387400981496,54.2530102425184));
#2940=CARTESIAN_POINT('',(-150.501708588057,-8.96246003597462,54.2649016535079));
#2941=CARTESIAN_POINT('',(-150.395152952993,-8.9059146517776,54.2741749362808));
#2942=CARTESIAN_POINT('',(-150.283620943745,-8.86924188477718,54.2801671735573));
#2943=CARTESIAN_POINT('',(-150.169169186173,-8.83160907724019,54.2863162790267));
#2944=CARTESIAN_POINT('',(-150.046084166586,-8.81384228459154,54.2891904424886));
#2945=CARTESIAN_POINT('',(-149.925508356114,-8.81762912205718,54.2885753788572));
#2946=CARTESIAN_POINT('',(-150.08206103671,-10.8933035525968,53.9104436794114));
#2947=CARTESIAN_POINT('',(-150.08206103671,-10.8933035525968,197.199338357973));
#2948=CARTESIAN_POINT('',(-150.08206103671,-10.8933035525968,149.436373465119));
#2949=CARTESIAN_POINT('',(-150.08206103671,-10.8933035525968,101.673408572265));
#2950=CARTESIAN_POINT('',(-150.08206103671,-10.8933035525968,53.9104436794114));
#2951=CARTESIAN_POINT('',(-150.08206103671,-10.8933035525968,197.199338357973));
#2952=CARTESIAN_POINT('',(-150.08206103671,-10.8933035525968,197.199338357973));
#2953=CARTESIAN_POINT('',(-150.197742458603,-10.879452857068,197.200103471244));
#2954=CARTESIAN_POINT('',(-150.312621902871,-10.8454540001033,197.20198244386));
#2955=CARTESIAN_POINT('',(-150.417185151201,-10.7941387351988,197.20479121988));
#2956=CARTESIAN_POINT('',(-150.521744895709,-10.7428251898234,197.207599901781));
#2957=CARTESIAN_POINT('',(-150.618871800143,-10.6727851396058,197.211413641034));
#2958=CARTESIAN_POINT('',(-150.700553430305,-10.5898274570136,197.215868189002));
#2959=CARTESIAN_POINT('',(-150.782308143767,-10.5067955493943,197.220326722604));
#2960=CARTESIAN_POINT('',(-150.850842650038,-10.4085383760607,197.225547458996));
#2961=CARTESIAN_POINT('',(-150.900516527371,-10.303180777479,197.231051249487));
#2962=CARTESIAN_POINT('',(-150.950259769298,-10.1976760575647,197.236562725471));
#2963=CARTESIAN_POINT('',(-150.982460475837,-10.0821446330097,197.242508001218));
#2964=CARTESIAN_POINT('',(-150.994465153492,-9.96613797415124,197.248369334176));
#2965=CARTESIAN_POINT('',(-151.006480505861,-9.85002816066727,197.254235879107));
#2966=CARTESIAN_POINT('',(-150.998594145974,-9.73023965772706,197.260179638088));
#2967=CARTESIAN_POINT('',(-150.971451237785,-9.61669277022649,197.265715042615));
#2968=CARTESIAN_POINT('',(-150.944307422206,-9.50314208684066,197.271250632192));
#2969=CARTESIAN_POINT('',(-150.897154453525,-9.39269886662312,197.276531745027));
#2970=CARTESIAN_POINT('',(-150.833885559778,-9.29453143886888,197.281156719143));
#2971=CARTESIAN_POINT('',(-150.770661876272,-9.19643415890684,197.285778388378));
#2972=CARTESIAN_POINT('',(-150.689597420967,-9.10788649330816,197.289874694164));
#2973=CARTESIAN_POINT('',(-150.597404322083,-9.03625313099942,197.293155584434));
#2974=CARTESIAN_POINT('',(-150.505309260014,-8.96469594257763,197.296432985853));
#2975=CARTESIAN_POINT('',(-150.399565067186,-8.90804166905771,197.29898955427));
#2976=CARTESIAN_POINT('',(-150.288938348557,-8.87100615483679,197.300654740201));
#2977=CARTESIAN_POINT('',(-150.172838595935,-8.83213838317578,197.302402307852));
#2978=CARTESIAN_POINT('',(-150.047893432814,-8.81378546227331,197.303219212813));
#2979=CARTESIAN_POINT('',(-149.925508356118,-8.81762912205704,197.30304743662));
#2980=CARTESIAN_POINT('',(-149.958210913107,-9.85890362876168,197.499982559775));
#2981=CARTESIAN_POINT('',(-1.47758236095978,15.3716166995197,52.8082701860519));
#2982=CARTESIAN_POINT('',(-12.3784652704489,8.61514470404233,54.7749677769711));
#2983=CARTESIAN_POINT('',(-24.0056717048282,3.27112436534511,55.0618658559592));
#2984=CARTESIAN_POINT('',(-42.2595327041494,-3.00463333275372,54.9577065576249));
#2985=CARTESIAN_POINT('',(-48.4709625703357,-4.79767671951303,54.8112055273877));
#2986=CARTESIAN_POINT('',(-60.9079093004514,-7.80164959516951,54.4648530417983));
#2987=CARTESIAN_POINT('',(-67.164121555392,-9.02349976615264,54.2637892078035));
#2988=CARTESIAN_POINT('',(-86.0353680661646,-11.9473909601922,53.7232660782928));
#2989=CARTESIAN_POINT('',(-98.7521832808946,-12.91608614184,53.4620438229958));
#2990=CARTESIAN_POINT('',(-124.426809631556,-13.1572923857142,53.403193425414));
#2991=CARTESIAN_POINT('',(-137.30270297932,-12.423393644902,53.6012691540186));
#2992=CARTESIAN_POINT('',(-150.08206103671,-10.8933035525968,53.9104436794114));
#2993=CARTESIAN_POINT('',(-1.47758236095977,15.3716166995197,196.900879914627));
#2994=CARTESIAN_POINT('',(-12.4433906797816,8.57490331134104,197.431484313474));
#2995=CARTESIAN_POINT('',(-24.0959393891873,3.23138960851062,197.517873607233));
#2996=CARTESIAN_POINT('',(-48.4882316654364,-5.13730309053,197.477493376032));
#2997=CARTESIAN_POINT('',(-60.9092112751611,-8.05590747998037,197.345242378985));
#2998=CARTESIAN_POINT('',(-86.057142623828,-11.9492242128139,197.147808447515));
#2999=CARTESIAN_POINT('',(-98.818737076715,-12.920138398486,197.076956911471));
#3000=CARTESIAN_POINT('',(-124.513881378548,-13.1546628483289,197.061441604056));
#3001=CARTESIAN_POINT('',(-137.318167347859,-12.421542074817,197.114918368221));
#3002=CARTESIAN_POINT('',(-150.08206103671,-10.8933035525968,197.199338357973));
#3003=CARTESIAN_POINT('',(-150.999998826046,-10.7819965433796,0.));
#3004=CARTESIAN_POINT('',(-100.607007575218,-16.9694778466965,0.));
#3005=CARTESIAN_POINT('',(-44.0566166157806,-11.2359269986692,0.));
#3006=CARTESIAN_POINT('',(-0.999998826046201,15.6688338550098,0.));
#3007=CARTESIAN_POINT('',(-150.999998826046,-10.7819965433796,65.8333275199248));
#3008=CARTESIAN_POINT('',(-100.607007575218,-16.9694778466964,65.8333275199248));
#3009=CARTESIAN_POINT('',(-44.0566166157804,-11.2359269986694,65.8333275199248));
#3010=CARTESIAN_POINT('',(-0.999998826046201,15.6688338550098,65.8333275199248));
#3011=CARTESIAN_POINT('',(-150.999998826046,-10.7819965433796,131.66665503985));
#3012=CARTESIAN_POINT('',(-100.607007575218,-16.9694778466965,131.66665503985));
#3013=CARTESIAN_POINT('',(-44.0566166157808,-11.2359269986689,131.66665503985));
#3014=CARTESIAN_POINT('',(-0.999998826046201,15.6688338550098,131.66665503985));
#3015=CARTESIAN_POINT('',(-150.999998826046,-10.7819965433796,197.499982559775));
#3016=CARTESIAN_POINT('',(-100.607007575218,-16.9694778466965,197.499982559775));
#3017=CARTESIAN_POINT('',(-44.0566166157806,-11.2359269986692,197.499982559775));
#3018=CARTESIAN_POINT('',(-0.999998826046201,15.6688338550098,197.499982559775));
#3019=CARTESIAN_POINT('',(0.,0.,0.));
#3020=CARTESIAN_POINT('',(0.,0.,0.));
#3021=CARTESIAN_POINT('',(-2.35188987703886,-197.499982559775,17.1789019151672));
#3022=CARTESIAN_POINT('',(-2.35188987703886,-52.2483045561201,17.1789019151671));
#3023=CARTESIAN_POINT('',(-2.35188987703886,-196.751438216091,17.1789019151672));
#3024=CARTESIAN_POINT('',(-2.35188987703886,-52.2483045561201,17.1789019151671));
#3025=CARTESIAN_POINT('',(-14.1277572282257,-53.6454118976266,12.9297077444864));
#3026=CARTESIAN_POINT('',(-26.0656016542951,-54.3457969939477,9.10218852004291));
#3027=CARTESIAN_POINT('',(-50.2652927728407,-55.0499811807504,2.41144329412841));
#3028=CARTESIAN_POINT('',(-62.54339090586,-55.0457377469565,-0.453461587814982));
#3029=CARTESIAN_POINT('',(-87.2548833554959,-54.8177276325554,-5.02549586820084));
#3030=CARTESIAN_POINT('',(-99.7378044481202,-54.5953984773728,-6.74236307610631));
#3031=CARTESIAN_POINT('',(-124.785702069791,-54.2960673872058,-8.83482093973432));
#3032=CARTESIAN_POINT('',(-137.33866948982,-54.2243692434009,-9.21293488693535));
#3033=CARTESIAN_POINT('',(-149.925508356118,-54.2885753788572,-8.81762912205698));
#3034=CARTESIAN_POINT('',(-149.925508356114,-54.2885753788572,-8.81762912205711));
#3035=CARTESIAN_POINT('',(-149.925508356118,-197.499982559775,-8.81762912205681));
#3036=CARTESIAN_POINT('',(-149.925508356118,-197.30304743662,-8.81762912205681));
#3037=CARTESIAN_POINT('',(-2.35188987703886,-196.751438216091,17.1789019151672));
#3038=CARTESIAN_POINT('',(-26.0134833547433,-197.496916754544,8.64087222478154));
#3039=CARTESIAN_POINT('',(-50.2845440422031,-197.54458441758,1.80656622330922));
#3040=CARTESIAN_POINT('',(-99.7662994308339,-197.416729744009,-7.33221190465793));
#3041=CARTESIAN_POINT('',(-124.744816842229,-197.267704538178,-9.60846092858108));
#3042=CARTESIAN_POINT('',(-149.925508356118,-197.30304743662,-8.81762912205682));
#3043=CARTESIAN_POINT('',(-150.999998826046,-1.02877169624873E-14,-8.78199654337963));
#3044=CARTESIAN_POINT('',(-100.25949359226,-1.23634157793157E-14,-10.5538940305435));
#3045=CARTESIAN_POINT('',(-48.7095405329232,3.56099919238429E-16,0.303980783224578));
#3046=CARTESIAN_POINT('',(-0.999998826046201,2.06982502053685E-14,17.6688338550098));
#3047=CARTESIAN_POINT('',(-150.999998826046,-65.8333275199248,-8.78199654337955));
#3048=CARTESIAN_POINT('',(-100.25949359226,-65.8333275199248,-10.5538940305435));
#3049=CARTESIAN_POINT('',(-48.7095405329232,-65.8333275199248,0.303980783224563));
#3050=CARTESIAN_POINT('',(-0.999998826046201,-65.8333275199248,17.6688338550099));
#3051=CARTESIAN_POINT('',(-150.999998826046,-131.66665503985,-8.78199654337948));
#3052=CARTESIAN_POINT('',(-100.25949359226,-131.66665503985,-10.5538940305433));
#3053=CARTESIAN_POINT('',(-48.7095405329233,-131.66665503985,0.303980783224853));
#3054=CARTESIAN_POINT('',(-0.999998826046201,-131.66665503985,17.6688338550099));
#3055=CARTESIAN_POINT('',(-150.999998826046,-197.499982559775,-8.7819965433794));
#3056=CARTESIAN_POINT('',(-100.25949359226,-197.499982559775,-10.5538940305433));
#3057=CARTESIAN_POINT('',(-48.7095405329233,-197.499982559775,0.303980783224806));
#3058=CARTESIAN_POINT('',(-0.999998826046201,-197.499982559775,17.66883385501));
#3059=CARTESIAN_POINT('',(-2.35188987703886,-52.2483045561201,17.1789019151671));
#3060=CARTESIAN_POINT('',(-2.25110194179678,-52.2363469176666,17.2152701498059));
#3061=CARTESIAN_POINT('',(-2.14237011209558,-52.2295619638149,17.2358018425517));
#3062=CARTESIAN_POINT('',(-2.03459370547586,-52.2286706129699,17.2385024292106));
#3063=CARTESIAN_POINT('',(-1.92679057292529,-52.2277790410917,17.2412036855494));
#3064=CARTESIAN_POINT('',(-1.81702617050649,-52.2327625289311,17.226131579409));
#3065=CARTESIAN_POINT('',(-1.71436647898058,-52.2430869382105,17.1947627830857));
#3066=CARTESIAN_POINT('',(-1.61185340665464,-52.2533966021054,17.1634387878694));
#3067=CARTESIAN_POINT('',(-1.51368988129384,-52.2692792410199,17.1150976910723));
#3068=CARTESIAN_POINT('',(-1.42723144508777,-52.2891852861662,17.054064093611));
#3069=CARTESIAN_POINT('',(-1.33829794964443,-52.3096611847945,16.9912832777658));
#3070=CARTESIAN_POINT('',(-1.2594016850339,-52.3349001642104,16.9134994592631));
#3071=CARTESIAN_POINT('',(-1.1959138632145,-52.3626709071958,16.8270822029466));
#3072=CARTESIAN_POINT('',(-1.12945885705694,-52.3917395512791,16.7366261259218));
#3073=CARTESIAN_POINT('',(-1.07811947753538,-52.4243248400429,16.634377899556));
#3074=CARTESIAN_POINT('',(-1.04524827109035,-52.4577388707739,16.5283281842329));
#3075=CARTESIAN_POINT('',(-1.0109471273594,-52.4926064523046,16.4176651778717));
#3076=CARTESIAN_POINT('',(-0.995836522787175,-52.5293076383207,16.2998911316275));
#3077=CARTESIAN_POINT('',(-1.00100889558028,-52.5648777926494,16.1843635229763));
#3078=CARTESIAN_POINT('',(-1.00629213615079,-52.6012103792524,16.0663596254508));
#3079=CARTESIAN_POINT('',(-1.03293594192096,-52.637379244867,15.9473960603485));
#3080=CARTESIAN_POINT('',(-1.07917462431701,-52.6703812864687,15.8376429792447));
#3081=CARTESIAN_POINT('',(-1.12499973728538,-52.7030881502074,15.7288715549828));
#3082=CARTESIAN_POINT('',(-1.19147406203503,-52.7336297318505,15.6260224971236));
#3083=CARTESIAN_POINT('',(-1.27343213751585,-52.7593435520162,15.5387151322217));
#3084=CARTESIAN_POINT('',(-1.33328114920035,-52.7781207953143,15.4749598589127));
#3085=CARTESIAN_POINT('',(-1.40244034675214,-52.7947133375336,15.4181904421143));
#3086=CARTESIAN_POINT('',(-1.47758236095979,-52.8082701860519,15.3716166995198));
#3087=CARTESIAN_POINT('',(-1.47758236095979,-52.8082701860519,15.3716166995198));
#3088=CARTESIAN_POINT('',(-2.35188987703886,-196.751438216091,17.1789019151672));
#3089=CARTESIAN_POINT('',(-2.24604442401206,-196.748103465467,17.2170951003127));
#3090=CARTESIAN_POINT('',(-2.13212377377807,-196.746302151904,17.2376246037093));
#3091=CARTESIAN_POINT('',(-2.01955475300284,-196.746202042494,17.2387671532911));
#3092=CARTESIAN_POINT('',(-1.90698398954066,-196.746101931534,17.2399097205608));
#3093=CARTESIAN_POINT('',(-1.79266478250308,-196.747700385943,17.2216959906953));
#3094=CARTESIAN_POINT('',(-1.68605966677652,-196.750848442855,17.1856553010899));
#3095=CARTESIAN_POINT('',(-1.57945697555567,-196.753996428171,17.149615431153));
#3096=CARTESIAN_POINT('',(-1.47763595619291,-196.758778613696,17.0947640871166));
#3097=CARTESIAN_POINT('',(-1.38896082110656,-196.764757128146,17.025670718444));
#3098=CARTESIAN_POINT('',(-1.30008216179535,-196.770749364285,16.9564187689664));
#3099=CARTESIAN_POINT('',(-1.22196677397841,-196.778105287176,16.870963324599));
#3100=CARTESIAN_POINT('',(-1.1609884521373,-196.78616947831,16.7763706791759));
#3101=CARTESIAN_POINT('',(-1.09979248736727,-196.794262452036,16.6814404150748));
#3102=CARTESIAN_POINT('',(-1.0541725473527,-196.803288841947,16.5747018418509));
#3103=CARTESIAN_POINT('',(-1.02784470196801,-196.812470195048,16.4649532897748));
#3104=CARTESIAN_POINT('',(-1.0014352499418,-196.821680006969,16.3548645575352));
#3105=CARTESIAN_POINT('',(-0.993711195849668,-196.831298336238,16.2387152712193));
#3106=CARTESIAN_POINT('',(-1.00530995418461,-196.840524293571,16.1261001777619));
#3107=CARTESIAN_POINT('',(-1.01692323316349,-196.849761801007,16.0133440999313));
#3108=CARTESIAN_POINT('',(-1.04823261273237,-196.85886152999,15.9010168097705));
#3109=CARTESIAN_POINT('',(-1.09667614488864,-196.867092314737,15.7984516536274));
#3110=CARTESIAN_POINT('',(-1.14507166319746,-196.875314941705,15.6959881529075));
#3111=CARTESIAN_POINT('',(-1.21191193529287,-196.882899568843,15.6004331408677));
#3112=CARTESIAN_POINT('',(-1.29167909896258,-196.889257220031,15.5197777837122));
#3113=CARTESIAN_POINT('',(-1.34737877209419,-196.893696629392,15.4634579044135));
#3114=CARTESIAN_POINT('',(-1.41020628130982,-196.897619777006,15.4133770412373));
#3115=CARTESIAN_POINT('',(-1.47758236095977,-196.900879914627,15.3716166995199));
#3116=CARTESIAN_POINT('',(-1.47758236095977,-196.900879914627,15.3716166995199));
#3117=CARTESIAN_POINT('',(-1.47758236095978,-52.8082701860519,15.3716166995198));
#3118=CARTESIAN_POINT('',(-1.47758236095978,-100.839140095577,15.3716166995198));
#3119=CARTESIAN_POINT('',(-1.47758236095978,-148.870010005102,15.3716166995199));
#3120=CARTESIAN_POINT('',(-1.47758236095978,-196.900879914627,15.3716166995199));
#3121=CARTESIAN_POINT('',(-2.00931099505112,-197.499982559775,16.2295069688369));
#3122=CARTESIAN_POINT('',(-150.08206103671,-53.9104436794114,-10.8933035525967));
#3123=CARTESIAN_POINT('',(-150.196637063752,-53.9132156487564,-10.8795852075116));
#3124=CARTESIAN_POINT('',(-150.310346252579,-53.9199858374388,-10.8460940808878));
#3125=CARTESIAN_POINT('',(-150.413758155746,-53.9300512361306,-10.7958127840538));
#3126=CARTESIAN_POINT('',(-150.517124973921,-53.9401122465614,-10.745553408602));
#3127=CARTESIAN_POINT('',(-150.61304100357,-53.9537258941059,-10.677182562427));
#3128=CARTESIAN_POINT('',(-150.693952066828,-53.969572746824,-10.5964719376444));
#3129=CARTESIAN_POINT('',(-150.775801548702,-53.9856033937107,-10.5148252189607));
#3130=CARTESIAN_POINT('',(-150.844525331252,-54.0043394268445,-10.4183688706026));
#3131=CARTESIAN_POINT('',(-150.89488059147,-54.0240867532773,-10.3149430669482));
#3132=CARTESIAN_POINT('',(-150.946156683303,-54.0441951931746,-10.2096259464914));
#3133=CARTESIAN_POINT('',(-150.979784587581,-54.0658912244187,-10.0942237207178));
#3134=CARTESIAN_POINT('',(-150.993158750881,-54.0873159834759,-9.97808847944536));
#3135=CARTESIAN_POINT('',(-151.006690987001,-54.1089939675007,-9.86058060464081));
#3136=CARTESIAN_POINT('',(-150.999846487076,-54.130989895225,-9.7390799436277));
#3137=CARTESIAN_POINT('',(-150.973088838883,-54.1515039907859,-9.62364876415968));
#3138=CARTESIAN_POINT('',(-150.946312731396,-54.1720322384027,-9.50813795220181));
#3139=CARTESIAN_POINT('',(-150.898821754851,-54.1916528881812,-9.39548224314442));
#3140=CARTESIAN_POINT('',(-150.834387430023,-54.2088294959332,-9.29531089748263));
#3141=CARTESIAN_POINT('',(-150.770549522122,-54.2258471135874,-9.19606675771988));
#3142=CARTESIAN_POINT('',(-150.688263794964,-54.2409504786342,-9.1062990284525));
#3143=CARTESIAN_POINT('',(-150.594330542899,-54.2530102425184,-9.03387400981489));
#3144=CARTESIAN_POINT('',(-150.501708588057,-54.2649016535079,-8.96246003597455));
#3145=CARTESIAN_POINT('',(-150.395152952993,-54.2741749362808,-8.90591465177754));
#3146=CARTESIAN_POINT('',(-150.283620943745,-54.2801671735573,-8.86924188477712));
#3147=CARTESIAN_POINT('',(-150.169169186173,-54.2863162790267,-8.83160907724013));
#3148=CARTESIAN_POINT('',(-150.046084166586,-54.2891904424886,-8.81384228459148));
#3149=CARTESIAN_POINT('',(-149.925508356114,-54.2885753788572,-8.81762912205711));
#3150=CARTESIAN_POINT('',(-150.08206103671,-53.9104436794114,-10.8933035525967));
#3151=CARTESIAN_POINT('',(-150.08206103671,-197.199338357973,-10.8933035525966));
#3152=CARTESIAN_POINT('',(-150.08206103671,-149.436373465119,-10.8933035525966));
#3153=CARTESIAN_POINT('',(-150.08206103671,-101.673408572265,-10.8933035525967));
#3154=CARTESIAN_POINT('',(-150.08206103671,-53.9104436794114,-10.8933035525967));
#3155=CARTESIAN_POINT('',(-150.08206103671,-197.199338357973,-10.8933035525966));
#3156=CARTESIAN_POINT('',(-150.08206103671,-197.199338357973,-10.8933035525966));
#3157=CARTESIAN_POINT('',(-150.197742458603,-197.200103471244,-10.8794528570677));
#3158=CARTESIAN_POINT('',(-150.312621902871,-197.20198244386,-10.8454540001031));
#3159=CARTESIAN_POINT('',(-150.417185151201,-197.20479121988,-10.7941387351986));
#3160=CARTESIAN_POINT('',(-150.521744895709,-197.207599901781,-10.7428251898232));
#3161=CARTESIAN_POINT('',(-150.618871800143,-197.211413641034,-10.6727851396055));
#3162=CARTESIAN_POINT('',(-150.700553430305,-197.215868189002,-10.5898274570134));
#3163=CARTESIAN_POINT('',(-150.782308143767,-197.220326722604,-10.5067955493941));
#3164=CARTESIAN_POINT('',(-150.850842650038,-197.225547458996,-10.4085383760605));
#3165=CARTESIAN_POINT('',(-150.900516527371,-197.231051249487,-10.3031807774788));
#3166=CARTESIAN_POINT('',(-150.950259769298,-197.236562725471,-10.1976760575645));
#3167=CARTESIAN_POINT('',(-150.982460475837,-197.242508001218,-10.0821446330095));
#3168=CARTESIAN_POINT('',(-150.994465153492,-197.248369334176,-9.96613797415102));
#3169=CARTESIAN_POINT('',(-151.006480505861,-197.254235879107,-9.85002816066704));
#3170=CARTESIAN_POINT('',(-150.998594145974,-197.260179638088,-9.73023965772683));
#3171=CARTESIAN_POINT('',(-150.971451237785,-197.265715042615,-9.61669277022626));
#3172=CARTESIAN_POINT('',(-150.944307422206,-197.271250632192,-9.50314208684043));
#3173=CARTESIAN_POINT('',(-150.897154453525,-197.276531745027,-9.39269886662289));
#3174=CARTESIAN_POINT('',(-150.833885559778,-197.281156719143,-9.29453143886865));
#3175=CARTESIAN_POINT('',(-150.770661876272,-197.285778388378,-9.19643415890661));
#3176=CARTESIAN_POINT('',(-150.689597420967,-197.289874694164,-9.10788649330793));
#3177=CARTESIAN_POINT('',(-150.597404322083,-197.293155584434,-9.03625313099919));
#3178=CARTESIAN_POINT('',(-150.505309260014,-197.296432985853,-8.9646959425774));
#3179=CARTESIAN_POINT('',(-150.399565067186,-197.29898955427,-8.90804166905748));
#3180=CARTESIAN_POINT('',(-150.288938348557,-197.300654740201,-8.87100615483656));
#3181=CARTESIAN_POINT('',(-150.172838595935,-197.302402307852,-8.83213838317555));
#3182=CARTESIAN_POINT('',(-150.047893432814,-197.303219212813,-8.81378546227308));
#3183=CARTESIAN_POINT('',(-149.925508356118,-197.30304743662,-8.81762912205681));
#3184=CARTESIAN_POINT('',(-149.958210913107,-197.499982559775,-9.85890362876144));
#3185=CARTESIAN_POINT('',(-1.47758236095978,-52.8082701860518,15.3716166995198));
#3186=CARTESIAN_POINT('',(-12.3784652704489,-54.774967776971,8.61514470404239));
#3187=CARTESIAN_POINT('',(-24.0056717048282,-55.0618658559592,3.27112436534518));
#3188=CARTESIAN_POINT('',(-42.2595327041494,-54.957706557625,-3.00463333275365));
#3189=CARTESIAN_POINT('',(-48.4709625703357,-54.8112055273878,-4.79767671951296));
#3190=CARTESIAN_POINT('',(-60.9079093004514,-54.4648530417984,-7.80164959516945));
#3191=CARTESIAN_POINT('',(-67.164121555392,-54.2637892078035,-9.02349976615258));
#3192=CARTESIAN_POINT('',(-86.0353680661646,-53.7232660782928,-11.9473909601921));
#3193=CARTESIAN_POINT('',(-98.7521832808946,-53.4620438229958,-12.9160861418399));
#3194=CARTESIAN_POINT('',(-124.426809631556,-53.403193425414,-13.1572923857141));
#3195=CARTESIAN_POINT('',(-137.30270297932,-53.6012691540186,-12.4233936449019));
#3196=CARTESIAN_POINT('',(-150.08206103671,-53.9104436794115,-10.8933035525967));
#3197=CARTESIAN_POINT('',(-1.47758236095977,-196.900879914627,15.3716166995199));
#3198=CARTESIAN_POINT('',(-12.4433906797816,-197.431484313474,8.57490331134127));
#3199=CARTESIAN_POINT('',(-24.0959393891874,-197.517873607233,3.23138960851084));
#3200=CARTESIAN_POINT('',(-48.4882316654365,-197.477493376032,-5.13730309052978));
#3201=CARTESIAN_POINT('',(-60.9092112751611,-197.345242378984,-8.05590747998013));
#3202=CARTESIAN_POINT('',(-86.0571426238278,-197.147808447515,-11.9492242128137));
#3203=CARTESIAN_POINT('',(-98.818737076715,-197.076956911471,-12.9201383984857));
#3204=CARTESIAN_POINT('',(-124.513881378548,-197.061441604056,-13.1546628483287));
#3205=CARTESIAN_POINT('',(-137.318167347859,-197.114918368221,-12.4215420748167));
#3206=CARTESIAN_POINT('',(-150.08206103671,-197.199338357973,-10.8933035525965));
#3207=CARTESIAN_POINT('',(-150.999998826046,-1.26306276916523E-14,-10.7819965433796));
#3208=CARTESIAN_POINT('',(-100.607007575218,-1.98789858576769E-14,-16.9694778466965));
#3209=CARTESIAN_POINT('',(-44.0566166157806,-1.31623869586486E-14,-11.2359269986692));
#3210=CARTESIAN_POINT('',(-0.999998826046201,1.83553394762035E-14,15.6688338550098));
#3211=CARTESIAN_POINT('',(-150.999998826046,-65.8333275199248,-10.7819965433796));
#3212=CARTESIAN_POINT('',(-100.607007575218,-65.8333275199248,-16.9694778466963));
#3213=CARTESIAN_POINT('',(-44.0566166157804,-65.8333275199248,-11.2359269986693));
#3214=CARTESIAN_POINT('',(-0.999998826046201,-65.8333275199248,15.6688338550099));
#3215=CARTESIAN_POINT('',(-150.999998826046,-131.66665503985,-10.7819965433795));
#3216=CARTESIAN_POINT('',(-100.607007575218,-131.66665503985,-16.9694778466964));
#3217=CARTESIAN_POINT('',(-44.0566166157808,-131.66665503985,-11.2359269986688));
#3218=CARTESIAN_POINT('',(-0.999998826046201,-131.66665503985,15.6688338550099));
#3219=CARTESIAN_POINT('',(-150.999998826046,-197.499982559775,-10.7819965433794));
#3220=CARTESIAN_POINT('',(-100.607007575218,-197.499982559775,-16.9694778466962));
#3221=CARTESIAN_POINT('',(-44.0566166157806,-197.499982559775,-11.2359269986689));
#3222=CARTESIAN_POINT('',(-0.999998826046201,-197.499982559775,15.66883385501));
#3223=CARTESIAN_POINT('',(0.,0.,0.));
#3224=CARTESIAN_POINT('',(0.,0.,0.));
#3225=CARTESIAN_POINT('',(-2.35188987703886,-17.1789019151675,-197.499982559775));
#3226=CARTESIAN_POINT('',(-2.35188987703886,-17.1789019151671,-52.2483045561201));
#3227=CARTESIAN_POINT('',(-2.35188987703886,-17.1789019151675,-196.751438216091));
#3228=CARTESIAN_POINT('',(-2.35188987703886,-17.1789019151671,-52.24830455612));
#3229=CARTESIAN_POINT('',(-14.1277572282257,-12.9297077444865,-53.6454118976265));
#3230=CARTESIAN_POINT('',(-26.0656016542951,-9.10218852004297,-54.3457969939477));
#3231=CARTESIAN_POINT('',(-50.2652927728407,-2.41144329412847,-55.0499811807504));
#3232=CARTESIAN_POINT('',(-62.54339090586,0.453461587814917,-55.0457377469565));
#3233=CARTESIAN_POINT('',(-87.2548833554959,5.02549586820077,-54.8177276325554));
#3234=CARTESIAN_POINT('',(-99.7378044481202,6.74236307610625,-54.5953984773728));
#3235=CARTESIAN_POINT('',(-124.785702069791,8.83482093973426,-54.2960673872058));
#3236=CARTESIAN_POINT('',(-137.33866948982,9.21293488693529,-54.2243692434009));
#3237=CARTESIAN_POINT('',(-149.925508356118,8.81762912205692,-54.2885753788572));
#3238=CARTESIAN_POINT('',(-149.925508356114,8.81762912205705,-54.2885753788572));
#3239=CARTESIAN_POINT('',(-149.925508356118,8.81762912205658,-197.499982559775));
#3240=CARTESIAN_POINT('',(-149.925508356118,8.81762912205658,-197.30304743662));
#3241=CARTESIAN_POINT('',(-2.35188987703886,-17.1789019151675,-196.751438216091));
#3242=CARTESIAN_POINT('',(-26.0134833547433,-8.64087222478177,-197.496916754545));
#3243=CARTESIAN_POINT('',(-50.2845440422031,-1.80656622330946,-197.54458441758));
#3244=CARTESIAN_POINT('',(-99.7662994308339,7.3322119046577,-197.416729744008));
#3245=CARTESIAN_POINT('',(-124.744816842229,9.60846092858085,-197.267704538178));
#3246=CARTESIAN_POINT('',(-149.925508356118,8.81762912205659,-197.30304743662));
#3247=CARTESIAN_POINT('',(-150.999998826046,8.78199654337963,-2.05754339249745E-14));
#3248=CARTESIAN_POINT('',(-100.25949359226,10.5538940305435,-2.47268315586313E-14));
#3249=CARTESIAN_POINT('',(-48.7095405329232,-0.303980783224578,7.12199838476858E-16));
#3250=CARTESIAN_POINT('',(-0.999998826046201,-17.6688338550098,4.13965004107371E-14));
#3251=CARTESIAN_POINT('',(-150.999998826046,8.78199654337948,-65.8333275199248));
#3252=CARTESIAN_POINT('',(-100.25949359226,10.5538940305434,-65.8333275199249));
#3253=CARTESIAN_POINT('',(-48.7095405329232,-0.30398078322464,-65.8333275199248));
#3254=CARTESIAN_POINT('',(-0.999998826046201,-17.6688338550099,-65.8333275199248));
#3255=CARTESIAN_POINT('',(-150.999998826046,8.78199654337932,-131.66665503985));
#3256=CARTESIAN_POINT('',(-100.25949359226,10.5538940305432,-131.66665503985));
#3257=CARTESIAN_POINT('',(-48.7095405329233,-0.303980783225007,-131.66665503985));
#3258=CARTESIAN_POINT('',(-0.999998826046201,-17.6688338550101,-131.66665503985));
#3259=CARTESIAN_POINT('',(-150.999998826046,8.78199654337917,-197.499982559775));
#3260=CARTESIAN_POINT('',(-100.25949359226,10.553894030543,-197.499982559775));
#3261=CARTESIAN_POINT('',(-48.7095405329233,-0.303980783225037,-197.499982559775));
#3262=CARTESIAN_POINT('',(-0.999998826046201,-17.6688338550102,-197.499982559775));
#3263=CARTESIAN_POINT('',(-2.35188987703886,-17.1789019151671,-52.2483045561201));
#3264=CARTESIAN_POINT('',(-2.25110194179678,-17.215270149806,-52.2363469176666));
#3265=CARTESIAN_POINT('',(-2.14237011209558,-17.2358018425518,-52.2295619638148));
#3266=CARTESIAN_POINT('',(-2.03459370547586,-17.2385024292107,-52.2286706129699));
#3267=CARTESIAN_POINT('',(-1.92679057292529,-17.2412036855495,-52.2277790410916));
#3268=CARTESIAN_POINT('',(-1.81702617050649,-17.2261315794091,-52.2327625289311));
#3269=CARTESIAN_POINT('',(-1.71436647898058,-17.1947627830858,-52.2430869382105));
#3270=CARTESIAN_POINT('',(-1.61185340665464,-17.1634387878694,-52.2533966021054));
#3271=CARTESIAN_POINT('',(-1.51368988129384,-17.1150976910724,-52.2692792410199));
#3272=CARTESIAN_POINT('',(-1.42723144508777,-17.054064093611,-52.2891852861662));
#3273=CARTESIAN_POINT('',(-1.33829794964443,-16.9912832777658,-52.3096611847944));
#3274=CARTESIAN_POINT('',(-1.2594016850339,-16.9134994592631,-52.3349001642104));
#3275=CARTESIAN_POINT('',(-1.1959138632145,-16.8270822029467,-52.3626709071958));
#3276=CARTESIAN_POINT('',(-1.12945885705694,-16.7366261259219,-52.3917395512791));
#3277=CARTESIAN_POINT('',(-1.07811947753538,-16.6343778995561,-52.4243248400429));
#3278=CARTESIAN_POINT('',(-1.04524827109035,-16.5283281842329,-52.4577388707739));
#3279=CARTESIAN_POINT('',(-1.0109471273594,-16.4176651778718,-52.4926064523046));
#3280=CARTESIAN_POINT('',(-0.995836522787175,-16.2998911316276,-52.5293076383207));
#3281=CARTESIAN_POINT('',(-1.00100889558028,-16.1843635229764,-52.5648777926494));
#3282=CARTESIAN_POINT('',(-1.00629213615079,-16.0663596254509,-52.6012103792524));
#3283=CARTESIAN_POINT('',(-1.03293594192096,-15.9473960603486,-52.637379244867));
#3284=CARTESIAN_POINT('',(-1.07917462431701,-15.8376429792447,-52.6703812864687));
#3285=CARTESIAN_POINT('',(-1.12499973728538,-15.7288715549828,-52.7030881502074));
#3286=CARTESIAN_POINT('',(-1.19147406203503,-15.6260224971236,-52.7336297318505));
#3287=CARTESIAN_POINT('',(-1.27343213751585,-15.5387151322217,-52.7593435520162));
#3288=CARTESIAN_POINT('',(-1.33328114920035,-15.4749598589128,-52.7781207953143));
#3289=CARTESIAN_POINT('',(-1.40244034675214,-15.4181904421143,-52.7947133375336));
#3290=CARTESIAN_POINT('',(-1.47758236095979,-15.3716166995198,-52.8082701860519));
#3291=CARTESIAN_POINT('',(-1.47758236095979,-15.3716166995198,-52.8082701860519));
#3292=CARTESIAN_POINT('',(-2.35188987703886,-17.1789019151675,-196.751438216091));
#3293=CARTESIAN_POINT('',(-2.24604442401206,-17.217095100313,-196.748103465467));
#3294=CARTESIAN_POINT('',(-2.13212377377807,-17.2376246037095,-196.746302151904));
#3295=CARTESIAN_POINT('',(-2.01955475300284,-17.2387671532913,-196.746202042494));
#3296=CARTESIAN_POINT('',(-1.90698398954066,-17.239909720561,-196.746101931534));
#3297=CARTESIAN_POINT('',(-1.79266478250308,-17.2216959906956,-196.747700385943));
#3298=CARTESIAN_POINT('',(-1.68605966677652,-17.1856553010902,-196.750848442855));
#3299=CARTESIAN_POINT('',(-1.57945697555567,-17.1496154311532,-196.753996428171));
#3300=CARTESIAN_POINT('',(-1.47763595619291,-17.0947640871169,-196.758778613696));
#3301=CARTESIAN_POINT('',(-1.38896082110656,-17.0256707184443,-196.764757128146));
#3302=CARTESIAN_POINT('',(-1.30008216179535,-16.9564187689667,-196.770749364285));
#3303=CARTESIAN_POINT('',(-1.22196677397841,-16.8709633245992,-196.778105287176));
#3304=CARTESIAN_POINT('',(-1.1609884521373,-16.7763706791761,-196.78616947831));
#3305=CARTESIAN_POINT('',(-1.09979248736727,-16.681440415075,-196.794262452036));
#3306=CARTESIAN_POINT('',(-1.0541725473527,-16.5747018418511,-196.803288841947));
#3307=CARTESIAN_POINT('',(-1.02784470196801,-16.464953289775,-196.812470195048));
#3308=CARTESIAN_POINT('',(-1.0014352499418,-16.3548645575354,-196.821680006969));
#3309=CARTESIAN_POINT('',(-0.993711195849668,-16.2387152712195,-196.831298336238));
#3310=CARTESIAN_POINT('',(-1.00530995418461,-16.1261001777621,-196.840524293571));
#3311=CARTESIAN_POINT('',(-1.01692323316349,-16.0133440999316,-196.849761801007));
#3312=CARTESIAN_POINT('',(-1.04823261273237,-15.9010168097707,-196.85886152999));
#3313=CARTESIAN_POINT('',(-1.09667614488864,-15.7984516536276,-196.867092314737));
#3314=CARTESIAN_POINT('',(-1.14507166319746,-15.6959881529077,-196.875314941705));
#3315=CARTESIAN_POINT('',(-1.21191193529287,-15.6004331408679,-196.882899568843));
#3316=CARTESIAN_POINT('',(-1.29167909896258,-15.5197777837124,-196.889257220031));
#3317=CARTESIAN_POINT('',(-1.34737877209419,-15.4634579044138,-196.893696629392));
#3318=CARTESIAN_POINT('',(-1.41020628130982,-15.4133770412376,-196.897619777006));
#3319=CARTESIAN_POINT('',(-1.47758236095977,-15.3716166995202,-196.900879914627));
#3320=CARTESIAN_POINT('',(-1.47758236095977,-15.3716166995202,-196.900879914627));
#3321=CARTESIAN_POINT('',(-1.47758236095978,-15.3716166995198,-52.8082701860519));
#3322=CARTESIAN_POINT('',(-1.47758236095978,-15.3716166995199,-100.839140095577));
#3323=CARTESIAN_POINT('',(-1.47758236095978,-15.3716166995201,-148.870010005102));
#3324=CARTESIAN_POINT('',(-1.47758236095978,-15.3716166995202,-196.900879914627));
#3325=CARTESIAN_POINT('',(-2.00931099505112,-16.2295069688372,-197.499982559775));
#3326=CARTESIAN_POINT('',(-150.08206103671,10.8933035525967,-53.9104436794115));
#3327=CARTESIAN_POINT('',(-150.196637063752,10.8795852075116,-53.9132156487564));
#3328=CARTESIAN_POINT('',(-150.310346252579,10.8460940808877,-53.9199858374388));
#3329=CARTESIAN_POINT('',(-150.413758155746,10.7958127840537,-53.9300512361306));
#3330=CARTESIAN_POINT('',(-150.517124973921,10.745553408602,-53.9401122465614));
#3331=CARTESIAN_POINT('',(-150.61304100357,10.6771825624269,-53.9537258941059));
#3332=CARTESIAN_POINT('',(-150.693952066828,10.5964719376443,-53.969572746824));
#3333=CARTESIAN_POINT('',(-150.775801548702,10.5148252189606,-53.9856033937107));
#3334=CARTESIAN_POINT('',(-150.844525331252,10.4183688706025,-54.0043394268445));
#3335=CARTESIAN_POINT('',(-150.89488059147,10.3149430669482,-54.0240867532773));
#3336=CARTESIAN_POINT('',(-150.946156683303,10.2096259464913,-54.0441951931746));
#3337=CARTESIAN_POINT('',(-150.979784587581,10.0942237207177,-54.0658912244187));
#3338=CARTESIAN_POINT('',(-150.993158750881,9.9780884794453,-54.0873159834759));
#3339=CARTESIAN_POINT('',(-151.006690987001,9.86058060464075,-54.1089939675007));
#3340=CARTESIAN_POINT('',(-150.999846487076,9.73907994362764,-54.130989895225));
#3341=CARTESIAN_POINT('',(-150.973088838883,9.62364876415962,-54.1515039907859));
#3342=CARTESIAN_POINT('',(-150.946312731396,9.50813795220175,-54.1720322384027));
#3343=CARTESIAN_POINT('',(-150.898821754851,9.39548224314436,-54.1916528881812));
#3344=CARTESIAN_POINT('',(-150.834387430023,9.29531089748257,-54.2088294959332));
#3345=CARTESIAN_POINT('',(-150.770549522122,9.19606675771982,-54.2258471135874));
#3346=CARTESIAN_POINT('',(-150.688263794964,9.10629902845243,-54.2409504786342));
#3347=CARTESIAN_POINT('',(-150.594330542899,9.03387400981483,-54.2530102425184));
#3348=CARTESIAN_POINT('',(-150.501708588057,8.96246003597449,-54.2649016535079));
#3349=CARTESIAN_POINT('',(-150.395152952993,8.90591465177748,-54.2741749362808));
#3350=CARTESIAN_POINT('',(-150.283620943745,8.86924188477706,-54.2801671735573));
#3351=CARTESIAN_POINT('',(-150.169169186173,8.83160907724007,-54.2863162790267));
#3352=CARTESIAN_POINT('',(-150.046084166586,8.81384228459141,-54.2891904424886));
#3353=CARTESIAN_POINT('',(-149.925508356114,8.81762912205705,-54.2885753788572));
#3354=CARTESIAN_POINT('',(-150.08206103671,10.8933035525967,-53.9104436794115));
#3355=CARTESIAN_POINT('',(-150.08206103671,10.8933035525963,-197.199338357973));
#3356=CARTESIAN_POINT('',(-150.08206103671,10.8933035525964,-149.436373465119));
#3357=CARTESIAN_POINT('',(-150.08206103671,10.8933035525965,-101.673408572265));
#3358=CARTESIAN_POINT('',(-150.08206103671,10.8933035525967,-53.9104436794114));
#3359=CARTESIAN_POINT('',(-150.08206103671,10.8933035525963,-197.199338357973));
#3360=CARTESIAN_POINT('',(-150.08206103671,10.8933035525963,-197.199338357973));
#3361=CARTESIAN_POINT('',(-150.197742458603,10.8794528570675,-197.200103471244));
#3362=CARTESIAN_POINT('',(-150.312621902871,10.8454540001028,-197.20198244386));
#3363=CARTESIAN_POINT('',(-150.417185151201,10.7941387351984,-197.20479121988));
#3364=CARTESIAN_POINT('',(-150.521744895709,10.742825189823,-197.207599901781));
#3365=CARTESIAN_POINT('',(-150.618871800143,10.6727851396053,-197.211413641034));
#3366=CARTESIAN_POINT('',(-150.700553430305,10.5898274570131,-197.215868189002));
#3367=CARTESIAN_POINT('',(-150.782308143767,10.5067955493938,-197.220326722604));
#3368=CARTESIAN_POINT('',(-150.850842650038,10.4085383760603,-197.225547458996));
#3369=CARTESIAN_POINT('',(-150.900516527371,10.3031807774785,-197.231051249487));
#3370=CARTESIAN_POINT('',(-150.950259769298,10.1976760575643,-197.236562725471));
#3371=CARTESIAN_POINT('',(-150.982460475837,10.0821446330093,-197.242508001218));
#3372=CARTESIAN_POINT('',(-150.994465153492,9.96613797415078,-197.248369334176));
#3373=CARTESIAN_POINT('',(-151.006480505861,9.85002816066681,-197.254235879107));
#3374=CARTESIAN_POINT('',(-150.998594145974,9.7302396577266,-197.260179638088));
#3375=CARTESIAN_POINT('',(-150.971451237785,9.61669277022603,-197.265715042615));
#3376=CARTESIAN_POINT('',(-150.944307422206,9.5031420868402,-197.271250632192));
#3377=CARTESIAN_POINT('',(-150.897154453525,9.39269886662266,-197.276531745027));
#3378=CARTESIAN_POINT('',(-150.833885559778,9.29453143886842,-197.281156719143));
#3379=CARTESIAN_POINT('',(-150.770661876272,9.19643415890638,-197.285778388378));
#3380=CARTESIAN_POINT('',(-150.689597420967,9.1078864933077,-197.289874694165));
#3381=CARTESIAN_POINT('',(-150.597404322083,9.03625313099896,-197.293155584434));
#3382=CARTESIAN_POINT('',(-150.505309260014,8.96469594257717,-197.296432985853));
#3383=CARTESIAN_POINT('',(-150.399565067186,8.90804166905725,-197.29898955427));
#3384=CARTESIAN_POINT('',(-150.288938348557,8.87100615483633,-197.300654740201));
#3385=CARTESIAN_POINT('',(-150.172838595935,8.83213838317532,-197.302402307852));
#3386=CARTESIAN_POINT('',(-150.047893432814,8.81378546227285,-197.303219212814));
#3387=CARTESIAN_POINT('',(-149.925508356118,8.81762912205658,-197.30304743662));
#3388=CARTESIAN_POINT('',(-149.958210913107,9.85890362876121,-197.499982559775));
#3389=CARTESIAN_POINT('',(-1.47758236095978,-15.3716166995198,-52.8082701860518));
#3390=CARTESIAN_POINT('',(-12.3784652704489,-8.61514470404246,-54.774967776971));
#3391=CARTESIAN_POINT('',(-24.0056717048282,-3.27112436534525,-55.0618658559592));
#3392=CARTESIAN_POINT('',(-42.2595327041494,3.00463333275358,-54.957706557625));
#3393=CARTESIAN_POINT('',(-48.4709625703357,4.7976767195129,-54.8112055273878));
#3394=CARTESIAN_POINT('',(-60.9079093004513,7.80164959516939,-54.4648530417984));
#3395=CARTESIAN_POINT('',(-67.1641215553921,9.02349976615252,-54.2637892078036));
#3396=CARTESIAN_POINT('',(-86.0353680661646,11.9473909601921,-53.7232660782929));
#3397=CARTESIAN_POINT('',(-98.7521832808946,12.9160861418399,-53.4620438229958));
#3398=CARTESIAN_POINT('',(-124.426809631556,13.1572923857141,-53.403193425414));
#3399=CARTESIAN_POINT('',(-137.30270297932,12.4233936449019,-53.6012691540186));
#3400=CARTESIAN_POINT('',(-150.08206103671,10.8933035525966,-53.9104436794115));
#3401=CARTESIAN_POINT('',(-1.47758236095977,-15.3716166995202,-196.900879914627));
#3402=CARTESIAN_POINT('',(-12.4433906797816,-8.5749033113415,-197.431484313474));
#3403=CARTESIAN_POINT('',(-24.0959393891874,-3.23138960851107,-197.517873607233));
#3404=CARTESIAN_POINT('',(-48.4882316654365,5.13730309052955,-197.477493376032));
#3405=CARTESIAN_POINT('',(-60.9092112751611,8.0559074799799,-197.345242378984));
#3406=CARTESIAN_POINT('',(-86.0571426238278,11.9492242128134,-197.147808447515));
#3407=CARTESIAN_POINT('',(-98.818737076715,12.9201383984855,-197.076956911471));
#3408=CARTESIAN_POINT('',(-124.513881378548,13.1546628483285,-197.061441604056));
#3409=CARTESIAN_POINT('',(-137.318167347859,12.4215420748165,-197.114918368221));
#3410=CARTESIAN_POINT('',(-150.08206103671,10.8933035525963,-197.199338357973));
#3411=CARTESIAN_POINT('',(-150.999998826046,10.7819965433796,-2.52612553833046E-14));
#3412=CARTESIAN_POINT('',(-100.607007575218,16.9694778466965,-3.97579717153537E-14));
#3413=CARTESIAN_POINT('',(-44.0566166157806,11.2359269986692,-2.63247739172972E-14));
#3414=CARTESIAN_POINT('',(-0.999998826046201,-15.6688338550098,3.67106789524069E-14));
#3415=CARTESIAN_POINT('',(-150.999998826046,10.7819965433795,-65.8333275199249));
#3416=CARTESIAN_POINT('',(-100.607007575218,16.9694778466962,-65.8333275199249));
#3417=CARTESIAN_POINT('',(-44.0566166157804,11.2359269986693,-65.8333275199249));
#3418=CARTESIAN_POINT('',(-0.999998826046201,-15.6688338550099,-65.8333275199248));
#3419=CARTESIAN_POINT('',(-150.999998826046,10.7819965433793,-131.66665503985));
#3420=CARTESIAN_POINT('',(-100.607007575218,16.9694778466962,-131.66665503985));
#3421=CARTESIAN_POINT('',(-44.0566166157808,11.2359269986686,-131.66665503985));
#3422=CARTESIAN_POINT('',(-0.999998826046201,-15.6688338550101,-131.66665503985));
#3423=CARTESIAN_POINT('',(-150.999998826046,10.7819965433792,-197.499982559775));
#3424=CARTESIAN_POINT('',(-100.607007575218,16.969477846696,-197.499982559775));
#3425=CARTESIAN_POINT('',(-44.0566166157806,11.2359269986687,-197.499982559775));
#3426=CARTESIAN_POINT('',(-0.999998826046201,-15.6688338550102,-197.499982559775));
#3427=CARTESIAN_POINT('',(0.,0.,0.));
#3428=CARTESIAN_POINT('',(0.,0.,0.));
#3429=CARTESIAN_POINT('',(-2.35188987703886,197.499982559775,-17.1789019151677));
#3430=CARTESIAN_POINT('',(-2.35188987703886,52.24830455612,-17.1789019151672));
#3431=CARTESIAN_POINT('',(-2.35188987703886,196.751438216091,-17.1789019151677));
#3432=CARTESIAN_POINT('',(-2.35188987703886,52.24830455612,-17.1789019151672));
#3433=CARTESIAN_POINT('',(-14.1277572282257,53.6454118976265,-12.9297077444866));
#3434=CARTESIAN_POINT('',(-26.0656016542951,54.3457969939476,-9.10218852004304));
#3435=CARTESIAN_POINT('',(-50.2652927728407,55.0499811807504,-2.41144329412854));
#3436=CARTESIAN_POINT('',(-62.54339090586,55.0457377469565,0.453461587814841));
#3437=CARTESIAN_POINT('',(-87.2548833554959,54.8177276325554,5.0254958682007));
#3438=CARTESIAN_POINT('',(-99.7378044481202,54.5953984773728,6.74236307610618));
#3439=CARTESIAN_POINT('',(-124.785702069791,54.2960673872058,8.83482093973419));
#3440=CARTESIAN_POINT('',(-137.33866948982,54.2243692434009,9.21293488693521));
#3441=CARTESIAN_POINT('',(-149.925508356118,54.2885753788573,8.81762912205684));
#3442=CARTESIAN_POINT('',(-149.925508356114,54.2885753788572,8.81762912205697));
#3443=CARTESIAN_POINT('',(-149.925508356118,197.499982559775,8.8176291220563));
#3444=CARTESIAN_POINT('',(-149.925508356118,197.30304743662,8.8176291220563));
#3445=CARTESIAN_POINT('',(-2.35188987703886,196.751438216091,-17.1789019151677));
#3446=CARTESIAN_POINT('',(-26.0134833547433,197.496916754544,-8.64087222478205));
#3447=CARTESIAN_POINT('',(-50.2845440422031,197.54458441758,-1.80656622330973));
#3448=CARTESIAN_POINT('',(-99.7662994308339,197.416729744009,7.33221190465743));
#3449=CARTESIAN_POINT('',(-124.744816842229,197.267704538178,9.60846092858058));
#3450=CARTESIAN_POINT('',(-149.925508356118,197.30304743662,8.81762912205631));
#3451=CARTESIAN_POINT('',(-150.999998826046,3.28131458403895E-14,8.78199654337963));
#3452=CARTESIAN_POINT('',(-100.25949359226,3.94336825683797E-14,10.5538940305435));
#3453=CARTESIAN_POINT('',(-48.7095405329232,-1.13579705063119E-15,-0.303980783224578));
#3454=CARTESIAN_POINT('',(-0.999998826046201,-6.60180198489272E-14,-17.6688338550098));
#3455=CARTESIAN_POINT('',(-150.999998826046,65.8333275199249,8.78199654337938));
#3456=CARTESIAN_POINT('',(-100.25949359226,65.8333275199249,10.5538940305433));
#3457=CARTESIAN_POINT('',(-48.7095405329232,65.8333275199248,-0.303980783224731));
#3458=CARTESIAN_POINT('',(-0.999998826046201,65.8333275199248,-17.66883385501));
#3459=CARTESIAN_POINT('',(-150.999998826046,131.66665503985,8.78199654337914));
#3460=CARTESIAN_POINT('',(-100.25949359226,131.66665503985,10.553894030543));
#3461=CARTESIAN_POINT('',(-48.7095405329233,131.66665503985,-0.303980783225191));
#3462=CARTESIAN_POINT('',(-0.999998826046201,131.66665503985,-17.6688338550103));
#3463=CARTESIAN_POINT('',(-150.999998826046,197.499982559775,8.78199654337889));
#3464=CARTESIAN_POINT('',(-100.25949359226,197.499982559775,10.5538940305428));
#3465=CARTESIAN_POINT('',(-48.7095405329233,197.499982559775,-0.303980783225312));
#3466=CARTESIAN_POINT('',(-0.999998826046201,197.499982559775,-17.6688338550105));
#3467=CARTESIAN_POINT('',(-2.35188987703886,52.24830455612,-17.1789019151672));
#3468=CARTESIAN_POINT('',(-2.25110194179678,52.2363469176666,-17.215270149806));
#3469=CARTESIAN_POINT('',(-2.14237011209558,52.2295619638148,-17.2358018425518));
#3470=CARTESIAN_POINT('',(-2.03459370547586,52.2286706129699,-17.2385024292108));
#3471=CARTESIAN_POINT('',(-1.92679057292529,52.2277790410916,-17.2412036855495));
#3472=CARTESIAN_POINT('',(-1.81702617050649,52.2327625289311,-17.2261315794091));
#3473=CARTESIAN_POINT('',(-1.71436647898058,52.2430869382105,-17.1947627830858));
#3474=CARTESIAN_POINT('',(-1.61185340665464,52.2533966021053,-17.1634387878695));
#3475=CARTESIAN_POINT('',(-1.51368988129384,52.2692792410199,-17.1150976910725));
#3476=CARTESIAN_POINT('',(-1.42723144508777,52.2891852861662,-17.0540640936111));
#3477=CARTESIAN_POINT('',(-1.33829794964443,52.3096611847944,-16.9912832777659));
#3478=CARTESIAN_POINT('',(-1.2594016850339,52.3349001642104,-16.9134994592632));
#3479=CARTESIAN_POINT('',(-1.1959138632145,52.3626709071957,-16.8270822029467));
#3480=CARTESIAN_POINT('',(-1.12945885705694,52.3917395512791,-16.7366261259219));
#3481=CARTESIAN_POINT('',(-1.07811947753538,52.4243248400429,-16.6343778995561));
#3482=CARTESIAN_POINT('',(-1.04524827109035,52.4577388707739,-16.528328184233));
#3483=CARTESIAN_POINT('',(-1.0109471273594,52.4926064523045,-16.4176651778718));
#3484=CARTESIAN_POINT('',(-0.995836522787175,52.5293076383207,-16.2998911316277));
#3485=CARTESIAN_POINT('',(-1.00100889558028,52.5648777926493,-16.1843635229765));
#3486=CARTESIAN_POINT('',(-1.00629213615079,52.6012103792524,-16.066359625451));
#3487=CARTESIAN_POINT('',(-1.03293594192096,52.6373792448669,-15.9473960603487));
#3488=CARTESIAN_POINT('',(-1.07917462431701,52.6703812864687,-15.8376429792448));
#3489=CARTESIAN_POINT('',(-1.12499973728538,52.7030881502074,-15.7288715549829));
#3490=CARTESIAN_POINT('',(-1.19147406203503,52.7336297318505,-15.6260224971237));
#3491=CARTESIAN_POINT('',(-1.27343213751585,52.7593435520162,-15.5387151322218));
#3492=CARTESIAN_POINT('',(-1.33328114920035,52.7781207953143,-15.4749598589128));
#3493=CARTESIAN_POINT('',(-1.40244034675214,52.7947133375336,-15.4181904421144));
#3494=CARTESIAN_POINT('',(-1.47758236095979,52.8082701860518,-15.3716166995199));
#3495=CARTESIAN_POINT('',(-1.47758236095979,52.8082701860518,-15.3716166995199));
#3496=CARTESIAN_POINT('',(-2.35188987703886,196.751438216091,-17.1789019151677));
#3497=CARTESIAN_POINT('',(-2.24604442401206,196.748103465467,-17.2170951003132));
#3498=CARTESIAN_POINT('',(-2.13212377377807,196.746302151904,-17.2376246037098));
#3499=CARTESIAN_POINT('',(-2.01955475300284,196.746202042494,-17.2387671532916));
#3500=CARTESIAN_POINT('',(-1.90698398954066,196.746101931534,-17.2399097205613));
#3501=CARTESIAN_POINT('',(-1.79266478250308,196.747700385943,-17.2216959906959));
#3502=CARTESIAN_POINT('',(-1.68605966677652,196.750848442855,-17.1856553010904));
#3503=CARTESIAN_POINT('',(-1.57945697555567,196.753996428171,-17.1496154311535));
#3504=CARTESIAN_POINT('',(-1.47763595619291,196.758778613696,-17.0947640871171));
#3505=CARTESIAN_POINT('',(-1.38896082110656,196.764757128146,-17.0256707184445));
#3506=CARTESIAN_POINT('',(-1.30008216179535,196.770749364285,-16.9564187689669));
#3507=CARTESIAN_POINT('',(-1.22196677397841,196.778105287176,-16.8709633245995));
#3508=CARTESIAN_POINT('',(-1.1609884521373,196.78616947831,-16.7763706791764));
#3509=CARTESIAN_POINT('',(-1.09979248736727,196.794262452036,-16.6814404150753));
#3510=CARTESIAN_POINT('',(-1.0541725473527,196.803288841947,-16.5747018418514));
#3511=CARTESIAN_POINT('',(-1.02784470196801,196.812470195048,-16.4649532897753));
#3512=CARTESIAN_POINT('',(-1.0014352499418,196.821680006969,-16.3548645575357));
#3513=CARTESIAN_POINT('',(-0.993711195849668,196.831298336238,-16.2387152712198));
#3514=CARTESIAN_POINT('',(-1.00530995418461,196.840524293571,-16.1261001777624));
#3515=CARTESIAN_POINT('',(-1.01692323316349,196.849761801007,-16.0133440999318));
#3516=CARTESIAN_POINT('',(-1.04823261273237,196.85886152999,-15.901016809771));
#3517=CARTESIAN_POINT('',(-1.09667614488864,196.867092314737,-15.7984516536279));
#3518=CARTESIAN_POINT('',(-1.14507166319746,196.875314941705,-15.695988152908));
#3519=CARTESIAN_POINT('',(-1.21191193529287,196.882899568843,-15.6004331408682));
#3520=CARTESIAN_POINT('',(-1.29167909896258,196.889257220031,-15.5197777837127));
#3521=CARTESIAN_POINT('',(-1.34737877209419,196.893696629392,-15.463457904414));
#3522=CARTESIAN_POINT('',(-1.41020628130982,196.897619777006,-15.4133770412378));
#3523=CARTESIAN_POINT('',(-1.47758236095977,196.900879914627,-15.3716166995204));
#3524=CARTESIAN_POINT('',(-1.47758236095977,196.900879914627,-15.3716166995204));
#3525=CARTESIAN_POINT('',(-1.47758236095978,52.8082701860519,-15.3716166995199));
#3526=CARTESIAN_POINT('',(-1.47758236095978,100.839140095577,-15.3716166995201));
#3527=CARTESIAN_POINT('',(-1.47758236095978,148.870010005102,-15.3716166995203));
#3528=CARTESIAN_POINT('',(-1.47758236095978,196.900879914627,-15.3716166995204));
#3529=CARTESIAN_POINT('',(-2.00931099505112,197.499982559775,-16.2295069688374));
#3530=CARTESIAN_POINT('',(-150.08206103671,53.9104436794115,10.8933035525966));
#3531=CARTESIAN_POINT('',(-150.196637063752,53.9132156487564,10.8795852075115));
#3532=CARTESIAN_POINT('',(-150.310346252579,53.9199858374389,10.8460940808876));
#3533=CARTESIAN_POINT('',(-150.413758155746,53.9300512361306,10.7958127840537));
#3534=CARTESIAN_POINT('',(-150.517124973921,53.9401122465614,10.7455534086019));
#3535=CARTESIAN_POINT('',(-150.61304100357,53.9537258941059,10.6771825624269));
#3536=CARTESIAN_POINT('',(-150.693952066828,53.969572746824,10.5964719376442));
#3537=CARTESIAN_POINT('',(-150.775801548702,53.9856033937108,10.5148252189605));
#3538=CARTESIAN_POINT('',(-150.844525331252,54.0043394268445,10.4183688706025));
#3539=CARTESIAN_POINT('',(-150.89488059147,54.0240867532773,10.3149430669481));
#3540=CARTESIAN_POINT('',(-150.946156683303,54.0441951931746,10.2096259464912));
#3541=CARTESIAN_POINT('',(-150.979784587581,54.0658912244187,10.0942237207176));
#3542=CARTESIAN_POINT('',(-150.993158750881,54.087315983476,9.97808847944523));
#3543=CARTESIAN_POINT('',(-151.006690987001,54.1089939675007,9.86058060464067));
#3544=CARTESIAN_POINT('',(-150.999846487076,54.130989895225,9.73907994362757));
#3545=CARTESIAN_POINT('',(-150.973088838883,54.1515039907859,9.62364876415955));
#3546=CARTESIAN_POINT('',(-150.946312731396,54.1720322384027,9.50813795220168));
#3547=CARTESIAN_POINT('',(-150.898821754851,54.1916528881812,9.39548224314428));
#3548=CARTESIAN_POINT('',(-150.834387430023,54.2088294959332,9.29531089748249));
#3549=CARTESIAN_POINT('',(-150.770549522122,54.2258471135875,9.19606675771974));
#3550=CARTESIAN_POINT('',(-150.688263794964,54.2409504786342,9.10629902845236));
#3551=CARTESIAN_POINT('',(-150.594330542899,54.2530102425184,9.03387400981475));
#3552=CARTESIAN_POINT('',(-150.501708588057,54.2649016535079,8.96246003597442));
#3553=CARTESIAN_POINT('',(-150.395152952993,54.2741749362808,8.9059146517774));
#3554=CARTESIAN_POINT('',(-150.283620943745,54.2801671735573,8.86924188477698));
#3555=CARTESIAN_POINT('',(-150.169169186173,54.2863162790267,8.83160907723999));
#3556=CARTESIAN_POINT('',(-150.046084166586,54.2891904424886,8.81384228459133));
#3557=CARTESIAN_POINT('',(-149.925508356114,54.2885753788572,8.81762912205697));
#3558=CARTESIAN_POINT('',(-150.08206103671,53.9104436794115,10.8933035525966));
#3559=CARTESIAN_POINT('',(-150.08206103671,197.199338357973,10.8933035525961));
#3560=CARTESIAN_POINT('',(-150.08206103671,149.436373465119,10.8933035525962));
#3561=CARTESIAN_POINT('',(-150.08206103671,101.673408572265,10.8933035525964));
#3562=CARTESIAN_POINT('',(-150.08206103671,53.9104436794114,10.8933035525966));
#3563=CARTESIAN_POINT('',(-150.08206103671,197.199338357973,10.893303552596));
#3564=CARTESIAN_POINT('',(-150.08206103671,197.199338357973,10.893303552596));
#3565=CARTESIAN_POINT('',(-150.197742458603,197.200103471244,10.8794528570672));
#3566=CARTESIAN_POINT('',(-150.312621902871,197.20198244386,10.8454540001026));
#3567=CARTESIAN_POINT('',(-150.417185151201,197.20479121988,10.7941387351981));
#3568=CARTESIAN_POINT('',(-150.521744895709,197.207599901781,10.7428251898227));
#3569=CARTESIAN_POINT('',(-150.618871800143,197.211413641034,10.672785139605));
#3570=CARTESIAN_POINT('',(-150.700553430305,197.215868189002,10.5898274570129));
#3571=CARTESIAN_POINT('',(-150.782308143767,197.220326722604,10.5067955493936));
#3572=CARTESIAN_POINT('',(-150.850842650038,197.225547458996,10.40853837606));
#3573=CARTESIAN_POINT('',(-150.900516527371,197.231051249487,10.3031807774782));
#3574=CARTESIAN_POINT('',(-150.950259769298,197.236562725471,10.197676057564));
#3575=CARTESIAN_POINT('',(-150.982460475837,197.242508001218,10.082144633009));
#3576=CARTESIAN_POINT('',(-150.994465153492,197.248369334176,9.96613797415051));
#3577=CARTESIAN_POINT('',(-151.006480505861,197.254235879107,9.85002816066653));
#3578=CARTESIAN_POINT('',(-150.998594145974,197.260179638088,9.73023965772632));
#3579=CARTESIAN_POINT('',(-150.971451237785,197.265715042615,9.61669277022575));
#3580=CARTESIAN_POINT('',(-150.944307422206,197.271250632192,9.50314208683992));
#3581=CARTESIAN_POINT('',(-150.897154453525,197.276531745027,9.39269886662239));
#3582=CARTESIAN_POINT('',(-150.833885559778,197.281156719143,9.29453143886814));
#3583=CARTESIAN_POINT('',(-150.770661876272,197.285778388378,9.1964341589061));
#3584=CARTESIAN_POINT('',(-150.689597420967,197.289874694165,9.10788649330743));
#3585=CARTESIAN_POINT('',(-150.597404322083,197.293155584434,9.03625313099868));
#3586=CARTESIAN_POINT('',(-150.505309260014,197.296432985853,8.96469594257689));
#3587=CARTESIAN_POINT('',(-150.399565067186,197.29898955427,8.90804166905697));
#3588=CARTESIAN_POINT('',(-150.288938348557,197.300654740201,8.87100615483605));
#3589=CARTESIAN_POINT('',(-150.172838595935,197.302402307852,8.83213838317504));
#3590=CARTESIAN_POINT('',(-150.047893432814,197.303219212814,8.81378546227258));
#3591=CARTESIAN_POINT('',(-149.925508356118,197.30304743662,8.8176291220563));
#3592=CARTESIAN_POINT('',(-149.958210913107,197.499982559775,9.85890362876094));
#3593=CARTESIAN_POINT('',(-1.47758236095978,52.8082701860518,-15.3716166995199));
#3594=CARTESIAN_POINT('',(-12.3784652704489,54.774967776971,-8.61514470404254));
#3595=CARTESIAN_POINT('',(-24.0056717048282,55.0618658559592,-3.27112436534532));
#3596=CARTESIAN_POINT('',(-42.2595327041494,54.957706557625,3.00463333275351));
#3597=CARTESIAN_POINT('',(-48.4709625703357,54.8112055273878,4.79767671951282));
#3598=CARTESIAN_POINT('',(-60.9079093004514,54.4648530417984,7.80164959516931));
#3599=CARTESIAN_POINT('',(-67.164121555392,54.2637892078035,9.02349976615243));
#3600=CARTESIAN_POINT('',(-86.0353680661646,53.7232660782928,11.947390960192));
#3601=CARTESIAN_POINT('',(-98.7521832808946,53.4620438229958,12.9160861418398));
#3602=CARTESIAN_POINT('',(-124.426809631556,53.403193425414,13.157292385714));
#3603=CARTESIAN_POINT('',(-137.30270297932,53.6012691540186,12.4233936449018));
#3604=CARTESIAN_POINT('',(-150.08206103671,53.9104436794115,10.8933035525966));
#3605=CARTESIAN_POINT('',(-1.47758236095977,196.900879914627,-15.3716166995204));
#3606=CARTESIAN_POINT('',(-12.4433906797816,197.431484313474,-8.57490331134178));
#3607=CARTESIAN_POINT('',(-24.0959393891874,197.517873607233,-3.23138960851135));
#3608=CARTESIAN_POINT('',(-48.4882316654365,197.477493376032,5.13730309052927));
#3609=CARTESIAN_POINT('',(-60.9092112751611,197.345242378985,8.05590747997963));
#3610=CARTESIAN_POINT('',(-86.057142623828,197.147808447515,11.9492242128132));
#3611=CARTESIAN_POINT('',(-98.818737076715,197.076956911471,12.9201383984852));
#3612=CARTESIAN_POINT('',(-124.513881378548,197.061441604056,13.1546628483282));
#3613=CARTESIAN_POINT('',(-137.318167347859,197.114918368221,12.4215420748162));
#3614=CARTESIAN_POINT('',(-150.08206103671,197.199338357973,10.893303552596));
#3615=CARTESIAN_POINT('',(-150.999998826046,4.02859672377347E-14,10.7819965433796));
#3616=CARTESIAN_POINT('',(-100.607007575218,6.34049385772844E-14,16.9694778466965));
#3617=CARTESIAN_POINT('',(-44.0566166157806,4.19820378473319E-14,11.2359269986692));
#3618=CARTESIAN_POINT('',(-0.999998826046201,-5.8545198451582E-14,-15.6688338550098));
#3619=CARTESIAN_POINT('',(-150.999998826046,65.8333275199249,10.7819965433794));
#3620=CARTESIAN_POINT('',(-100.607007575218,65.8333275199249,16.9694778466962));
#3621=CARTESIAN_POINT('',(-44.0566166157804,65.8333275199249,11.2359269986692));
#3622=CARTESIAN_POINT('',(-0.999998826046201,65.8333275199248,-15.66883385501));
#3623=CARTESIAN_POINT('',(-150.999998826046,131.66665503985,10.7819965433791));
#3624=CARTESIAN_POINT('',(-100.607007575218,131.66665503985,16.9694778466961));
#3625=CARTESIAN_POINT('',(-44.0566166157808,131.66665503985,11.2359269986684));
#3626=CARTESIAN_POINT('',(-0.999998826046201,131.66665503985,-15.6688338550103));
#3627=CARTESIAN_POINT('',(-150.999998826046,197.499982559775,10.7819965433789));
#3628=CARTESIAN_POINT('',(-100.607007575218,197.499982559775,16.9694778466957));
#3629=CARTESIAN_POINT('',(-44.0566166157806,197.499982559775,11.2359269986684));
#3630=CARTESIAN_POINT('',(-0.999998826046201,197.499982559775,-15.6688338550105));
#3631=CARTESIAN_POINT('',(0.,0.,0.));
#3632=CARTESIAN_POINT('',(0.,0.,0.));
#3633=CARTESIAN_POINT('',(21.0000000000003,0.,0.));
#3634=CARTESIAN_POINT('',(21.0000000000003,0.,-55.0000000000005));
#3635=CARTESIAN_POINT('',(104.7,0.,0.));
#3636=CARTESIAN_POINT('',(104.7,0.,-31.5000000000004));
#3637=CARTESIAN_POINT('',(24.7809971081987,-22.9093119150316,49.4234628198571));
#3638=CARTESIAN_POINT('',(37.9396683094488,-25.5265820991171,46.1041516852953));
#3639=CARTESIAN_POINT('',(51.0626514576102,-27.122222484711,41.8535043216851));
#3640=CARTESIAN_POINT('',(77.0650904746896,-27.5082448054302,32.4643394667784));
#3641=CARTESIAN_POINT('',(89.7911230077597,-26.3235940389505,27.4038933122807));
#3642=CARTESIAN_POINT('',(102.332887623698,-23.775126142669,22.2066006915304));
#3643=CARTESIAN_POINT('',(24.7809971081987,-22.9093119150316,49.4234628198571));
#3644=CARTESIAN_POINT('',(102.332887623698,-23.7751261426689,22.2066006915303));
#3645=CARTESIAN_POINT('',(24.7809971081987,-22.9093119150316,49.4234628198571));
#3646=CARTESIAN_POINT('',(24.7215419590832,-22.8974862385108,49.4384605453454));
#3647=CARTESIAN_POINT('',(24.6643493412367,-22.8754701102695,49.4577918554573));
#3648=CARTESIAN_POINT('',(24.6139483724371,-22.8457126441222,49.4795617590835));
#3649=CARTESIAN_POINT('',(24.5636321434465,-22.8160052095925,49.5012950606856));
#3650=CARTESIAN_POINT('',(24.5186735541209,-22.7778104341936,49.5260383084126));
#3651=CARTESIAN_POINT('',(24.4823056149165,-22.7342220577191,49.5518068434707));
#3652=CARTESIAN_POINT('',(24.4444207722355,-22.6888156139782,49.5786501818107));
#3653=CARTESIAN_POINT('',(24.4148228117047,-22.6362900239615,49.6073491804298));
#3654=CARTESIAN_POINT('',(24.3961549787291,-22.5808371133579,49.6355282146393));
#3655=CARTESIAN_POINT('',(24.3773947921906,-22.5251098659377,49.6638466562568));
#3656=CARTESIAN_POINT('',(24.3691746418196,-22.4647479079256,49.6924801966904));
#3657=CARTESIAN_POINT('',(24.3730199394439,-22.4051246166336,49.7187419875912));
#3658=CARTESIAN_POINT('',(24.3766881206209,-22.3482476057491,49.7437941464798));
#3659=CARTESIAN_POINT('',(24.3915373481047,-22.2902719550499,49.7674537237589));
#3660=CARTESIAN_POINT('',(24.4170272377613,-22.2370207109572,49.7872181137863));
#3661=CARTESIAN_POINT('',(24.4405158578339,-22.1879503439321,49.8054307563113));
#3662=CARTESIAN_POINT('',(24.4738092391772,-22.1414110816089,49.8208775889888));
#3663=CARTESIAN_POINT('',(24.5141652983094,-22.1021574843382,49.8319166167206));
#3664=CARTESIAN_POINT('',(24.5515982204744,-22.0657471686896,49.8421560472981));
#3665=CARTESIAN_POINT('',(24.5961755581608,-22.0345590835407,49.8489008096842));
#3666=CARTESIAN_POINT('',(24.6439898298449,-22.0113556802857,49.8515800235025));
#3667=CARTESIAN_POINT('',(24.6903452213008,-21.9888602452804,49.8541774907641));
#3668=CARTESIAN_POINT('',(24.7409600453917,-21.9732331250167,49.8530434846601));
#3669=CARTESIAN_POINT('',(24.7917411685506,-21.9653747825222,49.8484459055975));
#3670=CARTESIAN_POINT('',(24.8152959338723,-21.9617296994331,49.8463133238599));
#3671=CARTESIAN_POINT('',(24.8390925168252,-21.9596827602695,49.8434349697715));
#3672=CARTESIAN_POINT('',(24.8627526293554,-21.9592151238463,49.8398794253426));
#3673=CARTESIAN_POINT('',(24.8627526293554,-21.9592151238463,49.8398794253426));
#3674=CARTESIAN_POINT('',(102.728511036526,-23.0036186601554,22.7624065962431));
#3675=CARTESIAN_POINT('',(97.1912617551489,-22.2413688411022,26.9417160387891));
#3676=CARTESIAN_POINT('',(91.2220475356867,-21.5305083591706,30.3310074077195));
#3677=CARTESIAN_POINT('',(78.7247269347184,-20.747523269941,36.1753823884947));
#3678=CARTESIAN_POINT('',(72.1644237352844,-20.6462792333584,38.6308847159433));
#3679=CARTESIAN_POINT('',(52.2792670894674,-20.895386496477,44.9197034228633));
#3680=CARTESIAN_POINT('',(38.6310058328048,-21.6870889167927,47.7708429441807));
#3681=CARTESIAN_POINT('',(24.8627526293554,-21.9592151238463,49.8398794253426));
#3682=CARTESIAN_POINT('',(102.728511036526,-23.0036186601554,22.762406596243));
#3683=CARTESIAN_POINT('',(102.728511036526,-23.0036186601554,22.762406596243));
#3684=CARTESIAN_POINT('',(102.770525547901,-23.0094023177199,22.7306956084965));
#3685=CARTESIAN_POINT('',(102.809136823185,-23.0217292686859,22.6944040489137));
#3686=CARTESIAN_POINT('',(102.840877435078,-23.0400294453871,22.6561693304755));
#3687=CARTESIAN_POINT('',(102.872673995192,-23.0583618792582,22.6178672168513));
#3688=CARTESIAN_POINT('',(102.898401891296,-23.0832327725715,22.5765459021581));
#3689=CARTESIAN_POINT('',(102.915591967854,-23.1125403489762,22.5358062592041));
#3690=CARTESIAN_POINT('',(102.932206216331,-23.1408661888894,22.496431300712));
#3691=CARTESIAN_POINT('',(102.941317867617,-23.1740881019518,22.4565327200419));
#3692=CARTESIAN_POINT('',(102.942423399504,-23.2093546452753,22.4193329547635));
#3693=CARTESIAN_POINT('',(102.943532927815,-23.2447486747902,22.3819987148259));
#3694=CARTESIAN_POINT('',(102.936659991496,-23.2830911181518,22.3464125557349));
#3695=CARTESIAN_POINT('',(102.922842977643,-23.321438737371,22.3150061220232));
#3696=CARTESIAN_POINT('',(102.908255965971,-23.3619234017885,22.2818494631416));
#3697=CARTESIAN_POINT('',(102.885617287881,-23.4034098417778,22.2525090965116));
#3698=CARTESIAN_POINT('',(102.857111098446,-23.4430400666148,22.2286764417297));
#3699=CARTESIAN_POINT('',(102.826185228443,-23.4860342094944,22.2028208083309));
#3700=CARTESIAN_POINT('',(102.787620579147,-23.5279123674983,22.1827860663066));
#3701=CARTESIAN_POINT('',(102.744569016936,-23.565933727336,22.1695815699835));
#3702=CARTESIAN_POINT('',(102.697874426664,-23.6071724589409,22.1552597076891));
#3703=CARTESIAN_POINT('',(102.644707537129,-23.6449421887913,22.1485961752508));
#3704=CARTESIAN_POINT('',(102.589180273244,-23.6765822689677,22.149923494534));
#3705=CARTESIAN_POINT('',(102.53068937177,-23.7099110642793,22.1513216563736));
#3706=CARTESIAN_POINT('',(102.46793761627,-23.7373548101012,22.1616495903063));
#3707=CARTESIAN_POINT('',(102.406120330483,-23.7563766197796,22.180377722708));
#3708=CARTESIAN_POINT('',(102.38163445748,-23.7639111727797,22.1877959499197));
#3709=CARTESIAN_POINT('',(102.357104086409,-23.7702053935022,22.196565417643));
#3710=CARTESIAN_POINT('',(102.332887623698,-23.7751261426689,22.2066006915303));
#3711=CARTESIAN_POINT('',(24.7809971081987,-47.5844052314345,26.518665658299));
#3712=CARTESIAN_POINT('',(37.9396683094488,-47.7507791565648,22.2948937253503));
#3713=CARTESIAN_POINT('',(51.0626514576102,-46.5432115123953,17.9181538844801));
#3714=CARTESIAN_POINT('',(77.0650904746896,-41.3366974970083,10.0952617266982));
#3715=CARTESIAN_POINT('',(89.7911230077597,-37.4038392748929,6.69759503824388));
#3716=CARTESIAN_POINT('',(102.332887623698,-32.2871934828567,3.99084882869252));
#3717=CARTESIAN_POINT('',(24.7809971081988,-47.5844052314344,26.518665658299));
#3718=CARTESIAN_POINT('',(102.332887623698,-32.2871934828567,3.99084882869251));
#3719=CARTESIAN_POINT('',(24.7809971081988,-47.5844052314344,26.518665658299));
#3720=CARTESIAN_POINT('',(24.7215419590832,-47.583653500019,26.5377500313533));
#3721=CARTESIAN_POINT('',(24.6643493412367,-47.5772047371128,26.5663301452501));
#3722=CARTESIAN_POINT('',(24.6139483724371,-47.5659264695854,26.6014333669966));
#3723=CARTESIAN_POINT('',(24.5636321434465,-47.5546671643569,26.6364775692366));
#3724=CARTESIAN_POINT('',(24.5186735541209,-47.5383106580706,26.6789456028379));
#3725=CARTESIAN_POINT('',(24.4823056149165,-47.5181932856258,26.7254133904831));
#3726=CARTESIAN_POINT('',(24.4444207722355,-47.4972368193839,26.7738193453759));
#3727=CARTESIAN_POINT('',(24.4148228117047,-47.4716115725646,26.8279110901601));
#3728=CARTESIAN_POINT('',(24.3961549787291,-47.4433124462309,26.8833028107701));
#3729=CARTESIAN_POINT('',(24.3773947921906,-47.414873318369,26.9389685654773));
#3730=CARTESIAN_POINT('',(24.3691746418196,-47.3828698413112,26.9976134550162));
#3731=CARTESIAN_POINT('',(24.3730199394439,-47.3500698787857,27.0539053814723));
#3732=CARTESIAN_POINT('',(24.3766881206209,-47.3187806999238,27.1076044719514));
#3733=CARTESIAN_POINT('',(24.3915373481047,-47.2857841638482,27.1608227045229));
#3734=CARTESIAN_POINT('',(24.4170272377613,-47.2543202193843,27.2081127278824));
#3735=CARTESIAN_POINT('',(24.4405158578339,-47.2253265812223,27.2516899032596));
#3736=CARTESIAN_POINT('',(24.4738092391772,-47.1967549475396,27.2915417454511));
#3737=CARTESIAN_POINT('',(24.5141652983094,-47.1714866979576,27.3235451920627));
#3738=CARTESIAN_POINT('',(24.5515982204744,-47.1480487201127,27.3532305119821));
#3739=CARTESIAN_POINT('',(24.5961755581608,-47.126781501066,27.3770190358732));
#3740=CARTESIAN_POINT('',(24.6439898298449,-47.1095843558754,27.3928251836201));
#3741=CARTESIAN_POINT('',(24.6903452213008,-47.09291191961,27.4081490637171));
#3742=CARTESIAN_POINT('',(24.7409600453917,-47.0796027616796,27.4164170243341));
#3743=CARTESIAN_POINT('',(24.7917411685506,-47.0705428398847,27.4173165225652));
#3744=CARTESIAN_POINT('',(24.8152959338723,-47.066340405625,27.4177337537807));
#3745=CARTESIAN_POINT('',(24.8390925168252,-47.0629925429711,27.41660827706));
#3746=CARTESIAN_POINT('',(24.8627526293554,-47.0605243205784,27.4140066509858));
#3747=CARTESIAN_POINT('',(24.8627526293554,-47.0605243205784,27.4140066509858));
#3748=CARTESIAN_POINT('',(102.728511036526,-31.9897253321431,4.89398597143377));
#3749=CARTESIAN_POINT('',(97.1912617551489,-33.829588729665,8.72315753740729));
#3750=CARTESIAN_POINT('',(91.2220475356866,-35.2466660015321,11.8829851614772));
#3751=CARTESIAN_POINT('',(78.7247269347184,-38.04845518057,17.0714109306382));
#3752=CARTESIAN_POINT('',(72.1644237352844,-39.4098550894396,19.1174637948572));
#3753=CARTESIAN_POINT('',(52.2792670894674,-43.3078619889935,24.0588034277984));
#3754=CARTESIAN_POINT('',(38.6310058328048,-45.6242204643751,25.9000727470124));
#3755=CARTESIAN_POINT('',(24.8627526293554,-47.0605243205784,27.4140066509857));
#3756=CARTESIAN_POINT('',(102.728511036526,-31.9897253321429,4.89398597143377));
#3757=CARTESIAN_POINT('',(102.728511036526,-31.9897253321429,4.89398597143377));
#3758=CARTESIAN_POINT('',(102.770525547901,-31.9757651584692,4.86493169481767));
#3759=CARTESIAN_POINT('',(102.809136823185,-31.9644062277841,4.82832560637927));
#3760=CARTESIAN_POINT('',(102.840877435078,-31.9567375781118,4.7866364954083));
#3761=CARTESIAN_POINT('',(102.872673995192,-31.9490554111419,4.74487390029776));
#3762=CARTESIAN_POINT('',(102.898401891296,-31.9448883271157,4.69682551018019));
#3763=CARTESIAN_POINT('',(102.915591967854,-31.944652493179,4.64663988549451));
#3764=CARTESIAN_POINT('',(102.932206216331,-31.9444245591374,4.59813536396176));
#3765=CARTESIAN_POINT('',(102.941317867617,-31.9478498540853,4.54632938359727));
#3766=CARTESIAN_POINT('',(102.942423399504,-31.9545156135475,4.49550498723536));
#3767=CARTESIAN_POINT('',(102.943532927815,-31.9612054692836,4.44449686408574));
#3768=CARTESIAN_POINT('',(102.936659991496,-31.9713081380696,4.39316993387177));
#3769=CARTESIAN_POINT('',(102.922842977643,-31.9838717751488,4.34522143022877));
#3770=CARTESIAN_POINT('',(102.908255965971,-31.9971355615683,4.2946008410282));
#3771=CARTESIAN_POINT('',(102.885617287881,-32.0134529617537,4.24647886820749));
#3772=CARTESIAN_POINT('',(102.857111098446,-32.031506004134,4.20390378376361));
#3773=CARTESIAN_POINT('',(102.826185228443,-32.0510914363817,4.15771481382416));
#3774=CARTESIAN_POINT('',(102.787620579147,-32.0731954520046,4.1168910033806));
#3775=CARTESIAN_POINT('',(102.744569016936,-32.0961939700599,4.08385994686846));
#3776=CARTESIAN_POINT('',(102.697874426664,-32.1211386253127,4.04803379862056));
#3777=CARTESIAN_POINT('',(102.644707537129,-32.1477782525392,4.02044239744621));
#3778=CARTESIAN_POINT('',(102.589180273244,-32.1741557938051,4.00291864879429));
#3779=CARTESIAN_POINT('',(102.53068937177,-32.2019411745238,3.98445961112256));
#3780=CARTESIAN_POINT('',(102.46793761627,-32.2302142385353,3.97668405612916));
#3781=CARTESIAN_POINT('',(102.406120330483,-32.2566113258576,3.98065469431408));
#3782=CARTESIAN_POINT('',(102.38163445748,-32.2670672318329,3.98222746706043));
#3783=CARTESIAN_POINT('',(102.357104086409,-32.2773139271621,3.98562246536481));
#3784=CARTESIAN_POINT('',(102.332887623698,-32.2871934828567,3.99084882869251));
#3785=CARTESIAN_POINT('',(24.7809971081987,-54.0838730838776,-6.51536044843475));
#3786=CARTESIAN_POINT('',(37.9396683094488,-51.7358015654948,-10.0302558621118));
#3787=CARTESIAN_POINT('',(51.0626514576102,-48.18627568792,-12.8613223209453));
#3788=CARTESIAN_POINT('',(77.0650904746896,-39.3759367274019,-16.1298628676549));
#3789=CARTESIAN_POINT('',(89.7911230077597,-34.1970892175645,-16.5669568975194));
#3790=CARTESIAN_POINT('',(102.332887623698,-28.4666503139373,-15.7492716427432));
#3791=CARTESIAN_POINT('',(24.7809971081987,-54.0838730838777,-6.51536044843477));
#3792=CARTESIAN_POINT('',(102.332887623698,-28.4666503139372,-15.7492716427432));
#3793=CARTESIAN_POINT('',(24.7809971081987,-54.0838730838777,-6.51536044843477));
#3794=CARTESIAN_POINT('',(24.7215419590832,-54.0944824334179,-6.49947900966717));
#3795=CARTESIAN_POINT('',(24.6643493412367,-54.1060642440914,-6.47256672409163));
#3796=CARTESIAN_POINT('',(24.6139483724371,-54.1175730900452,-6.43753842181737));
#3797=CARTESIAN_POINT('',(24.5636321434465,-54.1290625860256,-6.40256901308657));
#3798=CARTESIAN_POINT('',(24.5186735541209,-54.1407919783161,-6.35859753901131));
#3799=CARTESIAN_POINT('',(24.4823056149165,-54.1518297624106,-6.30917961427745));
#3800=CARTESIAN_POINT('',(24.4444207722355,-54.1633279314879,-6.25770047234309));
#3801=CARTESIAN_POINT('',(24.4148228117047,-54.174391001181,-6.19887718939055));
#3802=CARTESIAN_POINT('',(24.3961549787291,-54.1840549635247,-6.13743053695767));
#3803=CARTESIAN_POINT('',(24.3773947921906,-54.1937667354539,-6.0756798954495));
#3804=CARTESIAN_POINT('',(24.3691746418196,-54.2023459798283,-6.00942401134268));
#3805=CARTESIAN_POINT('',(24.3730199394439,-54.2088978169243,-5.94460355194534));
#3806=CARTESIAN_POINT('',(24.3766881206209,-54.2151478729301,-5.88276875727389));
#3807=CARTESIAN_POINT('',(24.3915373481047,-54.2197340067481,-5.82031942543099));
#3808=CARTESIAN_POINT('',(24.4170272377613,-54.222075519278,-5.76356695033391));
#3809=CARTESIAN_POINT('',(24.4405158578339,-54.2242331942995,-5.71127024196499));
#3810=CARTESIAN_POINT('',(24.4738092391772,-54.2245425822099,-5.66223543946231));
#3811=CARTESIAN_POINT('',(24.5141652983094,-54.2229112928208,-5.62149180281944));
#3812=CARTESIAN_POINT('',(24.5515982204744,-54.2213981636887,-5.58369937680039));
#3813=CARTESIAN_POINT('',(24.5961755581608,-54.2181751655739,-5.5519534989884));
#3814=CARTESIAN_POINT('',(24.6439898298449,-54.2135530034011,-5.52905782852106));
#3815=CARTESIAN_POINT('',(24.6903452213008,-54.2090718698537,-5.5068607369462));
#3816=CARTESIAN_POINT('',(24.7409600453917,-54.2031643202243,-5.49234888954633));
#3817=CARTESIAN_POINT('',(24.7917411685506,-54.1963634013193,-5.48629589177301));
#3818=CARTESIAN_POINT('',(24.8152959338723,-54.1932088029407,-5.48348821574747));
#3819=CARTESIAN_POINT('',(24.8390925168252,-54.1898387865408,-5.48243092124663));
#3820=CARTESIAN_POINT('',(24.8627526293554,-54.1863127552407,-5.48308489623191));
#3821=CARTESIAN_POINT('',(24.8627526293554,-54.1863127552407,-5.48308489623191));
#3822=CARTESIAN_POINT('',(102.728511036526,-28.7568442180255,-14.8437709539981));
#3823=CARTESIAN_POINT('',(97.1912617551489,-32.4960555489261,-12.8273506540443));
#3824=CARTESIAN_POINT('',(91.2220475356866,-35.4997952214238,-11.1039335286386));
#3825=CARTESIAN_POINT('',(78.7247269347184,-40.8161704316483,-8.55325926680559));
#3826=CARTESIAN_POINT('',(72.1644237352844,-43.1202057930631,-7.69817851716882));
#3827=CARTESIAN_POINT('',(52.2792670894674,-49.1782061818041,-5.99174174803295));
#3828=CARTESIAN_POINT('',(38.6310058328048,-52.1344505047849,-5.86364492841965));
#3829=CARTESIAN_POINT('',(24.8627526293554,-54.1863127552407,-5.4830848962319));
#3830=CARTESIAN_POINT('',(102.728511036526,-28.7568442180254,-14.843770953998));
#3831=CARTESIAN_POINT('',(102.728511036526,-28.7568442180254,-14.843770953998));
#3832=CARTESIAN_POINT('',(102.770525547901,-28.728472524968,-14.8590707733349));
#3833=CARTESIAN_POINT('',(102.809136823185,-28.6977664380776,-14.8820091090406));
#3834=CARTESIAN_POINT('',(102.840877435078,-28.6670581255589,-14.9112287891141));
#3835=CARTESIAN_POINT('',(102.872673995192,-28.6362956844232,-14.9404999738372));
#3836=CARTESIAN_POINT('',(102.898401891296,-28.6046823075215,-14.976922587459));
#3837=CARTESIAN_POINT('',(102.915591967854,-28.5749931437915,-15.017384990993));
#3838=CARTESIAN_POINT('',(102.932206216331,-28.5462984988518,-15.056491996949));
#3839=CARTESIAN_POINT('',(102.941317867617,-28.5186188294366,-15.1004172533292));
#3840=CARTESIAN_POINT('',(102.942423399504,-28.4941377114838,-15.145453088822));
#3841=CARTESIAN_POINT('',(102.943532927815,-28.4695680959297,-15.1906517258429));
#3842=CARTESIAN_POINT('',(102.936659991496,-28.4475721140409,-15.2381142843763));
#3843=CARTESIAN_POINT('',(102.922842977643,-28.4295528866383,-15.2842901592687));
#3844=CARTESIAN_POINT('',(102.908255965971,-28.410529479467,-15.3330393342441));
#3845=CARTESIAN_POINT('',(102.885617287881,-28.3954451475858,-15.3815619552437));
#3846=CARTESIAN_POINT('',(102.857111098446,-28.3850253589203,-15.4266172341658));
#3847=CARTESIAN_POINT('',(102.826185228443,-28.3737211111019,-15.4754969240345));
#3848=CARTESIAN_POINT('',(102.787620579147,-28.3676080016637,-15.5215164948581));
#3849=CARTESIAN_POINT('',(102.744569016936,-28.3667990257304,-15.561757370656));
#3850=CARTESIAN_POINT('',(102.697874426664,-28.3659215941621,-15.6054034339127));
#3851=CARTESIAN_POINT('',(102.644707537129,-28.3712556866119,-15.6433837263717));
#3852=CARTESIAN_POINT('',(102.589180273244,-28.3822953647433,-15.673065066584));
#3853=CARTESIAN_POINT('',(102.53068937177,-28.393924259825,-15.7043305787761));
#3854=CARTESIAN_POINT('',(102.46793761627,-28.4122272925398,-15.7272396249695));
#3855=CARTESIAN_POINT('',(102.406120330483,-28.4359168673528,-15.7395431298309));
#3856=CARTESIAN_POINT('',(102.38163445748,-28.4453003256039,-15.7444165572825));
#3857=CARTESIAN_POINT('',(102.357104086409,-28.4555856061963,-15.7476928023576));
#3858=CARTESIAN_POINT('',(102.332887623698,-28.4666503139372,-15.7492716427432));
#3859=CARTESIAN_POINT('',(24.7809971081987,-39.9251396615152,-37.0607403128232));
#3860=CARTESIAN_POINT('',(37.9396683094488,-35.9595062116259,-38.5241886261051));
#3861=CARTESIAN_POINT('',(51.0626514576101,-31.423820341932,-38.7282105400373));
#3862=CARTESIAN_POINT('',(77.0650904746896,-22.3749064667933,-36.1939280804385));
#3863=CARTESIAN_POINT('',(89.7911230077597,-17.928213395439,-33.5034943885848));
#3864=CARTESIAN_POINT('',(102.332887623698,-13.7728142709517,-29.4737056447059));
#3865=CARTESIAN_POINT('',(24.7809971081987,-39.9251396615151,-37.0607403128231));
#3866=CARTESIAN_POINT('',(102.332887623698,-13.7728142709516,-29.4737056447058));
#3867=CARTESIAN_POINT('',(24.7809971081987,-39.9251396615151,-37.0607403128231));
#3868=CARTESIAN_POINT('',(24.7215419590832,-39.9430576810853,-37.0541279781612));
#3869=CARTESIAN_POINT('',(24.6643493412367,-39.9682462073126,-37.039163099282));
#3870=CARTESIAN_POINT('',(24.6139483724371,-39.9981461787645,-37.0175893373805));
#3871=CARTESIAN_POINT('',(24.5636321434465,-40.0279958790028,-36.9960518477276));
#3872=CARTESIAN_POINT('',(24.5186735541209,-40.0633309406825,-36.9673725417397));
#3873=CARTESIAN_POINT('',(24.4823056149165,-40.1013078229526,-36.933880447512));
#3874=CARTESIAN_POINT('',(24.4444207722355,-40.1408687175701,-36.8989914010433));
#3875=CARTESIAN_POINT('',(24.4148228117047,-40.1843943871727,-36.8579050746804));
#3876=CARTESIAN_POINT('',(24.3961549787291,-40.2283301330446,-36.8138740231591));
#3877=CARTESIAN_POINT('',(24.3773947921906,-40.2724832379788,-36.769625141079));
#3878=CARTESIAN_POINT('',(24.3691746418196,-40.3183682240322,-36.7210657581784));
#3879=CARTESIAN_POINT('',(24.3730199394439,-40.3617692816679,-36.6724759781632));
#3880=CARTESIAN_POINT('',(24.3766881206209,-40.4031712635787,-36.6261242691765));
#3881=CARTESIAN_POINT('',(24.3915373481047,-40.4435883200487,-36.5782973602515));
#3882=CARTESIAN_POINT('',(24.4170272377613,-40.4788409113712,-36.5337599499583));
#3883=CARTESIAN_POINT('',(24.4405158578339,-40.5113257410545,-36.4927192736948));
#3884=CARTESIAN_POINT('',(24.4738092391772,-40.5403979748921,-36.4532311388053));
#3885=CARTESIAN_POINT('',(24.5141652983094,-40.563026742797,-36.4193099965035));
#3886=CARTESIAN_POINT('',(24.5515982204744,-40.5840164262768,-36.3878458866067));
#3887=CARTESIAN_POINT('',(24.5961755581608,-40.600068724828,-36.3602685011954));
#3888=CARTESIAN_POINT('',(24.6439898298449,-40.6097870545216,-36.3390286759309));
#3889=CARTESIAN_POINT('',(24.6903452213008,-40.6192088643991,-36.3184369074084));
#3890=CARTESIAN_POINT('',(24.7409600453917,-40.622959406239,-36.3032242056928));
#3891=CARTESIAN_POINT('',(24.7917411685506,-40.6210152100908,-36.2943297477928));
#3892=CARTESIAN_POINT('',(24.8152959338723,-40.6201133969531,-36.2902040637696));
#3893=CARTESIAN_POINT('',(24.8390925168252,-40.6180084585291,-36.2873678486105));
#3894=CARTESIAN_POINT('',(24.8627526293554,-40.614771442433,-36.2858243762902));
#3895=CARTESIAN_POINT('',(24.8627526293554,-40.614771442433,-36.2858243762902));
#3896=CARTESIAN_POINT('',(102.728511036526,-14.5398260218082,-28.9117118962211));
#3897=CARTESIAN_POINT('',(97.1912617551489,-18.7501336488021,-29.4782468812641));
#3898=CARTESIAN_POINT('',(91.2220475356866,-22.1932092603927,-29.8495270196341));
#3899=CARTESIAN_POINT('',(78.7247269347183,-27.9934958684454,-30.9108751389197));
#3900=CARTESIAN_POINT('',(72.1644237352844,-30.3601034856265,-31.5733782871006));
#3901=CARTESIAN_POINT('',(52.2792670894674,-36.2641471189157,-33.7536452279274));
#3902=CARTESIAN_POINT('',(38.6310058328048,-38.7310924371659,-35.3876495391563));
#3903=CARTESIAN_POINT('',(24.8627526293554,-40.614771442433,-36.2858243762901));
#3904=CARTESIAN_POINT('',(102.728511036526,-14.5398260218081,-28.911711896221));
#3905=CARTESIAN_POINT('',(102.728511036526,-14.5398260218081,-28.911711896221));
#3906=CARTESIAN_POINT('',(102.770525547901,-14.5078798317965,-28.9074132473137));
#3907=CARTESIAN_POINT('',(102.809136823185,-14.4695552702315,-28.9079221656925));
#3908=CARTESIAN_POINT('',(102.840877435078,-14.4275368265113,-28.9135114902209));
#3909=CARTESIAN_POINT('',(102.872673995192,-14.3854443181467,-28.9191106668833));
#3910=CARTESIAN_POINT('',(102.898401891296,-14.3384598838468,-28.9299953035649));
#3911=CARTESIAN_POINT('',(102.915591967854,-14.2906576417709,-28.9452792230638));
#3912=CARTESIAN_POINT('',(102.932206216331,-14.2444566650049,-28.960051166366));
#3913=CARTESIAN_POINT('',(102.941317867617,-14.1962447241459,-28.9793177437893));
#3914=CARTESIAN_POINT('',(102.942423399504,-14.1499676837534,-29.0013628599665));
#3915=CARTESIAN_POINT('',(102.943532927815,-14.1035233549603,-29.0234876677618));
#3916=CARTESIAN_POINT('',(102.936659991496,-14.0578304398623,-29.0489567704479));
#3917=CARTESIAN_POINT('',(102.922842977643,-14.0161110803946,-29.075722401841));
#3918=CARTESIAN_POINT('',(102.908255965971,-13.9720667745901,-29.1039796346742));
#3919=CARTESIAN_POINT('',(102.885617287881,-13.9313424127233,-29.1343689118541));
#3920=CARTESIAN_POINT('',(102.857111098446,-13.8964297981268,-29.1646948000788));
#3921=CARTESIAN_POINT('',(102.826185228443,-13.8585537086917,-29.1975948297065));
#3922=CARTESIAN_POINT('',(102.787620579147,-13.8265584742207,-29.2312322490031));
#3923=CARTESIAN_POINT('',(102.744569016936,-13.8022510056093,-29.2633122972691));
#3924=CARTESIAN_POINT('',(102.697874426664,-13.7758866362563,-29.2981069628456));
#3925=CARTESIAN_POINT('',(102.644707537129,-13.7578777519125,-29.3319689657726));
#3926=CARTESIAN_POINT('',(102.589180273244,-13.7493627850882,-29.3624706344159));
#3927=CARTESIAN_POINT('',(102.53068937177,-13.7403933518632,-29.3946002581466));
#3928=CARTESIAN_POINT('',(102.46793761627,-13.7417352168815,-29.423892318544));
#3929=CARTESIAN_POINT('',(102.406120330483,-13.7536686667857,-29.4477704457755));
#3930=CARTESIAN_POINT('',(102.38163445748,-13.7583955151927,-29.4572285897801));
#3931=CARTESIAN_POINT('',(102.357104086409,-13.7647907534458,-29.4659246639715));
#3932=CARTESIAN_POINT('',(102.332887623698,-13.7728142709516,-29.4737056447058));
#3933=CARTESIAN_POINT('',(24.7809971081987,-10.5163598940404,-53.4501770259467));
#3934=CARTESIAN_POINT('',(37.9396683094488,-6.44790170357883,-52.3031907239384));
#3935=CARTESIAN_POINT('',(51.0626514576101,-2.65853368169637,-49.802238656297));
#3936=CARTESIAN_POINT('',(77.0650904746896,3.17257756903052,-42.433142952864));
#3937=CARTESIAN_POINT('',(89.7911230077596,5.18863058618302,-37.6428357651021));
#3938=CARTESIAN_POINT('',(102.332887623698,6.18176870279779,-31.9401858648005));
#3939=CARTESIAN_POINT('',(24.7809971081987,-10.5163598940404,-53.4501770259466));
#3940=CARTESIAN_POINT('',(102.332887623698,6.1817687027978,-31.9401858648006));
#3941=CARTESIAN_POINT('',(24.7809971081987,-10.5163598940404,-53.4501770259466));
#3942=CARTESIAN_POINT('',(24.7215419590832,-10.5347425091757,-53.4553594824862));
#3943=CARTESIAN_POINT('',(24.6643493412367,-10.5639165900645,-53.4580580853975));
#3944=CARTESIAN_POINT('',(24.6139483724371,-10.6007869141825,-53.45817930765));
#3945=CARTESIAN_POINT('',(24.5636321434465,-10.6375952477417,-53.45830032609));
#3946=CARTESIAN_POINT('',(24.5186735541209,-10.6830391862435,-53.4558677083031));
#3947=CARTESIAN_POINT('',(24.4823056149165,-10.7334492884489,-53.4510942862221));
#3948=CARTESIAN_POINT('',(24.4444207722355,-10.7859619914879,-53.446121765135));
#3949=CARTESIAN_POINT('',(24.4148228117047,-10.8453249345949,-53.4384659755596));
#3950=CARTESIAN_POINT('',(24.3961549787291,-10.906750502393,-53.4286688900706));
#3951=CARTESIAN_POINT('',(24.3773947921906,-10.9684799549563,-53.418823336409));
#3952=CARTESIAN_POINT('',(24.3691746418196,-11.0341441775896,-53.4065084885099));
#3953=CARTESIAN_POINT('',(24.3730199394439,-11.0978167268957,-53.3927090323368));
#3954=CARTESIAN_POINT('',(24.3766881206209,-11.1585564848233,-53.3795451864311));
#3955=CARTESIAN_POINT('',(24.3915373481047,-11.2193665220991,-53.3646089540565));
#3956=CARTESIAN_POINT('',(24.4170272377613,-11.2740649005203,-53.3492983855283));
#3957=CARTESIAN_POINT('',(24.4405158578339,-11.3244687840453,-53.3351898847815));
#3958=CARTESIAN_POINT('',(24.4738092391772,-11.3711992586129,-53.3203315428807));
#3959=CARTESIAN_POINT('',(24.5141652983094,-11.4094446635957,-53.306189618342));
#3960=CARTESIAN_POINT('',(24.5515982204744,-11.4449198140112,-53.2930720451223));
#3961=CARTESIAN_POINT('',(24.5961755581608,-11.4741159767795,-53.280196776018));
#3962=CARTESIAN_POINT('',(24.6439898298449,-11.4944627267103,-53.2687256872922));
#3963=CARTESIAN_POINT('',(24.6903452213008,-11.5141886688751,-53.2576045975092));
#3964=CARTESIAN_POINT('',(24.7409600453917,-11.5261647226777,-53.2475017764725));
#3965=CARTESIAN_POINT('',(24.7917411685506,-11.5298198661341,-53.2391632390522));
#3966=CARTESIAN_POINT('',(24.8152959338723,-11.5315153002044,-53.2352954181014));
#3967=CARTESIAN_POINT('',(24.8390925168252,-11.5314794546902,-53.2317636200753));
#3968=CARTESIAN_POINT('',(24.8627526293554,-11.5297678839245,-53.2286122544151));
#3969=CARTESIAN_POINT('',(24.8627526293554,-11.5297678839245,-53.2286122544151));
#3970=CARTESIAN_POINT('',(102.728511036526,5.23091152422975,-31.9363615670324));
#3971=CARTESIAN_POINT('',(97.1912617551489,2.15770201156122,-34.8694547286017));
#3972=CARTESIAN_POINT('',(91.2220475356867,-0.409571681330477,-37.1936157372377));
#3973=CARTESIAN_POINT('',(78.7247269347184,-4.47825734742622,-41.4615873299705));
#3974=CARTESIAN_POINT('',(72.1644237352844,-6.00347354864481,-43.3886206910179));
#3975=CARTESIAN_POINT('',(52.2792670894674,-9.49841642962814,-48.6228034749593));
#3976=CARTESIAN_POINT('',(38.6310058328048,-10.5337734799636,-51.394774807905));
#3977=CARTESIAN_POINT('',(24.8627526293554,-11.5297678839245,-53.2286122544151));
#3978=CARTESIAN_POINT('',(102.728511036526,5.23091152422972,-31.9363615670323));
#3979=CARTESIAN_POINT('',(102.728511036526,5.23091152422972,-31.9363615670323));
#3980=CARTESIAN_POINT('',(102.770525547901,5.2542298524221,-31.9141063876576));
#3981=CARTESIAN_POINT('',(102.809136823185,5.28553420874789,-31.8919914991864));
#3982=CARTESIAN_POINT('',(102.840877435078,5.32281316632275,-31.871815536174));
#3983=CARTESIAN_POINT('',(102.872673995192,5.36015783439269,-31.8516040095996));
#3984=CARTESIAN_POINT('',(102.898401891296,5.40456686913042,-31.8327931080839));
#3985=CARTESIAN_POINT('',(102.915591967854,5.45222335781777,-31.8170606057804));
#3986=CARTESIAN_POINT('',(102.932206216331,5.49828346359884,-31.8018551061672));
#3987=CARTESIAN_POINT('',(102.941317867617,5.54861235315719,-31.7891038269048));
#3988=CARTESIAN_POINT('',(102.942423399504,5.59900905945819,-31.7797377386727));
#3989=CARTESIAN_POINT('',(102.943532927815,5.64958794647598,-31.7703377926591));
#3990=CARTESIAN_POINT('',(102.936659991496,5.70152465426081,-31.7640851079348));
#3991=CARTESIAN_POINT('',(102.922842977643,5.75100876846574,-31.7612169343668));
#3992=CARTESIAN_POINT('',(102.908255965971,5.80325054509701,-31.7581889225436));
#3993=CARTESIAN_POINT('',(102.885617287881,5.85405961488646,-31.7588371849145));
#3994=CARTESIAN_POINT('',(102.857111098446,5.90012962327428,-31.7628502238791));
#3995=CARTESIAN_POINT('',(102.826185228443,5.95011017552289,-31.7672039001787));
#3996=CARTESIAN_POINT('',(102.787620579147,5.99576644293664,-31.775610817071));
#3997=CARTESIAN_POINT('',(102.744569016936,6.03428777739714,-31.7872765497282));
#3998=CARTESIAN_POINT('',(102.697874426664,6.07606879153401,-31.7999294380015));
#3999=CARTESIAN_POINT('',(102.644707537129,6.11054187095141,-31.8167390172055));
#4000=CARTESIAN_POINT('',(102.589180273244,6.13535905481769,-31.8364104135716));
#4001=CARTESIAN_POINT('',(102.53068937177,6.16150079771721,-31.8571317246216));
#4002=CARTESIAN_POINT('',(102.46793761627,6.17763264722411,-31.8816182277517));
#4003=CARTESIAN_POINT('',(102.406120330483,6.18201349448906,-31.9079503443384));
#4004=CARTESIAN_POINT('',(102.38163445748,6.18374875135794,-31.9183805153569));
#4005=CARTESIAN_POINT('',(102.357104086409,6.18368631909064,-31.9291748138921));
#4006=CARTESIAN_POINT('',(102.332887623698,6.1817687027978,-31.9401858648006));
#4007=CARTESIAN_POINT('',(24.7809971081987,22.9093119150315,-49.4234628198572));
#4008=CARTESIAN_POINT('',(37.9396683094488,25.5265820991169,-46.1041516852954));
#4009=CARTESIAN_POINT('',(51.0626514576102,27.1222224847109,-41.8535043216852));
#4010=CARTESIAN_POINT('',(77.0650904746896,27.5082448054302,-32.4643394667785));
#4011=CARTESIAN_POINT('',(89.7911230077597,26.3235940389504,-27.4038933122807));
#4012=CARTESIAN_POINT('',(102.332887623698,23.7751261426689,-22.2066006915305));
#4013=CARTESIAN_POINT('',(24.7809971081987,22.9093119150315,-49.4234628198572));
#4014=CARTESIAN_POINT('',(102.332887623698,23.7751261426689,-22.2066006915304));
#4015=CARTESIAN_POINT('',(24.7809971081987,22.9093119150315,-49.4234628198572));
#4016=CARTESIAN_POINT('',(24.7215419590832,22.8974862385106,-49.4384605453454));
#4017=CARTESIAN_POINT('',(24.6643493412367,22.8754701102694,-49.4577918554573));
#4018=CARTESIAN_POINT('',(24.6139483724371,22.8457126441221,-49.4795617590836));
#4019=CARTESIAN_POINT('',(24.5636321434465,22.8160052095924,-49.5012950606857));
#4020=CARTESIAN_POINT('',(24.5186735541209,22.7778104341934,-49.5260383084127));
#4021=CARTESIAN_POINT('',(24.4823056149165,22.734222057719,-49.5518068434708));
#4022=CARTESIAN_POINT('',(24.4444207722355,22.6888156139781,-49.5786501818108));
#4023=CARTESIAN_POINT('',(24.4148228117047,22.6362900239613,-49.6073491804299));
#4024=CARTESIAN_POINT('',(24.3961549787291,22.5808371133577,-49.6355282146393));
#4025=CARTESIAN_POINT('',(24.3773947921906,22.5251098659376,-49.6638466562569));
#4026=CARTESIAN_POINT('',(24.3691746418196,22.4647479079255,-49.6924801966904));
#4027=CARTESIAN_POINT('',(24.3730199394439,22.4051246166335,-49.7187419875913));
#4028=CARTESIAN_POINT('',(24.3766881206209,22.348247605749,-49.7437941464799));
#4029=CARTESIAN_POINT('',(24.3915373481047,22.2902719550497,-49.767453723759));
#4030=CARTESIAN_POINT('',(24.4170272377613,22.2370207109571,-49.7872181137864));
#4031=CARTESIAN_POINT('',(24.4405158578339,22.187950343932,-49.8054307563114));
#4032=CARTESIAN_POINT('',(24.4738092391772,22.1414110816088,-49.8208775889889));
#4033=CARTESIAN_POINT('',(24.5141652983094,22.102157484338,-49.8319166167207));
#4034=CARTESIAN_POINT('',(24.5515982204744,22.0657471686895,-49.8421560472981));
#4035=CARTESIAN_POINT('',(24.5961755581607,22.0345590835406,-49.8489008096843));
#4036=CARTESIAN_POINT('',(24.6439898298449,22.0113556802855,-49.8515800235025));
#4037=CARTESIAN_POINT('',(24.6903452213008,21.9888602452802,-49.8541774907642));
#4038=CARTESIAN_POINT('',(24.7409600453917,21.9732331250165,-49.8530434846602));
#4039=CARTESIAN_POINT('',(24.7917411685506,21.9653747825221,-49.8484459055976));
#4040=CARTESIAN_POINT('',(24.8152959338723,21.9617296994329,-49.84631332386));
#4041=CARTESIAN_POINT('',(24.8390925168252,21.9596827602693,-49.8434349697715));
#4042=CARTESIAN_POINT('',(24.8627526293554,21.9592151238461,-49.8398794253426));
#4043=CARTESIAN_POINT('',(24.8627526293554,21.9592151238461,-49.8398794253426));
#4044=CARTESIAN_POINT('',(102.728511036526,23.0036186601554,-22.7624065962432));
#4045=CARTESIAN_POINT('',(97.1912617551489,22.2413688411022,-26.9417160387892));
#4046=CARTESIAN_POINT('',(91.2220475356866,21.5305083591704,-30.3310074077195));
#4047=CARTESIAN_POINT('',(78.7247269347183,20.7475232699408,-36.1753823884947));
#4048=CARTESIAN_POINT('',(72.1644237352844,20.6462792333582,-38.6308847159434));
#4049=CARTESIAN_POINT('',(52.2792670894674,20.8953864964769,-44.9197034228633));
#4050=CARTESIAN_POINT('',(38.6310058328048,21.6870889167925,-47.7708429441807));
#4051=CARTESIAN_POINT('',(24.8627526293554,21.9592151238462,-49.8398794253427));
#4052=CARTESIAN_POINT('',(102.728511036526,23.0036186601553,-22.7624065962431));
#4053=CARTESIAN_POINT('',(102.728511036526,23.0036186601553,-22.7624065962431));
#4054=CARTESIAN_POINT('',(102.770525547901,23.0094023177198,-22.7306956084965));
#4055=CARTESIAN_POINT('',(102.809136823185,23.0217292686858,-22.6944040489138));
#4056=CARTESIAN_POINT('',(102.840877435078,23.040029445387,-22.6561693304755));
#4057=CARTESIAN_POINT('',(102.872673995192,23.0583618792581,-22.6178672168513));
#4058=CARTESIAN_POINT('',(102.898401891296,23.0832327725715,-22.5765459021582));
#4059=CARTESIAN_POINT('',(102.915591967854,23.1125403489761,-22.5358062592042));
#4060=CARTESIAN_POINT('',(102.932206216331,23.1408661888894,-22.496431300712));
#4061=CARTESIAN_POINT('',(102.941317867617,23.1740881019518,-22.456532720042));
#4062=CARTESIAN_POINT('',(102.942423399504,23.2093546452753,-22.4193329547636));
#4063=CARTESIAN_POINT('',(102.943532927815,23.2447486747901,-22.381998714826));
#4064=CARTESIAN_POINT('',(102.936659991496,23.2830911181518,-22.346412555735));
#4065=CARTESIAN_POINT('',(102.922842977643,23.3214387373709,-22.3150061220233));
#4066=CARTESIAN_POINT('',(102.908255965971,23.3619234017884,-22.2818494631417));
#4067=CARTESIAN_POINT('',(102.885617287881,23.4034098417777,-22.2525090965117));
#4068=CARTESIAN_POINT('',(102.857111098446,23.4430400666147,-22.2286764417297));
#4069=CARTESIAN_POINT('',(102.826185228443,23.4860342094943,-22.202820808331));
#4070=CARTESIAN_POINT('',(102.787620579147,23.5279123674983,-22.1827860663066));
#4071=CARTESIAN_POINT('',(102.744569016936,23.5659337273359,-22.1695815699836));
#4072=CARTESIAN_POINT('',(102.697874426664,23.6071724589408,-22.1552597076892));
#4073=CARTESIAN_POINT('',(102.644707537129,23.6449421887913,-22.1485961752509));
#4074=CARTESIAN_POINT('',(102.589180273244,23.6765822689676,-22.1499234945341));
#4075=CARTESIAN_POINT('',(102.53068937177,23.7099110642792,-22.1513216563737));
#4076=CARTESIAN_POINT('',(102.46793761627,23.7373548101011,-22.1616495903064));
#4077=CARTESIAN_POINT('',(102.406120330483,23.7563766197795,-22.180377722708));
#4078=CARTESIAN_POINT('',(102.38163445748,23.7639111727796,-22.1877959499197));
#4079=CARTESIAN_POINT('',(102.357104086409,23.7702053935022,-22.1965654176431));
#4080=CARTESIAN_POINT('',(102.332887623698,23.7751261426689,-22.2066006915304));
#4081=CARTESIAN_POINT('',(24.7809971081987,47.5844052314344,-26.5186656582991));
#4082=CARTESIAN_POINT('',(37.9396683094488,47.7507791565647,-22.2948937253504));
#4083=CARTESIAN_POINT('',(51.0626514576102,46.5432115123952,-17.9181538844803));
#4084=CARTESIAN_POINT('',(77.0650904746896,41.3366974970082,-10.0952617266982));
#4085=CARTESIAN_POINT('',(89.7911230077597,37.4038392748928,-6.69759503824395));
#4086=CARTESIAN_POINT('',(102.332887623698,32.2871934828566,-3.99084882869262));
#4087=CARTESIAN_POINT('',(24.7809971081987,47.5844052314344,-26.5186656582991));
#4088=CARTESIAN_POINT('',(102.332887623698,32.2871934828566,-3.9908488286926));
#4089=CARTESIAN_POINT('',(24.7809971081987,47.5844052314344,-26.5186656582991));
#4090=CARTESIAN_POINT('',(24.7215419590832,47.583653500019,-26.5377500313534));
#4091=CARTESIAN_POINT('',(24.6643493412367,47.5772047371127,-26.5663301452502));
#4092=CARTESIAN_POINT('',(24.6139483724371,47.5659264695853,-26.6014333669968));
#4093=CARTESIAN_POINT('',(24.5636321434465,47.5546671643568,-26.6364775692367));
#4094=CARTESIAN_POINT('',(24.5186735541209,47.5383106580705,-26.678945602838));
#4095=CARTESIAN_POINT('',(24.4823056149165,47.5181932856258,-26.7254133904832));
#4096=CARTESIAN_POINT('',(24.4444207722355,47.4972368193839,-26.773819345376));
#4097=CARTESIAN_POINT('',(24.4148228117047,47.4716115725646,-26.8279110901602));
#4098=CARTESIAN_POINT('',(24.3961549787291,47.4433124462309,-26.8833028107702));
#4099=CARTESIAN_POINT('',(24.3773947921906,47.4148733183689,-26.9389685654774));
#4100=CARTESIAN_POINT('',(24.3691746418196,47.3828698413112,-26.9976134550163));
#4101=CARTESIAN_POINT('',(24.3730199394439,47.3500698787856,-27.0539053814724));
#4102=CARTESIAN_POINT('',(24.3766881206209,47.3187806999237,-27.1076044719515));
#4103=CARTESIAN_POINT('',(24.3915373481047,47.2857841638482,-27.160822704523));
#4104=CARTESIAN_POINT('',(24.4170272377613,47.2543202193842,-27.2081127278825));
#4105=CARTESIAN_POINT('',(24.4405158578339,47.2253265812222,-27.2516899032597));
#4106=CARTESIAN_POINT('',(24.4738092391772,47.1967549475395,-27.2915417454512));
#4107=CARTESIAN_POINT('',(24.5141652983094,47.1714866979575,-27.3235451920628));
#4108=CARTESIAN_POINT('',(24.5515982204744,47.1480487201126,-27.3532305119822));
#4109=CARTESIAN_POINT('',(24.5961755581608,47.1267815010659,-27.3770190358734));
#4110=CARTESIAN_POINT('',(24.6439898298449,47.1095843558754,-27.3928251836202));
#4111=CARTESIAN_POINT('',(24.6903452213008,47.0929119196099,-27.4081490637172));
#4112=CARTESIAN_POINT('',(24.7409600453917,47.0796027616795,-27.4164170243342));
#4113=CARTESIAN_POINT('',(24.7917411685506,47.0705428398846,-27.4173165225653));
#4114=CARTESIAN_POINT('',(24.8152959338723,47.0663404056249,-27.4177337537808));
#4115=CARTESIAN_POINT('',(24.8390925168252,47.0629925429711,-27.4166082770602));
#4116=CARTESIAN_POINT('',(24.8627526293554,47.0605243205783,-27.4140066509859));
#4117=CARTESIAN_POINT('',(24.8627526293554,47.0605243205783,-27.4140066509859));
#4118=CARTESIAN_POINT('',(102.728511036526,31.9897253321431,-4.89398597143384));
#4119=CARTESIAN_POINT('',(97.1912617551489,33.829588729665,-8.72315753740736));
#4120=CARTESIAN_POINT('',(91.2220475356866,35.2466660015321,-11.8829851614773));
#4121=CARTESIAN_POINT('',(78.7247269347183,38.0484551805699,-17.0714109306383));
#4122=CARTESIAN_POINT('',(72.1644237352845,39.4098550894396,-19.1174637948573));
#4123=CARTESIAN_POINT('',(52.2792670894674,43.3078619889934,-24.0588034277985));
#4124=CARTESIAN_POINT('',(38.6310058328048,45.624220464375,-25.9000727470126));
#4125=CARTESIAN_POINT('',(24.8627526293554,47.0605243205783,-27.4140066509859));
#4126=CARTESIAN_POINT('',(102.728511036526,31.9897253321429,-4.89398597143386));
#4127=CARTESIAN_POINT('',(102.728511036526,31.9897253321429,-4.89398597143386));
#4128=CARTESIAN_POINT('',(102.770525547901,31.9757651584692,-4.86493169481775));
#4129=CARTESIAN_POINT('',(102.809136823185,31.9644062277841,-4.82832560637936));
#4130=CARTESIAN_POINT('',(102.840877435078,31.9567375781118,-4.78663649540839));
#4131=CARTESIAN_POINT('',(102.872673995192,31.9490554111419,-4.74487390029786));
#4132=CARTESIAN_POINT('',(102.898401891296,31.9448883271157,-4.69682551018028));
#4133=CARTESIAN_POINT('',(102.915591967854,31.944652493179,-4.6466398854946));
#4134=CARTESIAN_POINT('',(102.932206216331,31.9444245591374,-4.59813536396185));
#4135=CARTESIAN_POINT('',(102.941317867617,31.9478498540853,-4.54632938359736));
#4136=CARTESIAN_POINT('',(102.942423399504,31.9545156135475,-4.49550498723544));
#4137=CARTESIAN_POINT('',(102.943532927815,31.9612054692836,-4.44449686408583));
#4138=CARTESIAN_POINT('',(102.936659991496,31.9713081380696,-4.39316993387186));
#4139=CARTESIAN_POINT('',(102.922842977643,31.9838717751488,-4.34522143022885));
#4140=CARTESIAN_POINT('',(102.908255965971,31.9971355615683,-4.29460084102829));
#4141=CARTESIAN_POINT('',(102.885617287881,32.0134529617537,-4.24647886820757));
#4142=CARTESIAN_POINT('',(102.857111098446,32.031506004134,-4.2039037837637));
#4143=CARTESIAN_POINT('',(102.826185228443,32.0510914363817,-4.15771481382425));
#4144=CARTESIAN_POINT('',(102.787620579147,32.0731954520046,-4.11689100338069));
#4145=CARTESIAN_POINT('',(102.744569016936,32.0961939700599,-4.08385994686855));
#4146=CARTESIAN_POINT('',(102.697874426664,32.1211386253127,-4.04803379862064));
#4147=CARTESIAN_POINT('',(102.644707537129,32.1477782525392,-4.0204423974463));
#4148=CARTESIAN_POINT('',(102.589180273244,32.174155793805,-4.00291864879438));
#4149=CARTESIAN_POINT('',(102.53068937177,32.2019411745238,-3.98445961112265));
#4150=CARTESIAN_POINT('',(102.46793761627,32.2302142385353,-3.97668405612925));
#4151=CARTESIAN_POINT('',(102.406120330483,32.2566113258576,-3.98065469431417));
#4152=CARTESIAN_POINT('',(102.38163445748,32.2670672318329,-3.98222746706052));
#4153=CARTESIAN_POINT('',(102.357104086409,32.2773139271621,-3.9856224653649));
#4154=CARTESIAN_POINT('',(102.332887623698,32.2871934828566,-3.9908488286926));
#4155=CARTESIAN_POINT('',(24.7809971081987,54.0838730838777,6.51536044843466));
#4156=CARTESIAN_POINT('',(37.9396683094488,51.7358015654949,10.0302558621117));
#4157=CARTESIAN_POINT('',(51.0626514576102,48.1862756879201,12.8613223209451));
#4158=CARTESIAN_POINT('',(77.0650904746896,39.375936727402,16.1298628676548));
#4159=CARTESIAN_POINT('',(89.7911230077598,34.1970892175646,16.5669568975194));
#4160=CARTESIAN_POINT('',(102.332887623698,28.4666503139374,15.7492716427432));
#4161=CARTESIAN_POINT('',(24.7809971081987,54.0838730838776,6.51536044843464));
#4162=CARTESIAN_POINT('',(102.332887623698,28.4666503139373,15.7492716427431));
#4163=CARTESIAN_POINT('',(24.7809971081987,54.0838730838776,6.51536044843464));
#4164=CARTESIAN_POINT('',(24.7215419590832,54.0944824334179,6.49947900966704));
#4165=CARTESIAN_POINT('',(24.6643493412367,54.1060642440915,6.47256672409151));
#4166=CARTESIAN_POINT('',(24.6139483724371,54.1175730900452,6.43753842181725));
#4167=CARTESIAN_POINT('',(24.5636321434465,54.1290625860256,6.40256901308645));
#4168=CARTESIAN_POINT('',(24.5186735541209,54.1407919783161,6.35859753901119));
#4169=CARTESIAN_POINT('',(24.4823056149165,54.1518297624106,6.30917961427734));
#4170=CARTESIAN_POINT('',(24.4444207722355,54.163327931488,6.25770047234297));
#4171=CARTESIAN_POINT('',(24.4148228117047,54.174391001181,6.19887718939044));
#4172=CARTESIAN_POINT('',(24.3961549787291,54.1840549635248,6.13743053695755));
#4173=CARTESIAN_POINT('',(24.3773947921906,54.1937667354539,6.07567989544938));
#4174=CARTESIAN_POINT('',(24.3691746418196,54.2023459798283,6.00942401134257));
#4175=CARTESIAN_POINT('',(24.3730199394439,54.2088978169243,5.94460355194523));
#4176=CARTESIAN_POINT('',(24.3766881206209,54.2151478729301,5.88276875727378));
#4177=CARTESIAN_POINT('',(24.3915373481047,54.2197340067481,5.82031942543087));
#4178=CARTESIAN_POINT('',(24.4170272377613,54.222075519278,5.76356695033379));
#4179=CARTESIAN_POINT('',(24.4405158578339,54.2242331942995,5.71127024196487));
#4180=CARTESIAN_POINT('',(24.4738092391772,54.22454258221,5.66223543946219));
#4181=CARTESIAN_POINT('',(24.5141652983094,54.2229112928208,5.62149180281932));
#4182=CARTESIAN_POINT('',(24.5515982204744,54.2213981636887,5.58369937680027));
#4183=CARTESIAN_POINT('',(24.5961755581608,54.2181751655739,5.55195349898829));
#4184=CARTESIAN_POINT('',(24.6439898298449,54.2135530034011,5.52905782852094));
#4185=CARTESIAN_POINT('',(24.6903452213008,54.2090718698537,5.50686073694608));
#4186=CARTESIAN_POINT('',(24.7409600453917,54.2031643202243,5.49234888954621));
#4187=CARTESIAN_POINT('',(24.7917411685506,54.1963634013193,5.48629589177289));
#4188=CARTESIAN_POINT('',(24.8152959338723,54.1932088029407,5.48348821574735));
#4189=CARTESIAN_POINT('',(24.8390925168252,54.1898387865407,5.4824309212465));
#4190=CARTESIAN_POINT('',(24.8627526293554,54.1863127552407,5.48308489623178));
#4191=CARTESIAN_POINT('',(24.8627526293554,54.1863127552407,5.48308489623178));
#4192=CARTESIAN_POINT('',(102.728511036526,28.7568442180255,14.843770953998));
#4193=CARTESIAN_POINT('',(97.1912617551489,32.4960555489261,12.8273506540442));
#4194=CARTESIAN_POINT('',(91.2220475356867,35.4997952214238,11.1039335286386));
#4195=CARTESIAN_POINT('',(78.7247269347184,40.8161704316483,8.55325926680552));
#4196=CARTESIAN_POINT('',(72.1644237352845,43.1202057930631,7.69817851716874));
#4197=CARTESIAN_POINT('',(52.2792670894674,49.1782061818041,5.99174174803284));
#4198=CARTESIAN_POINT('',(38.6310058328048,52.1344505047849,5.86364492841954));
#4199=CARTESIAN_POINT('',(24.8627526293554,54.1863127552407,5.48308489623179));
#4200=CARTESIAN_POINT('',(102.728511036526,28.7568442180254,14.8437709539979));
#4201=CARTESIAN_POINT('',(102.728511036526,28.7568442180254,14.8437709539979));
#4202=CARTESIAN_POINT('',(102.770525547901,28.728472524968,14.8590707733348));
#4203=CARTESIAN_POINT('',(102.809136823185,28.6977664380776,14.8820091090405));
#4204=CARTESIAN_POINT('',(102.840877435078,28.6670581255589,14.9112287891141));
#4205=CARTESIAN_POINT('',(102.872673995192,28.6362956844232,14.9404999738371));
#4206=CARTESIAN_POINT('',(102.898401891296,28.6046823075215,14.976922587459));
#4207=CARTESIAN_POINT('',(102.915591967854,28.5749931437915,15.017384990993));
#4208=CARTESIAN_POINT('',(102.932206216331,28.5462984988519,15.0564919969489));
#4209=CARTESIAN_POINT('',(102.941317867617,28.5186188294367,15.1004172533291));
#4210=CARTESIAN_POINT('',(102.942423399504,28.4941377114838,15.145453088822));
#4211=CARTESIAN_POINT('',(102.943532927815,28.4695680959297,15.1906517258428));
#4212=CARTESIAN_POINT('',(102.936659991496,28.4475721140409,15.2381142843762));
#4213=CARTESIAN_POINT('',(102.922842977643,28.4295528866383,15.2842901592686));
#4214=CARTESIAN_POINT('',(102.908255965971,28.410529479467,15.333039334244));
#4215=CARTESIAN_POINT('',(102.885617287881,28.3954451475858,15.3815619552436));
#4216=CARTESIAN_POINT('',(102.857111098446,28.3850253589204,15.4266172341658));
#4217=CARTESIAN_POINT('',(102.826185228443,28.373721111102,15.4754969240344));
#4218=CARTESIAN_POINT('',(102.787620579147,28.3676080016637,15.521516494858));
#4219=CARTESIAN_POINT('',(102.744569016936,28.3667990257304,15.561757370656));
#4220=CARTESIAN_POINT('',(102.697874426664,28.3659215941622,15.6054034339126));
#4221=CARTESIAN_POINT('',(102.644707537129,28.3712556866119,15.6433837263716));
#4222=CARTESIAN_POINT('',(102.589180273244,28.3822953647433,15.673065066584));
#4223=CARTESIAN_POINT('',(102.53068937177,28.393924259825,15.704330578776));
#4224=CARTESIAN_POINT('',(102.46793761627,28.4122272925399,15.7272396249695));
#4225=CARTESIAN_POINT('',(102.406120330483,28.4359168673529,15.7395431298309));
#4226=CARTESIAN_POINT('',(102.38163445748,28.445300325604,15.7444165572824));
#4227=CARTESIAN_POINT('',(102.357104086409,28.4555856061964,15.7476928023576));
#4228=CARTESIAN_POINT('',(102.332887623698,28.4666503139373,15.7492716427431));
#4229=CARTESIAN_POINT('',(24.7809971081987,39.9251396615153,37.0607403128231));
#4230=CARTESIAN_POINT('',(37.9396683094488,35.959506211626,38.524188626105));
#4231=CARTESIAN_POINT('',(51.0626514576102,31.4238203419322,38.7282105400372));
#4232=CARTESIAN_POINT('',(77.0650904746896,22.3749064667934,36.1939280804385));
#4233=CARTESIAN_POINT('',(89.7911230077597,17.9282133954391,33.5034943885847));
#4234=CARTESIAN_POINT('',(102.332887623698,13.7728142709518,29.4737056447059));
#4235=CARTESIAN_POINT('',(24.7809971081987,39.9251396615153,37.0607403128231));
#4236=CARTESIAN_POINT('',(102.332887623698,13.7728142709517,29.4737056447058));
#4237=CARTESIAN_POINT('',(24.7809971081987,39.9251396615153,37.0607403128231));
#4238=CARTESIAN_POINT('',(24.7215419590832,39.9430576810854,37.0541279781612));
#4239=CARTESIAN_POINT('',(24.6643493412367,39.9682462073127,37.0391630992818));
#4240=CARTESIAN_POINT('',(24.6139483724371,39.9981461787646,37.0175893373804));
#4241=CARTESIAN_POINT('',(24.5636321434465,40.0279958790029,36.9960518477275));
#4242=CARTESIAN_POINT('',(24.5186735541209,40.0633309406826,36.9673725417396));
#4243=CARTESIAN_POINT('',(24.4823056149165,40.1013078229527,36.9338804475119));
#4244=CARTESIAN_POINT('',(24.4444207722355,40.1408687175702,36.8989914010432));
#4245=CARTESIAN_POINT('',(24.4148228117047,40.1843943871728,36.8579050746803));
#4246=CARTESIAN_POINT('',(24.3961549787291,40.2283301330447,36.813874023159));
#4247=CARTESIAN_POINT('',(24.3773947921906,40.2724832379789,36.7696251410789));
#4248=CARTESIAN_POINT('',(24.3691746418196,40.3183682240323,36.7210657581783));
#4249=CARTESIAN_POINT('',(24.3730199394439,40.361769281668,36.6724759781631));
#4250=CARTESIAN_POINT('',(24.3766881206209,40.4031712635788,36.6261242691764));
#4251=CARTESIAN_POINT('',(24.3915373481047,40.4435883200488,36.5782973602514));
#4252=CARTESIAN_POINT('',(24.4170272377613,40.4788409113713,36.5337599499582));
#4253=CARTESIAN_POINT('',(24.4405158578339,40.5113257410546,36.4927192736947));
#4254=CARTESIAN_POINT('',(24.4738092391772,40.5403979748922,36.4532311388052));
#4255=CARTESIAN_POINT('',(24.5141652983094,40.5630267427971,36.4193099965034));
#4256=CARTESIAN_POINT('',(24.5515982204744,40.5840164262769,36.3878458866066));
#4257=CARTESIAN_POINT('',(24.5961755581608,40.6000687248281,36.3602685011953));
#4258=CARTESIAN_POINT('',(24.6439898298449,40.6097870545217,36.3390286759307));
#4259=CARTESIAN_POINT('',(24.6903452213008,40.6192088643992,36.3184369074082));
#4260=CARTESIAN_POINT('',(24.7409600453917,40.6229594062391,36.3032242056927));
#4261=CARTESIAN_POINT('',(24.7917411685506,40.6210152100909,36.2943297477927));
#4262=CARTESIAN_POINT('',(24.8152959338723,40.6201133969532,36.2902040637695));
#4263=CARTESIAN_POINT('',(24.8390925168252,40.6180084585292,36.2873678486104));
#4264=CARTESIAN_POINT('',(24.8627526293554,40.6147714424331,36.2858243762901));
#4265=CARTESIAN_POINT('',(24.8627526293554,40.6147714424331,36.2858243762901));
#4266=CARTESIAN_POINT('',(102.728511036526,14.5398260218082,28.9117118962212));
#4267=CARTESIAN_POINT('',(97.1912617551489,18.7501336488022,29.4782468812641));
#4268=CARTESIAN_POINT('',(91.2220475356866,22.1932092603928,29.8495270196341));
#4269=CARTESIAN_POINT('',(78.7247269347184,27.9934958684455,30.9108751389196));
#4270=CARTESIAN_POINT('',(72.1644237352845,30.3601034856266,31.5733782871005));
#4271=CARTESIAN_POINT('',(52.2792670894674,36.2641471189158,33.7536452279273));
#4272=CARTESIAN_POINT('',(38.6310058328048,38.7310924371661,35.3876495391564));
#4273=CARTESIAN_POINT('',(24.8627526293554,40.6147714424331,36.2858243762901));
#4274=CARTESIAN_POINT('',(102.728511036526,14.5398260218082,28.911711896221));
#4275=CARTESIAN_POINT('',(102.728511036526,14.5398260218082,28.911711896221));
#4276=CARTESIAN_POINT('',(102.770525547901,14.5078798317966,28.9074132473136));
#4277=CARTESIAN_POINT('',(102.809136823185,14.4695552702315,28.9079221656925));
#4278=CARTESIAN_POINT('',(102.840877435078,14.4275368265114,28.9135114902209));
#4279=CARTESIAN_POINT('',(102.872673995192,14.3854443181468,28.9191106668833));
#4280=CARTESIAN_POINT('',(102.898401891296,14.3384598838469,28.9299953035649));
#4281=CARTESIAN_POINT('',(102.915591967854,14.290657641771,28.9452792230638));
#4282=CARTESIAN_POINT('',(102.932206216331,14.244456665005,28.9600511663659));
#4283=CARTESIAN_POINT('',(102.941317867617,14.196244724146,28.9793177437892));
#4284=CARTESIAN_POINT('',(102.942423399504,14.1499676837534,29.0013628599665));
#4285=CARTESIAN_POINT('',(102.943532927815,14.1035233549604,29.0234876677617));
#4286=CARTESIAN_POINT('',(102.936659991496,14.0578304398624,29.0489567704478));
#4287=CARTESIAN_POINT('',(102.922842977643,14.0161110803947,29.075722401841));
#4288=CARTESIAN_POINT('',(102.908255965971,13.9720667745902,29.1039796346742));
#4289=CARTESIAN_POINT('',(102.885617287881,13.9313424127234,29.134368911854));
#4290=CARTESIAN_POINT('',(102.857111098446,13.8964297981269,29.1646948000788));
#4291=CARTESIAN_POINT('',(102.826185228443,13.8585537086917,29.1975948297064));
#4292=CARTESIAN_POINT('',(102.787620579147,13.8265584742208,29.2312322490031));
#4293=CARTESIAN_POINT('',(102.744569016936,13.8022510056094,29.2633122972691));
#4294=CARTESIAN_POINT('',(102.697874426664,13.7758866362564,29.2981069628456));
#4295=CARTESIAN_POINT('',(102.644707537129,13.7578777519126,29.3319689657726));
#4296=CARTESIAN_POINT('',(102.589180273244,13.7493627850883,29.3624706344159));
#4297=CARTESIAN_POINT('',(102.53068937177,13.7403933518633,29.3946002581466));
#4298=CARTESIAN_POINT('',(102.46793761627,13.7417352168816,29.423892318544));
#4299=CARTESIAN_POINT('',(102.406120330483,13.7536686667858,29.4477704457754));
#4300=CARTESIAN_POINT('',(102.38163445748,13.7583955151928,29.4572285897801));
#4301=CARTESIAN_POINT('',(102.357104086409,13.7647907534459,29.4659246639714));
#4302=CARTESIAN_POINT('',(102.332887623698,13.7728142709517,29.4737056447058));
#4303=CARTESIAN_POINT('',(24.7809971081987,10.5163598940403,53.4501770259467));
#4304=CARTESIAN_POINT('',(37.9396683094488,6.44790170357872,52.3031907239383));
#4305=CARTESIAN_POINT('',(51.0626514576102,2.65853368169626,49.802238656297));
#4306=CARTESIAN_POINT('',(77.0650904746896,-3.17257756903064,42.4331429528641));
#4307=CARTESIAN_POINT('',(89.7911230077597,-5.18863058618314,37.6428357651021));
#4308=CARTESIAN_POINT('',(102.332887623698,-6.18176870279788,31.9401858648006));
#4309=CARTESIAN_POINT('',(24.7809971081987,10.5163598940403,53.4501770259466));
#4310=CARTESIAN_POINT('',(102.332887623698,-6.18176870280294,31.9401858648153));
#4311=CARTESIAN_POINT('',(24.7809971081987,10.5163598940403,53.4501770259466));
#4312=CARTESIAN_POINT('',(24.7215419590832,10.5347425091756,53.4553594824862));
#4313=CARTESIAN_POINT('',(24.6643493412367,10.5639165900644,53.4580580853975));
#4314=CARTESIAN_POINT('',(24.6139483724371,10.6007869141824,53.45817930765));
#4315=CARTESIAN_POINT('',(24.5636321434465,10.6375952477415,53.45830032609));
#4316=CARTESIAN_POINT('',(24.5186735541209,10.6830391862434,53.4558677083031));
#4317=CARTESIAN_POINT('',(24.4823056149165,10.7334492884487,53.4510942862221));
#4318=CARTESIAN_POINT('',(24.4444207722355,10.7859619914878,53.4461217651351));
#4319=CARTESIAN_POINT('',(24.4148228117047,10.8453249345948,53.4384659755596));
#4320=CARTESIAN_POINT('',(24.3961549787291,10.9067505023928,53.4286688900707));
#4321=CARTESIAN_POINT('',(24.3773947921906,10.9684799549562,53.4188233364091));
#4322=CARTESIAN_POINT('',(24.3691746418196,11.0341441775895,53.4065084885099));
#4323=CARTESIAN_POINT('',(24.3730199394439,11.0978167268956,53.3927090323368));
#4324=CARTESIAN_POINT('',(24.3766881206209,11.1585564848232,53.3795451864311));
#4325=CARTESIAN_POINT('',(24.3915373481047,11.2193665220989,53.3646089540565));
#4326=CARTESIAN_POINT('',(24.4170272377613,11.2740649005202,53.3492983855283));
#4327=CARTESIAN_POINT('',(24.4405158578339,11.3244687840452,53.3351898847816));
#4328=CARTESIAN_POINT('',(24.4738092391772,11.3711992586128,53.3203315428808));
#4329=CARTESIAN_POINT('',(24.5141652983094,11.4094446635956,53.306189618342));
#4330=CARTESIAN_POINT('',(24.5515982204744,11.4449198140111,53.2930720451224));
#4331=CARTESIAN_POINT('',(24.5961755581608,11.4741159767794,53.280196776018));
#4332=CARTESIAN_POINT('',(24.6439898298449,11.4944627267102,53.2687256872922));
#4333=CARTESIAN_POINT('',(24.6903452213008,11.514188668875,53.2576045975092));
#4334=CARTESIAN_POINT('',(24.7409600453917,11.5261647226775,53.2475017764725));
#4335=CARTESIAN_POINT('',(24.7917411685506,11.529819866134,53.2391632390522));
#4336=CARTESIAN_POINT('',(24.8152959338723,11.5315153002043,53.2352954181014));
#4337=CARTESIAN_POINT('',(24.8390925168252,11.53147945469,53.2317636200753));
#4338=CARTESIAN_POINT('',(24.8627526293554,11.5297678839244,53.2286122544151));
#4339=CARTESIAN_POINT('',(24.8627526293554,11.5297678839244,53.2286122544151));
#4340=CARTESIAN_POINT('',(102.728511036526,-5.23091152422985,31.9363615670325));
#4341=CARTESIAN_POINT('',(97.1912617551489,-2.15770201156133,34.8694547286018));
#4342=CARTESIAN_POINT('',(91.2220475356866,0.409571681330409,37.1936157372377));
#4343=CARTESIAN_POINT('',(78.7247269347184,4.47825734742611,41.4615873299706));
#4344=CARTESIAN_POINT('',(72.1644237352844,6.00347354864471,43.3886206910179));
#4345=CARTESIAN_POINT('',(52.2792670894674,9.49841642962802,48.6228034749593));
#4346=CARTESIAN_POINT('',(38.6310058328048,10.5337734799635,51.394774807905));
#4347=CARTESIAN_POINT('',(24.8627526293554,11.5297678839244,53.2286122544151));
#4348=CARTESIAN_POINT('',(102.728511036526,-5.23091152422979,31.9363615670323));
#4349=CARTESIAN_POINT('',(102.728511036526,-5.23091152422979,31.9363615670323));
#4350=CARTESIAN_POINT('',(102.770525547901,-5.25422985242218,31.9141063876576));
#4351=CARTESIAN_POINT('',(102.809136823185,-5.28553420874796,31.8919914991863));
#4352=CARTESIAN_POINT('',(102.840877435078,-5.32281316632282,31.871815536174));
#4353=CARTESIAN_POINT('',(102.872673995192,-5.36015783439276,31.8516040095996));
#4354=CARTESIAN_POINT('',(102.898401891296,-5.40456686913049,31.8327931080838));
#4355=CARTESIAN_POINT('',(102.915591967854,-5.45222335781785,31.8170606057804));
#4356=CARTESIAN_POINT('',(102.932206216331,-5.49828346359892,31.8018551061672));
#4357=CARTESIAN_POINT('',(102.941317867617,-5.54861235315727,31.7891038269047));
#4358=CARTESIAN_POINT('',(102.942423399504,-5.59900905945827,31.7797377386726));
#4359=CARTESIAN_POINT('',(102.943532927815,-5.64958794647605,31.7703377926591));
#4360=CARTESIAN_POINT('',(102.936659991496,-5.70152465426089,31.7640851079348));
#4361=CARTESIAN_POINT('',(102.922842977643,-5.75100876846582,31.7612169343668));
#4362=CARTESIAN_POINT('',(102.908255965971,-5.80325054509709,31.7581889225436));
#4363=CARTESIAN_POINT('',(102.885617287881,-5.85405961488654,31.7588371849145));
#4364=CARTESIAN_POINT('',(102.857111098446,-5.90012962327436,31.762850223879));
#4365=CARTESIAN_POINT('',(102.826185228443,-5.95011017552296,31.7672039001787));
#4366=CARTESIAN_POINT('',(102.787620579147,-5.99576644293671,31.775610817071));
#4367=CARTESIAN_POINT('',(102.744569016936,-6.03428777739722,31.7872765497282));
#4368=CARTESIAN_POINT('',(102.697874426664,-6.07606879153408,31.7999294380015));
#4369=CARTESIAN_POINT('',(102.644707537129,-6.11054187095148,31.8167390172055));
#4370=CARTESIAN_POINT('',(102.589180273244,-6.13535905481777,31.8364104135716));
#4371=CARTESIAN_POINT('',(102.53068937177,-6.16150079771729,31.8571317246216));
#4372=CARTESIAN_POINT('',(102.46793761627,-6.17763264722417,31.8816182277517));
#4373=CARTESIAN_POINT('',(102.406120330483,-6.18201349448914,31.9079503443384));
#4374=CARTESIAN_POINT('',(102.38163445748,-6.18374875135802,31.9183805153569));
#4375=CARTESIAN_POINT('',(102.357104086409,-6.18368631909075,31.9291748138922));
#4376=CARTESIAN_POINT('',(102.332887623698,-6.18176870279791,31.9401858648006));
#4377=CARTESIAN_POINT('',(104.7,0.,-31.5000000000004));
#4378=CARTESIAN_POINT('',(104.7,63.0000000000008,-31.5000000000004));
#4379=CARTESIAN_POINT('',(104.7,63.0000000000008,31.5000000000004));
#4380=CARTESIAN_POINT('',(104.7,0.,31.5000000000004));
#4381=CARTESIAN_POINT('',(104.7,-63.0000000000008,31.5000000000004));
#4382=CARTESIAN_POINT('',(104.7,-63.0000000000008,-31.5000000000004));
#4383=CARTESIAN_POINT('',(104.7,0.,-31.5000000000004));
#4384=CARTESIAN_POINT('',(78.0097162527174,0.,-43.2802154678118));
#4385=CARTESIAN_POINT('',(78.0097162527174,86.5604309356235,-43.2802154678118));
#4386=CARTESIAN_POINT('',(78.0097162527174,86.5604309356235,43.2802154678118));
#4387=CARTESIAN_POINT('',(78.0097162527174,0.,43.2802154678118));
#4388=CARTESIAN_POINT('',(78.0097162527174,-86.5604309356235,43.2802154678118));
#4389=CARTESIAN_POINT('',(78.0097162527174,-86.5604309356235,-43.2802154678118));
#4390=CARTESIAN_POINT('',(78.0097162527174,0.,-43.2802154678118));
#4391=CARTESIAN_POINT('',(49.9214169965483,0.,-51.1664165731878));
#4392=CARTESIAN_POINT('',(49.9214169965483,102.332833146376,-51.1664165731878));
#4393=CARTESIAN_POINT('',(49.9214169965483,102.332833146376,51.1664165731878));
#4394=CARTESIAN_POINT('',(49.9214169965483,0.,51.1664165731878));
#4395=CARTESIAN_POINT('',(49.9214169965483,-102.332833146376,51.1664165731878));
#4396=CARTESIAN_POINT('',(49.9214169965483,-102.332833146376,-51.1664165731878));
#4397=CARTESIAN_POINT('',(49.9214169965483,0.,-51.1664165731878));
#4398=CARTESIAN_POINT('',(21.0000000000003,0.,-55.0000000000005));
#4399=CARTESIAN_POINT('',(21.0000000000003,110.000000000001,-55.0000000000005));
#4400=CARTESIAN_POINT('',(21.0000000000003,110.000000000001,55.0000000000005));
#4401=CARTESIAN_POINT('',(21.0000000000003,0.,55.0000000000005));
#4402=CARTESIAN_POINT('',(21.0000000000003,-110.000000000001,55.0000000000005));
#4403=CARTESIAN_POINT('',(21.0000000000003,-110.000000000001,-55.0000000000005));
#4404=CARTESIAN_POINT('',(21.0000000000003,0.,-55.0000000000005));
#4405=CARTESIAN_POINT('',(150.592020567888,0.,0.));
#4406=CARTESIAN_POINT('',(150.592020567888,0.,-0.310354433445049));
#4407=CARTESIAN_POINT('',(150.592020567888,0.,0.));
#4408=CARTESIAN_POINT('',(12.,0.,0.));
#4409=CARTESIAN_POINT('',(12.,0.,-55.0000000000006));
#4410=CARTESIAN_POINT('',(12.,0.,0.));
#4411=CARTESIAN_POINT('',(0.,0.,0.));
#4412=CARTESIAN_POINT('',(114.977665215259,0.,0.));
#4413=CARTESIAN_POINT('',(114.977665215259,0.,-27.3835394410131));
#4414=CARTESIAN_POINT('',(114.977665215259,0.,0.));
#4415=CARTESIAN_POINT('',(150.592020567888,0.,0.310354433445049));
#4416=CARTESIAN_POINT('',(136.607251572559,0.,17.9750477383474));
#4417=CARTESIAN_POINT('',(114.977665215259,0.,27.3835394410131));
#4418=CARTESIAN_POINT('',(0.,0.,0.));
#4419=CARTESIAN_POINT('',(66.4765085633786,-86.8459559827324,177.381030353996));
#4420=CARTESIAN_POINT('',(72.0952921441815,-95.1599270659047,173.310500572486));
#4421=CARTESIAN_POINT('',(77.0216329051803,-103.57054390574,168.46634077582));
#4422=CARTESIAN_POINT('',(85.0070579916966,-120.17690210322,157.051831381231));
#4423=CARTESIAN_POINT('',(88.0776692044405,-128.243593635796,150.583665904266));
#4424=CARTESIAN_POINT('',(89.3790674866899,-136.038393917117,143.177530990205));
#4425=CARTESIAN_POINT('',(66.4765085633786,-86.8459559827324,177.381030353996));
#4426=CARTESIAN_POINT('',(89.37906748669,-136.038393917117,143.177530990205));
#4427=CARTESIAN_POINT('',(66.4765085633786,-86.8459559827324,177.381030353996));
#4428=CARTESIAN_POINT('',(66.4451420949997,-86.7995438176556,177.40375380327));
#4429=CARTESIAN_POINT('',(66.4043840411918,-86.7573745117621,177.424376681311));
#4430=CARTESIAN_POINT('',(66.3576788625449,-86.7228936685885,177.441228900576));
#4431=CARTESIAN_POINT('',(66.3109734730121,-86.688412669725,177.458081195934));
#4432=CARTESIAN_POINT('',(66.2570043729599,-86.6606551063916,177.471635151713));
#4433=CARTESIAN_POINT('',(66.2001938041753,-86.6420880545021,177.480699169109));
#4434=CARTESIAN_POINT('',(66.1436140997911,-86.6235964546171,177.489726352533));
#4435=CARTESIAN_POINT('',(66.0825748791236,-86.6137175329304,177.494546212355));
#4436=CARTESIAN_POINT('',(66.0223694972393,-86.6136589634391,177.494574793048));
#4437=CARTESIAN_POINT('',(65.9638689542816,-86.6136020524631,177.49460256442));
#4438=CARTESIAN_POINT('',(65.9044471384127,-86.622847757018,177.490091696251));
#4439=CARTESIAN_POINT('',(65.8495068214607,-86.6409074821593,177.481275493129));
#4440=CARTESIAN_POINT('',(65.7967350343419,-86.6582543782722,177.472807271244));
#4441=CARTESIAN_POINT('',(65.7465834248019,-86.6842475569657,177.46011533315));
#4442=CARTESIAN_POINT('',(65.7035844161268,-86.7167483275428,177.444232251988));
#4443=CARTESIAN_POINT('',(65.6619560299487,-86.7482131140661,177.428855454786));
#4444=CARTESIAN_POINT('',(65.6258648366988,-86.7866501739468,177.410060461398));
#4445=CARTESIAN_POINT('',(65.5983317801215,-86.8287910365513,177.389433301792));
#4446=CARTESIAN_POINT('',(65.5710755010472,-86.8705082759125,177.369013497795));
#4447=CARTESIAN_POINT('',(65.5514503665643,-86.916969704402,177.346252186621));
#4448=CARTESIAN_POINT('',(65.5408218875882,-86.9643704207265,177.323005493722));
#4449=CARTESIAN_POINT('',(65.5300333211149,-87.0124850926473,177.299408656189));
#4450=CARTESIAN_POINT('',(65.5282025775875,-87.062830553027,177.274692147588));
#4451=CARTESIAN_POINT('',(65.5351522716109,-87.111492484618,177.250776802536));
#4452=CARTESIAN_POINT('',(65.5409037180666,-87.1517642567329,177.23098487701));
#4453=CARTESIAN_POINT('',(65.5527135188145,-87.1916637305904,177.211358353102));
#4454=CARTESIAN_POINT('',(65.5698352981655,-87.2292325050871,177.192863842124));
#4455=CARTESIAN_POINT('',(65.5698352981699,-87.2292325050967,177.192863842119));
#4456=CARTESIAN_POINT('',(88.4292750314989,-136.25789845039,142.968650794093));
#4457=CARTESIAN_POINT('',(84.3302437364736,-129.09299655421,149.797242024087));
#4458=CARTESIAN_POINT('',(80.6835247823548,-121.279054070193,156.200524133383));
#4459=CARTESIAN_POINT('',(73.3287165279544,-104.800146193008,167.7025403911));
#4460=CARTESIAN_POINT('',(69.6208375957024,-96.1179810797014,172.817074099343));
#4461=CARTESIAN_POINT('',(65.5698352981699,-87.2292325050967,177.192863842119));
#4462=CARTESIAN_POINT('',(88.4292750314989,-136.25789845039,142.968650794093));
#4463=CARTESIAN_POINT('',(88.4292750314989,-136.25789845039,142.968650794093));
#4464=CARTESIAN_POINT('',(88.4528546788243,-136.299114495761,142.929369373351));
#4465=CARTESIAN_POINT('',(88.4859591326736,-136.338158755032,142.892122253283));
#4466=CARTESIAN_POINT('',(88.5267394301627,-136.371579697402,142.860219273369));
#4467=CARTESIAN_POINT('',(88.5676492875,-136.405106818796,142.828214937029));
#4468=CARTESIAN_POINT('',(88.6176270748322,-136.43391640341,142.800690709838));
#4469=CARTESIAN_POINT('',(88.6724867354445,-136.454521885795,142.780998234776));
#4470=CARTESIAN_POINT('',(88.7229163051426,-136.473463410378,142.76289598929));
#4471=CARTESIAN_POINT('',(88.7790612846627,-136.486006075322,142.750902568788));
#4472=CARTESIAN_POINT('',(88.8355503765977,-136.490496355453,142.746609082815));
#4473=CARTESIAN_POINT('',(88.887220468965,-136.494603576532,142.74268186768));
#4474=CARTESIAN_POINT('',(88.9406475813833,-136.492107207932,142.745069333176));
#4475=CARTESIAN_POINT('',(88.9911757494637,-136.483284427586,142.753504586958));
#4476=CARTESIAN_POINT('',(89.0403323193597,-136.474701143544,142.761710863929));
#4477=CARTESIAN_POINT('',(89.0880462696765,-136.459947889174,142.77581499077));
#4478=CARTESIAN_POINT('',(89.1308620303374,-136.440491072796,142.794406038242));
#4479=CARTESIAN_POINT('',(89.1753200313595,-136.420287971203,142.813710163515));
#4480=CARTESIAN_POINT('',(89.2156295859379,-136.394552657184,142.838291854643));
#4481=CARTESIAN_POINT('',(89.249435249875,-136.365486898904,142.866035091707));
#4482=CARTESIAN_POINT('',(89.2860787187501,-136.333981225451,142.896107225352));
#4483=CARTESIAN_POINT('',(89.3160097625899,-136.29782139452,142.930600807771));
#4484=CARTESIAN_POINT('',(89.3378162227759,-136.259763029384,142.966873712676));
#4485=CARTESIAN_POINT('',(89.3617652671513,-136.21796525626,143.006710595956));
#4486=CARTESIAN_POINT('',(89.3765383590437,-136.172840718464,143.049681345936));
#4487=CARTESIAN_POINT('',(89.3815461323078,-136.127696051284,143.092628628344));
#4488=CARTESIAN_POINT('',(89.3848372219209,-136.098027147081,143.120853419601));
#4489=CARTESIAN_POINT('',(89.3840038189622,-136.067960364771,143.149438788693));
#4490=CARTESIAN_POINT('',(89.37906748669,-136.038393917117,143.177530990205));
#4491=CARTESIAN_POINT('',(0.,0.,0.));
#4492=CARTESIAN_POINT('',(65.5698352981649,-87.2292325050851,177.19286384212));
#4493=CARTESIAN_POINT('',(63.0234673269968,-79.8131346067513,167.348046278776));
#4494=CARTESIAN_POINT('',(60.3736437066546,-73.4084722447165,156.877278125964));
#4495=CARTESIAN_POINT('',(56.0421242689574,-65.5302068611867,140.295388851673));
#4496=CARTESIAN_POINT('',(54.5493495201091,-63.2254455021951,134.668396053197));
#4497=CARTESIAN_POINT('',(52.2264884044582,-60.2631217367089,126.07662712611));
#4498=CARTESIAN_POINT('',(51.4351072646884,-59.3541743232632,123.189733342208));
#4499=CARTESIAN_POINT('',(49.8293326374364,-57.7085540129162,117.361627842018));
#4500=CARTESIAN_POINT('',(49.0514031393704,-56.9984410626608,114.401239497445));
#4501=CARTESIAN_POINT('',(47.3939573466512,-55.6134022220928,108.495584618161));
#4502=CARTESIAN_POINT('',(46.56297178534,-54.9234268799909,105.542529967741));
#4503=CARTESIAN_POINT('',(44.8585517760533,-53.2943256089691,99.74470863414));
#4504=CARTESIAN_POINT('',(43.9857256281919,-52.3785480493236,96.8908920757762));
#4505=CARTESIAN_POINT('',(41.2878316569005,-49.3205941058642,88.4730801323179));
#4506=CARTESIAN_POINT('',(39.3842196896313,-46.8756133114676,83.0494750730548));
#4507=CARTESIAN_POINT('',(35.4316545614332,-41.1887544861677,72.5517377190894));
#4508=CARTESIAN_POINT('',(33.3923330421229,-37.9558689192568,67.5272429058914));
#4509=CARTESIAN_POINT('',(29.2046474421989,-30.8665154892167,58.0903893908685));
#4510=CARTESIAN_POINT('',(26.9987528024457,-27.0075477293214,53.6628076488162));
#4511=CARTESIAN_POINT('',(24.7809971081987,-22.9093119150316,49.4234628198571));
#4512=CARTESIAN_POINT('',(102.332887623698,-23.7751261426689,22.2066006915304));
#4513=CARTESIAN_POINT('',(102.303218879402,-29.5195855463032,26.2407253908583));
#4514=CARTESIAN_POINT('',(102.163429768053,-35.2554669072888,30.2826068496628));
#4515=CARTESIAN_POINT('',(101.736784701075,-43.8276696550122,36.3815437179386));
#4516=CARTESIAN_POINT('',(101.569543576172,-46.6802560774965,38.4191511852484));
#4517=CARTESIAN_POINT('',(101.130915465662,-52.3561736687948,42.5134052474769));
#4518=CARTESIAN_POINT('',(100.907321821497,-55.2301236052876,44.5180488113587));
#4519=CARTESIAN_POINT('',(100.075234528056,-63.4936797613845,50.929155994169));
#4520=CARTESIAN_POINT('',(99.3602412128168,-68.3693850465106,55.9579105424001));
#4521=CARTESIAN_POINT('',(97.5631966464476,-76.8964422776797,67.2429599495849));
#4522=CARTESIAN_POINT('',(96.5034652225941,-80.4176214494711,73.3096593322746));
#4523=CARTESIAN_POINT('',(94.7392905363973,-84.8730605775098,82.8697461831599));
#4524=CARTESIAN_POINT('',(94.1534361680153,-86.2235194528364,86.1197215596892));
#4525=CARTESIAN_POINT('',(93.0907453588563,-88.683526435311,92.7473834252127));
#4526=CARTESIAN_POINT('',(92.5964676331002,-89.6969584947024,96.1675994405089));
#4527=CARTESIAN_POINT('',(91.3049426976447,-93.2926450566409,106.195011461903));
#4528=CARTESIAN_POINT('',(90.578888431725,-96.6532610991445,112.448114249576));
#4529=CARTESIAN_POINT('',(89.4007752240193,-105.591941122963,123.955394408635));
#4530=CARTESIAN_POINT('',(88.9898954214431,-110.926262064654,128.85296138706));
#4531=CARTESIAN_POINT('',(88.4866744764013,-122.830921984215,137.054617430534));
#4532=CARTESIAN_POINT('',(88.3964880448932,-129.423966573716,140.367287352496));
#4533=CARTESIAN_POINT('',(88.4292750314993,-136.257898450402,142.968650794097));
#4534=CARTESIAN_POINT('',(89.7000000000003,-143.962385999062,142.618799638516));
#4535=CARTESIAN_POINT('',(81.366666666667,-124.625501531621,156.667868563238));
#4536=CARTESIAN_POINT('',(73.0333333333337,-105.28861706418,170.71693748796));
#4537=CARTESIAN_POINT('',(64.7000000000004,-85.9517325967391,184.766006412682));
#4538=CARTESIAN_POINT('',(89.6999999999995,-139.753393631003,141.358253876635));
#4539=CARTESIAN_POINT('',(81.0390802644415,-120.940823995807,154.664948491791));
#4540=CARTESIAN_POINT('',(72.3781605288834,-102.128254360611,167.971643106947));
#4541=CARTESIAN_POINT('',(63.7172407933254,-83.3156847254157,181.278337722103));
#4542=CARTESIAN_POINT('',(89.7757743645031,-131.465639936052,138.387598703288));
#4543=CARTESIAN_POINT('',(80.415415201646,-113.741097853209,150.301662139861));
#4544=CARTESIAN_POINT('',(71.0550560387889,-96.0165557703665,162.215725576434));
#4545=CARTESIAN_POINT('',(61.6946968759319,-78.292013687524,174.129789013007));
#4546=CARTESIAN_POINT('',(90.1835590025144,-119.747784214793,132.273754292255));
#4547=CARTESIAN_POINT('',(79.6251807353282,-103.685885037757,142.491782879677));
#4548=CARTESIAN_POINT('',(69.0668024681419,-87.623985860722,152.709811467099));
#4549=CARTESIAN_POINT('',(58.5084242009557,-71.5620866836866,162.927840054522));
#4550=CARTESIAN_POINT('',(90.9459968216304,-109.221223267955,124.291351561725));
#4551=CARTESIAN_POINT('',(79.0267693611996,-94.7134970691645,133.289992137875));
#4552=CARTESIAN_POINT('',(67.1075419007689,-80.2057708703741,142.288632714024));
#4553=CARTESIAN_POINT('',(55.1883144403381,-65.6980446715837,151.287273290174));
#4554=CARTESIAN_POINT('',(92.1019899544049,-100.47086748294,114.402732126943));
#4555=CARTESIAN_POINT('',(78.6534288937855,-87.2299776619215,122.687994604282));
#4556=CARTESIAN_POINT('',(65.2048678331661,-73.9890878409028,130.973257081622));
#4557=CARTESIAN_POINT('',(51.7563067725468,-60.748198019884,139.258519558961));
#4558=CARTESIAN_POINT('',(93.2433209232786,-95.5821569417599,105.831550912968));
#4559=CARTESIAN_POINT('',(78.5353099525728,-82.9679822103035,113.886704611545));
#4560=CARTESIAN_POINT('',(63.8272989818671,-70.353807478847,121.941858310122));
#4561=CARTESIAN_POINT('',(49.1192880111613,-57.7396327473906,129.9970120087));
#4562=CARTESIAN_POINT('',(94.0915267222842,-93.0387527575186,99.8073557236069));
#4563=CARTESIAN_POINT('',(78.5087493767427,-80.7009051462814,107.786570683661));
#4564=CARTESIAN_POINT('',(62.9259720312012,-68.3630575350443,115.765785643715));
#4565=CARTESIAN_POINT('',(47.3431946856597,-56.0252099238072,123.745000603769));
#4566=CARTESIAN_POINT('',(94.5309194588307,-91.9245016915429,96.7371847465541));
#4567=CARTESIAN_POINT('',(78.5046729761802,-79.6923584812898,104.692800556399));
#4568=CARTESIAN_POINT('',(62.4784264935296,-67.4602152710367,112.648416366243));
#4569=CARTESIAN_POINT('',(46.4521800108791,-55.2280720607836,120.604032176087));
#4570=CARTESIAN_POINT('',(94.9876296632801,-90.8865104949573,93.6426873636672));
#4571=CARTESIAN_POINT('',(78.5113682673938,-78.7552816045317,101.578015877641));
#4572=CARTESIAN_POINT('',(62.0351068715075,-66.624052714106,109.513344391615));
#4573=CARTESIAN_POINT('',(45.5588454756212,-54.4928238236804,117.448672905589));
#4574=CARTESIAN_POINT('',(95.4674576499966,-89.7973127310103,90.56992780564));
#4575=CARTESIAN_POINT('',(78.532740359412,-77.8036757997859,98.4735418779235));
#4576=CARTESIAN_POINT('',(61.5980230688274,-65.8100388685615,106.377155950207));
#4577=CARTESIAN_POINT('',(44.6633057782429,-53.8164019373371,114.28077002249));
#4578=CARTESIAN_POINT('',(95.9715573467519,-88.6259897415561,87.5311864679562));
#4579=CARTESIAN_POINT('',(78.5695967702017,-76.8159075365685,95.3881812309725));
#4580=CARTESIAN_POINT('',(61.1676361936514,-65.0058253315809,103.245175993989));
#4581=CARTESIAN_POINT('',(43.7656756171012,-53.1957431265932,111.102170757005));
#4582=CARTESIAN_POINT('',(96.6766482511697,-86.9650772191561,83.5243712636535));
#4583=CARTESIAN_POINT('',(78.6351518345287,-75.419328532995,91.3084629363284));
#4584=CARTESIAN_POINT('',(60.5936554178878,-63.8735798468339,99.0925546090032));
#4585=CARTESIAN_POINT('',(42.5521590012468,-52.3278311606728,106.876646281678));
#4586=CARTESIAN_POINT('',(97.6209250143852,-84.7224426181954,78.5989563797005));
#4587=CARTESIAN_POINT('',(78.7439798186683,-73.498682213221,86.2825109871496));
#4588=CARTESIAN_POINT('',(59.8670346229515,-62.2749218082467,93.9660655945986));
#4589=CARTESIAN_POINT('',(40.9900894272346,-51.0511614032723,101.649620202048));
#4590=CARTESIAN_POINT('',(98.7112116190057,-81.7004243638821,72.841383621243));
#4591=CARTESIAN_POINT('',(78.8216473089573,-70.8618031743037,80.3912293562252));
#4592=CARTESIAN_POINT('',(58.9320829989089,-60.0231819847252,87.9410750912073));
#4593=CARTESIAN_POINT('',(39.0425186888605,-49.1845607951467,95.4909208261895));
#4594=CARTESIAN_POINT('',(99.6988159166314,-78.3289556868582,67.2612843435928));
#4595=CARTESIAN_POINT('',(78.8078868567478,-67.8840201855228,74.6615219451634));
#4596=CARTESIAN_POINT('',(57.9169577968641,-57.4390846841875,82.0617595467341));
#4597=CARTESIAN_POINT('',(37.0260287369805,-46.9941491828522,89.4619971483047));
#4598=CARTESIAN_POINT('',(100.606670736558,-74.5835055734973,61.9086386773235));
#4599=CARTESIAN_POINT('',(78.7193763602546,-64.5525745361531,69.1320567671051));
#4600=CARTESIAN_POINT('',(56.8320819839514,-54.521643498809,76.3554748568867));
#4601=CARTESIAN_POINT('',(34.9447876076483,-44.4907124614648,83.5788929466684));
#4602=CARTESIAN_POINT('',(101.425162090905,-70.4559197451528,56.8315921959934));
#4603=CARTESIAN_POINT('',(78.551281716174,-60.8651620929475,63.8399872651118));
#4604=CARTESIAN_POINT('',(55.6774013414432,-51.2744044407422,70.8483823342301));
#4605=CARTESIAN_POINT('',(32.8035209667124,-41.6836467885369,77.8567774033485));
#4606=CARTESIAN_POINT('',(102.147522544406,-65.9400585961037,52.0763688575905));
#4607=CARTESIAN_POINT('',(78.3006665229441,-56.8208218379428,58.821185805198));
#4608=CARTESIAN_POINT('',(54.4538105014827,-47.7015850797818,65.5660027528056));
#4609=CARTESIAN_POINT('',(30.6069544800212,-38.5823483216208,72.3108197004131));
#4610=CARTESIAN_POINT('',(102.668097333126,-61.8539331556373,48.4374835340191));
#4611=CARTESIAN_POINT('',(78.0236819333695,-53.15787136744,54.9062981293328));
#4612=CARTESIAN_POINT('',(53.3792665336134,-44.4618095792428,61.3751127246464));
#4613=CARTESIAN_POINT('',(28.7348511338574,-35.7657477910455,67.8439273199601));
#4614=CARTESIAN_POINT('',(103.034844914229,-58.3873048804117,45.7624840644304));
#4615=CARTESIAN_POINT('',(77.7615168931852,-50.0518571182094,51.9643298235526));
#4616=CARTESIAN_POINT('',(52.4881888721418,-41.7164093560072,58.1661755826749));
#4617=CARTESIAN_POINT('',(27.2148608510983,-33.380961593805,64.3680213417971));
#4618=CARTESIAN_POINT('',(103.286524341775,-55.7212497458273,43.8405367098138));
#4619=CARTESIAN_POINT('',(77.5457870859336,-47.6570804081622,49.830369298955));
#4620=CARTESIAN_POINT('',(51.8050498300919,-39.5929110704971,55.8202018880962));
#4621=CARTESIAN_POINT('',(26.0643125742501,-31.5287417328321,61.8100344772374));
#4622=CARTESIAN_POINT('',(103.516417210148,-53.0267920644761,41.9596649158242));
#4623=CARTESIAN_POINT('',(77.3122137970182,-45.2228661537055,47.7401529064504));
#4624=CARTESIAN_POINT('',(51.1080103838881,-37.4189402429349,53.5206408970767));
#4625=CARTESIAN_POINT('',(24.903806970758,-29.6150143321643,59.3011288877029));
#4626=CARTESIAN_POINT('',(103.795393308492,-49.4518472208202,39.4462093656382));
#4627=CARTESIAN_POINT('',(76.9761434374677,-41.9598996733931,44.9691239167398));
#4628=CARTESIAN_POINT('',(50.1568935664433,-34.4679521259659,50.4920384678413));
#4629=CARTESIAN_POINT('',(23.3376436954188,-26.9760045785387,56.0149530189428));
#4630=CARTESIAN_POINT('',(104.033551568358,-45.8704252539697,36.9341252439816));
#4631=CARTESIAN_POINT('',(76.607676136848,-38.6559777341898,42.2330209532592));
#4632=CARTESIAN_POINT('',(49.1818007053384,-31.4415302144099,47.5319166625369));
#4633=CARTESIAN_POINT('',(21.7559252738288,-24.22708269463,52.8308123718146));
#4634=CARTESIAN_POINT('',(104.231410114287,-42.2834448266277,34.4252241000362));
#4635=CARTESIAN_POINT('',(76.2097049237769,-35.3134721182284,39.5319978150492));
#4636=CARTESIAN_POINT('',(48.1879997332671,-28.343499409829,44.6387715300622));
#4637=CARTESIAN_POINT('',(20.1662945427572,-21.3735267014296,49.7455452450752));
#4638=CARTESIAN_POINT('',(104.359783697901,-39.5906599415514,32.5455926182284));
#4639=CARTESIAN_POINT('',(75.8972831153167,-32.7928909886095,37.5189450686814));
#4640=CARTESIAN_POINT('',(47.4347825327327,-25.9951220356677,42.4922975191343));
#4641=CARTESIAN_POINT('',(18.9722819501486,-19.1973530827258,47.4656499695873));
#4642=CARTESIAN_POINT('',(104.468266486818,-36.8955551575811,30.6684583998672));
#4643=CARTESIAN_POINT('',(75.5719109523786,-30.265975690488,35.5120165320582));
#4644=CARTESIAN_POINT('',(46.6755554179395,-23.6363962233948,40.3555746642492));
#4645=CARTESIAN_POINT('',(17.7791998835004,-17.0068167563017,45.1991327964403));
#4646=CARTESIAN_POINT('',(104.585721790595,-33.2994781949814,28.1683491965085));
#4647=CARTESIAN_POINT('',(75.120515628069,-26.8910924468276,32.8415053488961));
#4648=CARTESIAN_POINT('',(45.655309465543,-20.4827066986738,37.5146615012838));
#4649=CARTESIAN_POINT('',(16.190103303017,-14.07432095052,42.1878176536715));
#4650=CARTESIAN_POINT('',(104.680311351641,-28.8004170490698,25.0472311129038));
#4651=CARTESIAN_POINT('',(74.5223144908826,-22.6626435693564,29.5126943223378));
#4652=CARTESIAN_POINT('',(44.3643176301242,-16.5248700896429,33.9781575317718));
#4653=CARTESIAN_POINT('',(14.2063207693657,-10.3870966099295,38.4436207412058));
#4654=CARTESIAN_POINT('',(104.701924711876,-24.2985157190396,21.9285046060601));
#4655=CARTESIAN_POINT('',(73.8763213437203,-18.4190500501307,26.1981727817351));
#4656=CARTESIAN_POINT('',(43.0507179755647,-12.5395843812217,30.4678409574101));
#4657=CARTESIAN_POINT('',(12.2251146074091,-6.66011871231274,34.7375091330851));
#4658=CARTESIAN_POINT('',(104.701880230629,-20.6950046834173,19.4363885130699));
#4659=CARTESIAN_POINT('',(73.3485421711817,-15.0150929907394,23.5560235235282));
#4660=CARTESIAN_POINT('',(41.9952041117348,-9.33518129806152,27.6756585339865));
#4661=CARTESIAN_POINT('',(10.6418660522879,-3.65526960538362,31.7952935444448));
#4662=CARTESIAN_POINT('',(104.698588207569,-15.2881158687201,15.7005583424726));
#4663=CARTESIAN_POINT('',(72.5553237616339,-9.90041785542815,19.6018906006367));
#4664=CARTESIAN_POINT('',(40.412059315699,-4.51271984213617,23.5032228588007));
#4665=CARTESIAN_POINT('',(8.2687948697641,0.874978171155817,27.4045551169648));
#4666=CARTESIAN_POINT('',(104.699780636095,-7.17243919661607,10.1045506827487));
#4667=CARTESIAN_POINT('',(71.3719417800625,-2.19649104810272,13.7039698801289));
#4668=CARTESIAN_POINT('',(38.0441029240297,2.77945710041064,17.3033890775091));
#4669=CARTESIAN_POINT('',(4.71626406799682,7.75540524892399,20.9028082748893));
#4670=CARTESIAN_POINT('',(104.7,0.0476767633901583,5.13929183539552));
#4671=CARTESIAN_POINT('',(70.3233128984329,4.69628457549707,8.50928400708625));
#4672=CARTESIAN_POINT('',(35.9466257968654,9.34489238760398,11.879276178777));
#4673=CARTESIAN_POINT('',(1.56993869529786,13.9935001997109,15.2492683504677));
#4674=CARTESIAN_POINT('',(104.7,3.65887955161815,2.65833159909978));
#4675=CARTESIAN_POINT('',(69.8000000000003,8.15371491300242,5.92402064552779));
#4676=CARTESIAN_POINT('',(34.9000000000002,12.6485502743867,9.1897096919558));
#4677=CARTESIAN_POINT('',(0.,17.143385635771,12.4553987383838));
#4678=CARTESIAN_POINT('',(24.8627526293554,-21.9592151238463,49.8398794253426));
#4679=CARTESIAN_POINT('',(27.1150076044414,-26.0673079367614,54.0681369806758));
#4680=CARTESIAN_POINT('',(29.373160908026,-29.9394459369332,58.4752287209532));
#4681=CARTESIAN_POINT('',(33.6600050428522,-37.0572824267975,67.8777074926916));
#4682=CARTESIAN_POINT('',(35.7454948779056,-40.3056157970084,72.8881561207288));
#4683=CARTESIAN_POINT('',(39.7824680199525,-46.0208923381952,83.3680367287826));
#4684=CARTESIAN_POINT('',(41.7246045492559,-48.4786532483035,88.7862921148524));
#4685=CARTESIAN_POINT('',(44.4763010970023,-51.5528273559615,97.2016279128927));
#4686=CARTESIAN_POINT('',(45.3666768603342,-52.4735099642875,100.055462475021));
#4687=CARTESIAN_POINT('',(47.1051340980936,-54.1119455156124,105.854804248056));
#4688=CARTESIAN_POINT('',(47.9553497426839,-54.806505761775,108.808554918189));
#4689=CARTESIAN_POINT('',(49.6408013826459,-56.2118345469477,114.714496531059));
#4690=CARTESIAN_POINT('',(50.4332680165254,-56.9364549728396,117.673467320093));
#4691=CARTESIAN_POINT('',(52.0677938854723,-58.6109827653089,123.497587878433));
#4692=CARTESIAN_POINT('',(52.8733603506332,-59.5345196672808,126.382155017995));
#4693=CARTESIAN_POINT('',(55.2425460694342,-62.544579982618,134.963686550832));
#4694=CARTESIAN_POINT('',(56.7692089066826,-64.885663735425,140.580200566059));
#4695=CARTESIAN_POINT('',(61.1974657730259,-72.880119080179,157.125757322223));
#4696=CARTESIAN_POINT('',(63.8982397082277,-79.3648416896263,167.562163005309));
#4697=CARTESIAN_POINT('',(66.4765085633787,-86.8459559827326,177.381030353996));
#4698=CARTESIAN_POINT('',(89.37906748669,-136.038393917117,143.177530990205));
#4699=CARTESIAN_POINT('',(89.3361062797499,-129.189625931939,140.603512342378));
#4700=CARTESIAN_POINT('',(89.4134160303628,-122.578683810701,137.316256914374));
#4701=CARTESIAN_POINT('',(89.8844809920891,-110.631845111485,129.162251113487));
#4702=CARTESIAN_POINT('',(90.2762561333704,-105.270391080552,124.285511911428));
#4703=CARTESIAN_POINT('',(91.4042419718437,-96.2587998851005,112.821531310286));
#4704=CARTESIAN_POINT('',(92.0998156629572,-92.8490319203686,106.588039472292));
#4705=CARTESIAN_POINT('',(93.3420117296232,-89.179268003052,96.5800870070598));
#4706=CARTESIAN_POINT('',(93.8282239168565,-88.1604443940485,93.1569650168955));
#4707=CARTESIAN_POINT('',(94.8718492660849,-85.6829177273366,86.5286713131064));
#4708=CARTESIAN_POINT('',(95.4472263146814,-84.3218720309883,83.2796544064738));
#4709=CARTESIAN_POINT('',(97.1807938144164,-79.8353058503352,73.7247115551653));
#4710=CARTESIAN_POINT('',(98.2200976344243,-76.293819529097,67.6634777605623));
#4711=CARTESIAN_POINT('',(99.9689290481234,-67.7153400251304,56.4013712531004));
#4712=CARTESIAN_POINT('',(100.655323244518,-62.8098240009498,51.4013249952218));
#4713=CARTESIAN_POINT('',(101.433199217956,-54.5012522619683,45.033919519867));
#4714=CARTESIAN_POINT('',(101.642996754615,-51.6222816364311,43.0337084559642));
#4715=CARTESIAN_POINT('',(102.050254098446,-45.9343571240877,38.9497627602511));
#4716=CARTESIAN_POINT('',(102.20513768588,-43.0773123733559,36.9162281827728));
#4717=CARTESIAN_POINT('',(102.5973257429,-34.4939301504584,30.828374763545));
#4718=CARTESIAN_POINT('',(102.715639456182,-28.7526598954534,26.7917369639666));
#4719=CARTESIAN_POINT('',(102.728511036526,-23.0036186601555,22.7624065962431));
#4720=CARTESIAN_POINT('',(104.7,3.65887955161815,2.65833159909978));
#4721=CARTESIAN_POINT('',(75.2918446225788,16.3836201782494,17.562010445489));
#4722=CARTESIAN_POINT('',(35.1694414288253,18.0777514852345,15.7894083241085));
#4723=CARTESIAN_POINT('',(0.,17.143385635771,12.4553987383838));
#4724=CARTESIAN_POINT('',(104.700113518115,0.0412075415205521,5.14442068401395));
#4725=CARTESIAN_POINT('',(75.8051342856142,12.7675168197078,19.9064462515822));
#4726=CARTESIAN_POINT('',(36.2835334799701,14.7022299973046,18.2715693800162));
#4727=CARTESIAN_POINT('',(1.5671969131063,14.0028217560816,15.2476870020514));
#4728=CARTESIAN_POINT('',(104.696920609184,-7.1924128445256,10.118995423277));
#4729=CARTESIAN_POINT('',(76.8418963869196,5.55093967387065,24.6192727878775));
#4730=CARTESIAN_POINT('',(38.5119138698044,8.06345688328545,23.3084420730962));
#4731=CARTESIAN_POINT('',(4.70723439698571,7.77019938879053,20.8838600375906));
#4732=CARTESIAN_POINT('',(104.697780913444,-18.0341575523192,17.5936658238481));
#4733=CARTESIAN_POINT('',(78.4447769666079,-5.16654143678856,31.7393901653835));
#4734=CARTESIAN_POINT('',(41.8811012622953,-1.81530333117367,31.0129081036219));
#4735=CARTESIAN_POINT('',(9.43520241313899,-1.38388948410363,29.5391478442484));
#4736=CARTESIAN_POINT('',(104.716463809324,-27.0587774420604,23.8379135535314));
#4737=CARTESIAN_POINT('',(79.8272029361064,-14.0898791906061,37.7947138350578));
#4738=CARTESIAN_POINT('',(44.7085564093894,-9.92780486699528,37.5607771757777));
#4739=CARTESIAN_POINT('',(13.387252233725,-8.86175898289083,36.9010729542675));
#4740=CARTESIAN_POINT('',(104.564327288057,-34.2704998666388,28.8422257834919));
#4741=CARTESIAN_POINT('',(80.8333234534873,-21.2984749426342,42.7465484848122));
#4742=CARTESIAN_POINT('',(46.9231065581887,-16.3836240159972,42.8537337812462));
#4743=CARTESIAN_POINT('',(16.5555394907111,-14.7572196062265,42.8736475754454));
#4744=CARTESIAN_POINT('',(104.365876178015,-39.6731197164979,32.6009109642725));
#4745=CARTESIAN_POINT('',(81.5341149875292,-26.6696421026,46.4448894193201));
#4746=CARTESIAN_POINT('',(48.5574185499164,-21.2368236430114,46.8825907255841));
#4747=CARTESIAN_POINT('',(18.9358790734695,-19.1394322353246,47.3893159580264));
#4748=CARTESIAN_POINT('',(104.08771569974,-45.0650467141986,36.3698542354415));
#4749=CARTESIAN_POINT('',(82.1948106168574,-32.0043439506678,50.1570305822499));
#4750=CARTESIAN_POINT('',(50.1799168675202,-25.8928091170305,50.8388109810478));
#4751=CARTESIAN_POINT('',(21.3198685701534,-23.4657327743653,51.957735727681));
#4752=CARTESIAN_POINT('',(103.78851902801,-49.5482393042352,39.5193798834697));
#4753=CARTESIAN_POINT('',(82.7182950976688,-36.4063787335405,53.3078388998389));
#4754=CARTESIAN_POINT('',(51.5150311407023,-29.6162524043312,54.1710222864488));
#4755=CARTESIAN_POINT('',(23.2944153558539,-26.9019541920876,55.9251706751827));
#4756=CARTESIAN_POINT('',(103.507720201749,-53.1388415909408,42.028567521958));
#4757=CARTESIAN_POINT('',(83.1240401546827,-39.9146437295063,55.8708369003636));
#4758=CARTESIAN_POINT('',(52.5671727638636,-32.5232590016395,56.9193097745678));
#4759=CARTESIAN_POINT('',(24.8564170670519,-29.5375138132881,59.2014222907611));
#4760=CARTESIAN_POINT('',(103.277127530782,-55.8255166904754,43.9172256260014));
#4761=CARTESIAN_POINT('',(83.4229103745255,-42.4898993483433,57.7860177201611));
#4762=CARTESIAN_POINT('',(53.3454224735258,-34.6709278915465,59.0091738326771));
#4763=CARTESIAN_POINT('',(26.0185069287692,-31.4551010973746,61.7093132873591));
#4764=CARTESIAN_POINT('',(103.024689499791,-58.4868290208636,45.8401858882655));
#4765=CARTESIAN_POINT('',(83.731118150199,-44.8912974921822,59.6396787357625));
#4766=CARTESIAN_POINT('',(54.1104725906838,-36.7726497895254,61.1453830041655));
#4767=CARTESIAN_POINT('',(27.1705918058053,-33.3112322743217,64.2674570249968));
#4768=CARTESIAN_POINT('',(102.656857833877,-61.9473313541718,48.5159157768206));
#4769=CARTESIAN_POINT('',(84.1256910120012,-47.8694296533776,62.0811741474789));
#4770=CARTESIAN_POINT('',(55.1048958056931,-39.5011565040993,64.0737238382723));
#4771=CARTESIAN_POINT('',(28.6925735782781,-35.7009674669651,67.7447196047343));
#4772=CARTESIAN_POINT('',(102.13522201744,-66.0236774227001,52.1585404633204));
#4773=CARTESIAN_POINT('',(84.5331272109916,-51.4243441674311,65.3868291612103));
#4774=CARTESIAN_POINT('',(56.2870059286762,-42.7537794848136,67.9133374912814));
#4775=CARTESIAN_POINT('',(30.5670705171656,-38.5226278132944,72.2146819626337));
#4776=CARTESIAN_POINT('',(101.412009005688,-70.5283614592246,56.9154776084939));
#4777=CARTESIAN_POINT('',(84.8731727135576,-55.4858132661753,69.7569534441176));
#4778=CARTESIAN_POINT('',(57.6177319645644,-46.3677230994548,72.7933348610314));
#4779=CARTESIAN_POINT('',(32.7665127126409,-41.6303647741264,77.7642577997801));
#4780=CARTESIAN_POINT('',(100.592736362849,-74.6458988676853,61.992584396128));
#4781=CARTESIAN_POINT('',(85.0906447574378,-59.2756619304229,74.4617497062991));
#4782=CARTESIAN_POINT('',(58.8594367772223,-49.6896233080723,77.9138136536761));
#4783=CARTESIAN_POINT('',(34.9108150884623,-44.4464046565915,83.4876610390966));
#4784=CARTESIAN_POINT('',(99.6850229854541,-78.3819095004376,67.3435223147502));
#4785=CARTESIAN_POINT('',(85.1896872152619,-62.7716473308995,79.4466971572992));
#4786=CARTESIAN_POINT('',(60.0106709083976,-52.7216261180761,83.2512859957374));
#4787=CARTESIAN_POINT('',(36.9951288503322,-46.9591409674551,89.3718854646047));
#4788=CARTESIAN_POINT('',(98.6960031858766,-81.7453195462172,72.9208211334961));
#4789=CARTESIAN_POINT('',(85.1842953813017,-65.9920770305535,84.7168257040906));
#4790=CARTESIAN_POINT('',(61.0735675971564,-55.451295441882,88.785960848435));
#4791=CARTESIAN_POINT('',(39.0146052039529,-49.1569672134827,95.4039248603259));
#4792=CARTESIAN_POINT('',(97.6056339576652,-84.7593222382456,78.6756173556508));
#4793=CARTESIAN_POINT('',(85.0637832408865,-68.9243367967214,90.2086553882898));
#4794=CARTESIAN_POINT('',(62.0480253146388,-57.8613279419449,94.4948207414998));
#4795=CARTESIAN_POINT('',(40.9649015857153,-51.0288317133083,101.567309229504));
#4796=CARTESIAN_POINT('',(96.663709835589,-86.997518770121,83.5978635423731));
#4797=CARTESIAN_POINT('',(84.9419129050032,-71.0369582299873,94.8673184767815));
#4798=CARTESIAN_POINT('',(62.7924446792706,-59.6155208031253,99.3709319356363));
#4799=CARTESIAN_POINT('',(42.5288797909607,-52.3078742735231,106.799192017735));
#4800=CARTESIAN_POINT('',(95.9597426181231,-88.6544462884354,87.6018034467535));
#4801=CARTESIAN_POINT('',(84.8860289496738,-72.5531213699755,98.641326006801));
#4802=CARTESIAN_POINT('',(63.3914719664215,-60.8838278331302,103.387002350278));
#4803=CARTESIAN_POINT('',(43.7441536728123,-53.17882953539,111.02765721684));
#4804=CARTESIAN_POINT('',(95.4564059207289,-89.8225057343674,90.6385270021534));
#4805=CARTESIAN_POINT('',(84.8353601009095,-73.6355253239193,101.496180777071));
#4806=CARTESIAN_POINT('',(63.8590969524103,-61.8107335057555,106.496819704729));
#4807=CARTESIAN_POINT('',(44.6438288565431,-53.8081840535126,114.207433901584));
#4808=CARTESIAN_POINT('',(94.9775606146479,-90.9081076482846,93.7097163342813));
#4809=CARTESIAN_POINT('',(84.7874604278823,-74.6757997957276,104.383699493595));
#4810=CARTESIAN_POINT('',(64.3447557491109,-62.7480715846303,109.680894996614));
#4811=CARTESIAN_POINT('',(45.5396915919327,-54.4795550863425,117.379622651821));
#4812=CARTESIAN_POINT('',(94.5217544144641,-91.9464719436005,96.8004589419333));
#4813=CARTESIAN_POINT('',(84.7671627573168,-75.7586728866478,107.397863135558));
#4814=CARTESIAN_POINT('',(64.8286584209406,-63.7066234335738,112.86120070514));
#4815=CARTESIAN_POINT('',(46.4335570285409,-55.2111883614183,120.538972823087));
#4816=CARTESIAN_POINT('',(94.0830122967625,-93.062645673906,99.8671547655355));
#4817=CARTESIAN_POINT('',(84.8199672763473,-76.9825692349321,110.551261951828));
#4818=CARTESIAN_POINT('',(65.3120195701588,-64.7351859326869,116.013610812511));
#4819=CARTESIAN_POINT('',(47.3254466501252,-56.007728628169,123.683197791994));
#4820=CARTESIAN_POINT('',(93.2364484333066,-95.6080999912968,105.882347030816));
#4821=CARTESIAN_POINT('',(84.9495813492963,-79.6851906053464,116.748681174691));
#4822=CARTESIAN_POINT('',(66.2997006045331,-66.962488674954,122.249769450963));
#4823=CARTESIAN_POINT('',(49.1035800740974,-57.7234528821626,129.941158551935));
#4824=CARTESIAN_POINT('',(92.0970475966519,-100.50123041099,114.442729570053));
#4825=CARTESIAN_POINT('',(85.2315447630771,-84.5557041483776,125.547315732985));
#4826=CARTESIAN_POINT('',(67.8349538994909,-70.9314873024304,131.342523536708));
#4827=CARTESIAN_POINT('',(51.7432551787626,-60.7300647292819,139.212869875478));
#4828=CARTESIAN_POINT('',(90.9436234385016,-109.247798044233,124.314247193115));
#4829=CARTESIAN_POINT('',(85.782063781331,-92.7276847021318,135.869711711018));
#4830=CARTESIAN_POINT('',(70.0146288649634,-77.5292877167592,142.690144074558));
#4831=CARTESIAN_POINT('',(55.1781632293823,-65.6851246599381,151.251855178763));
#4832=CARTESIAN_POINT('',(90.1824378383829,-119.772528287016,132.28830982254));
#4833=CARTESIAN_POINT('',(86.4788359056546,-102.223322243544,144.600809922673));
#4834=CARTESIAN_POINT('',(72.3033535750797,-85.2559338067789,153.117967673143));
#4835=CARTESIAN_POINT('',(58.5025590851565,-71.5498272115296,162.907223325265));
#4836=CARTESIAN_POINT('',(89.8433788001182,-129.526370237586,137.375038533113));
#4837=CARTESIAN_POINT('',(87.1948498684101,-110.889924599179,150.657690116255));
#4838=CARTESIAN_POINT('',(74.2513631380812,-92.457871176075,161.029403443297));
#4839=CARTESIAN_POINT('',(61.160632284988,-77.1621542201192,172.252089810923));
#4840=CARTESIAN_POINT('',(89.7346042743447,-136.668015595479,140.211614485088));
#4841=CARTESIAN_POINT('',(87.771586120752,-117.216924951181,154.347007866579));
#4842=CARTESIAN_POINT('',(75.6151611527569,-97.8204473308383,166.185708951811));
#4843=CARTESIAN_POINT('',(62.9539349314482,-81.4449793311393,178.581800446923));
#4844=CARTESIAN_POINT('',(89.7043400376711,-140.816258303003,141.648588146479));
#4845=CARTESIAN_POINT('',(88.1227483481617,-120.892487676535,156.315057365665));
#4846=CARTESIAN_POINT('',(76.3902887750313,-100.966729184486,169.028984873776));
#4847=CARTESIAN_POINT('',(63.958635221971,-83.9886948684067,182.136830764551));
#4848=CARTESIAN_POINT('',(89.7012198722034,-142.913317125849,142.296751709013));
#4849=CARTESIAN_POINT('',(88.2999817290009,-122.750725049527,157.243152481837));
#4850=CARTESIAN_POINT('',(76.7758788009352,-102.573299845766,170.414918800651));
#4851=CARTESIAN_POINT('',(64.4529876675292,-85.2969263495533,183.889952034578));
#4852=CARTESIAN_POINT('',(89.7000000000003,-143.962385999062,142.618799638516));
#4853=CARTESIAN_POINT('',(88.4076356426226,-123.683509924655,157.712933019727));
#4854=CARTESIAN_POINT('',(76.9731230191069,-103.360411806247,171.089595240832));
#4855=CARTESIAN_POINT('',(64.7000000000004,-85.9517325967391,184.766006412682));
#4856=CARTESIAN_POINT('',(66.6613709514,-87.3846780429484,178.083924833989));
#4857=CARTESIAN_POINT('',(63.7255493921728,-83.4913904660213,181.838812770504));
#4858=CARTESIAN_POINT('',(65.7733547322898,-87.8247916748216,177.978236770395));
#4859=CARTESIAN_POINT('',(64.0676312511275,-79.7937902888542,168.240780869215));
#4860=CARTESIAN_POINT('',(60.8864230563317,-76.2474406645438,171.8757566308));
#4861=CARTESIAN_POINT('',(63.2129124706468,-80.2970801227894,168.120214206428));
#4862=CARTESIAN_POINT('',(61.342311864828,-73.1781324238077,157.675570522281));
#4863=CARTESIAN_POINT('',(57.7672078190819,-69.8661401092597,160.850531408932));
#4864=CARTESIAN_POINT('',(60.5430116595988,-73.7670423311443,157.537711782655));
#4865=CARTESIAN_POINT('',(56.8387720456138,-64.9938383659353,140.836005654108));
#4866=CARTESIAN_POINT('',(52.7269079649846,-62.1547900257942,143.259975042409));
#4867=CARTESIAN_POINT('',(56.1510159398406,-65.7046345556983,140.706606653107));
#4868=CARTESIAN_POINT('',(55.2844270659929,-62.5998995317331,135.115922396365));
#4869=CARTESIAN_POINT('',(51.0355066563503,-59.9440491116096,137.369710706452));
#4870=CARTESIAN_POINT('',(54.6369105015097,-63.348682620457,134.995727453962));
#4871=CARTESIAN_POINT('',(52.870786738294,-59.5302070908508,126.372567651493));
#4872=CARTESIAN_POINT('',(48.4676048294074,-57.1355967416229,128.383237107955));
#4873=CARTESIAN_POINT('',(52.2802047392899,-60.326191589431,126.273686786331));
#4874=CARTESIAN_POINT('',(52.0495636588751,-58.5897094067937,123.433169266503));
#4875=CARTESIAN_POINT('',(47.6121371546883,-56.2861913263229,125.401219319152));
#4876=CARTESIAN_POINT('',(51.4774336120288,-59.3999489062222,123.342836139917));
#4877=CARTESIAN_POINT('',(50.8001352079002,-57.3136800799737,118.980397762854));
#4878=CARTESIAN_POINT('',(46.3119583364497,-55.126504056412,120.827540464494));
#4879=CARTESIAN_POINT('',(50.2544364521247,-58.143072046746,118.904773179448));
#4880=CARTESIAN_POINT('',(50.3845976681735,-56.9137727169966,117.486800253932));
#4881=CARTESIAN_POINT('',(45.877883780837,-54.7612114348106,119.286114859885));
#4882=CARTESIAN_POINT('',(49.8474791656932,-57.7491425576,117.416205995596));
#4883=CARTESIAN_POINT('',(49.5588106770612,-56.1565508280807,114.484969128887));
#4884=CARTESIAN_POINT('',(45.0193839895831,-54.082491041161,116.218336443671));
#4885=CARTESIAN_POINT('',(49.0386734027661,-57.0031204775495,114.421598584303));
#4886=CARTESIAN_POINT('',(49.1463168613388,-55.7981927414182,112.977072234665));
#4887=CARTESIAN_POINT('',(44.6018835507959,-53.7763373575409,114.72766419056));
#4888=CARTESIAN_POINT('',(48.6351442910891,-56.6504471359851,112.917532477836));
#4889=CARTESIAN_POINT('',(48.2864972331757,-55.0842500415085,109.974656732549));
#4890=CARTESIAN_POINT('',(43.7363549870423,-53.1722474881778,111.740574980723));
#4891=CARTESIAN_POINT('',(47.7918982396257,-55.9460920931032,109.914034565262));
#4892=CARTESIAN_POINT('',(47.8529974738228,-54.7318624815864,108.475965370768));
#4893=CARTESIAN_POINT('',(43.294077022158,-52.870523267808,110.217995295912));
#4894=CARTESIAN_POINT('',(47.3654136681882,-55.5972115658524,108.408925887524));
#4895=CARTESIAN_POINT('',(46.990956879499,-53.9906995643294,105.495809065127));
#4896=CARTESIAN_POINT('',(42.4409313450025,-52.251614973873,107.262260852682));
#4897=CARTESIAN_POINT('',(46.5157562420356,-54.8610832656409,105.409023785596));
#4898=CARTESIAN_POINT('',(46.5557752385247,-53.5974152665773,104.01733818317));
#4899=CARTESIAN_POINT('',(42.0181925433237,-51.9259649455765,105.810731222151));
#4900=CARTESIAN_POINT('',(46.086270783334,-54.4695559567208,103.918337507824));
#4901=CARTESIAN_POINT('',(45.2317600181627,-52.3383701626988,99.6174219419213));
#4902=CARTESIAN_POINT('',(40.7339452645552,-50.8696808479826,101.484436801069));
#4903=CARTESIAN_POINT('',(44.7798723176342,-53.2152025006805,99.4829081489924));
#4904=CARTESIAN_POINT('',(44.3275527353018,-51.3946131135706,96.7321477216345));
#4905=CARTESIAN_POINT('',(39.8558239307815,-50.0610907991396,98.6298553549911));
#4906=CARTESIAN_POINT('',(43.8872149521017,-52.2730140393468,96.5723774473817));
#4907=CARTESIAN_POINT('',(41.5306087725144,-48.2436825038757,88.2263718300669));
#4908=CARTESIAN_POINT('',(37.1695585560689,-47.3342251790823,90.2730035297741));
#4909=CARTESIAN_POINT('',(41.1254543514688,-49.1230178238228,87.9910669757996));
#4910=CARTESIAN_POINT('',(39.5573503672148,-45.725682491022,82.7519103537559));
#4911=CARTESIAN_POINT('',(35.2409986907929,-45.0724033663585,84.7675584604402));
#4912=CARTESIAN_POINT('',(39.1760516988689,-46.6004211201748,82.4648159904852));
#4913=CARTESIAN_POINT('',(36.4806978025263,-41.3323535472861,74.8157843821143));
#4914=CARTESIAN_POINT('',(32.1965223348261,-41.0133791627786,76.7170298647359));
#4915=CARTESIAN_POINT('',(36.1383700020076,-42.1909295470802,74.4478509340798));
#4916=CARTESIAN_POINT('',(35.4365383014486,-39.7657395070508,72.2236896582371));
#4917=CARTESIAN_POINT('',(31.1737895223967,-39.5715474949025,74.1007294560074));
#4918=CARTESIAN_POINT('',(35.1077661567669,-40.6173959230769,71.828447571036));
#4919=CARTESIAN_POINT('',(33.3305947239598,-36.4801464686054,67.224960266367));
#4920=CARTESIAN_POINT('',(29.110832818633,-36.5262661753474,69.0334315936497));
#4921=CARTESIAN_POINT('',(33.0302925450109,-37.3151053141368,66.7755853145748));
#4922=CARTESIAN_POINT('',(32.2684811111047,-34.7545525587832,64.8059615115928));
#4923=CARTESIAN_POINT('',(28.064212024785,-34.9190009025279,66.5689314122541));
#4924=CARTESIAN_POINT('',(31.9833347779762,-35.5795061494196,64.3292383864601));
#4925=CARTESIAN_POINT('',(30.1107039581437,-31.1535023689997,60.1195978066978));
#4926=CARTESIAN_POINT('',(25.9561768735408,-31.5480558729117,61.7881532421269));
#4927=CARTESIAN_POINT('',(29.8564925821598,-31.957137753498,59.5920455115427));
#4928=CARTESIAN_POINT('',(29.0155337586409,-29.280141101982,57.8497827837215));
#4929=CARTESIAN_POINT('',(24.8939874788033,-29.7830161892272,59.4658604575386));
#4930=CARTESIAN_POINT('',(28.776482580516,-30.0726287764777,57.2991624935586));
#4931=CARTESIAN_POINT('',(26.7837790953565,-25.4083577438686,53.4448733854968));
#4932=CARTESIAN_POINT('',(22.7327179130998,-26.099081211273,54.9518356733102));
#4933=CARTESIAN_POINT('',(26.5721515760677,-26.1766141130349,52.8508073240054));
#4934=CARTESIAN_POINT('',(25.648668597308,-23.4044068614661,51.3147949069297));
#4935=CARTESIAN_POINT('',(21.6128845191071,-24.1604464530619,52.7420103048969));
#4936=CARTESIAN_POINT('',(25.4498463690962,-24.1585401800676,50.699093436168));
#4937=CARTESIAN_POINT('',(24.5300282881702,-21.3502265259941,49.2153311807034));
#4938=CARTESIAN_POINT('',(20.4979444219887,-22.1423502333868,50.5710513162466));
#4939=CARTESIAN_POINT('',(24.3423679142,-22.0953845707425,48.5857705812575));
#4940=CARTESIAN_POINT('',(102.729904654196,-22.1390364136975,22.1566303865272));
#4941=CARTESIAN_POINT('',(104.802424295305,-22.9681129584855,20.9803215436686));
#4942=CARTESIAN_POINT('',(102.337716155297,-22.6547489022942,21.4201224378857));
#4943=CARTESIAN_POINT('',(102.723985580098,-27.9740303717745,26.2437020157241));
#4944=CARTESIAN_POINT('',(104.797046313954,-28.898014716517,25.0801330452081));
#4945=CARTESIAN_POINT('',(102.317290312207,-28.4852624964352,25.5112853967549));
#4946=CARTESIAN_POINT('',(102.619605477432,-33.8040973441236,30.3418409610327));
#4947=CARTESIAN_POINT('',(104.687892611037,-34.7874318474866,29.1598588833311));
#4948=CARTESIAN_POINT('',(102.196698164408,-34.3064976720412,29.6118347815969));
#4949=CARTESIAN_POINT('',(102.234447446302,-42.5220697166595,36.5212501745519));
#4950=CARTESIAN_POINT('',(104.287528766452,-43.5477819279553,35.2647928403961));
#4951=CARTESIAN_POINT('',(101.782905467529,-43.0122509507998,35.7996493211995));
#4952=CARTESIAN_POINT('',(102.080402374096,-45.4241864163836,38.5857721287626));
#4953=CARTESIAN_POINT('',(104.125142354107,-46.4805919247769,37.3123476508743));
#4954=CARTESIAN_POINT('',(101.618213704864,-45.9101277726232,37.8677448410596));
#4955=CARTESIAN_POINT('',(101.778856252761,-49.7593645071994,41.6952322117026));
#4956=CARTESIAN_POINT('',(103.808272142866,-50.8658775898832,40.3891880091642));
#4957=CARTESIAN_POINT('',(101.29834416791,-50.2360713748282,40.9827344665674));
#4958=CARTESIAN_POINT('',(101.661619696375,-51.2001425035249,42.7349104130556));
#4959=CARTESIAN_POINT('',(103.685680456823,-52.3114868910402,41.4084496525529));
#4960=CARTESIAN_POINT('',(101.174799808888,-51.6722436229902,42.0234758375272));
#4961=CARTESIAN_POINT('',(101.44627978726,-54.0912082289954,44.8010109289177));
#4962=CARTESIAN_POINT('',(103.452681912406,-55.2251514459973,43.4408103494969));
#4963=CARTESIAN_POINT('',(100.945137724094,-54.5586132160891,44.0962243789244));
#4964=CARTESIAN_POINT('',(101.333919977349,-55.5332936918133,45.8354378593584));
#4965=CARTESIAN_POINT('',(103.327896027817,-56.7101129389626,44.4783736086187));
#4966=CARTESIAN_POINT('',(100.824619170286,-56.0021420614025,45.1372450911156));
#4967=CARTESIAN_POINT('',(100.945924905999,-59.7537087894345,49.0414040752034));
#4968=CARTESIAN_POINT('',(102.897515541022,-61.0803496176685,47.7121635266271));
#4969=CARTESIAN_POINT('',(100.410175861397,-60.2412692203311,48.3756866456281));
#4970=CARTESIAN_POINT('',(100.64458880752,-62.4087317463066,51.3455859655013));
#4971=CARTESIAN_POINT('',(102.56311436598,-63.8536342332693,50.0627613969132));
#4972=CARTESIAN_POINT('',(100.08997969237,-62.9220938900812,50.71514356578));
#4973=CARTESIAN_POINT('',(99.9526163501702,-67.384535890945,56.353459437945));
#4974=CARTESIAN_POINT('',(101.8106998649,-69.0328368461828,55.1594089186772));
#4975=CARTESIAN_POINT('',(99.3651276056619,-67.9265029530419,55.7786225180408));
#4976=CARTESIAN_POINT('',(99.5576173694343,-69.719941300688,59.0453533440166));
#4977=CARTESIAN_POINT('',(101.385552246082,-71.4625243695704,57.904298314461));
#4978=CARTESIAN_POINT('',(98.9547771957512,-70.2721863286712,58.496753476745));
#4979=CARTESIAN_POINT('',(98.233898852868,-76.2511623765453,67.5838120003236));
#4980=CARTESIAN_POINT('',(99.9611422238246,-78.3057051946067,66.6577043256852));
#4981=CARTESIAN_POINT('',(97.5864817341096,-76.8257776028525,67.1106401962418));
#4982=CARTESIAN_POINT('',(97.1807851076756,-79.8414884813964,73.724519852117));
#4983=CARTESIAN_POINT('',(98.838622068634,-82.0463302184504,72.9474561958769));
#4984=CARTESIAN_POINT('',(96.5069513377188,-80.4162170699094,73.2903771574744));
#4985=CARTESIAN_POINT('',(95.4242386197218,-84.3782243305388,83.4064781280129));
#4986=CARTESIAN_POINT('',(96.9928951271742,-86.7518445430733,82.7005111747231));
#4987=CARTESIAN_POINT('',(94.7092161203901,-84.9452254118232,83.0329194515261));
#4988=CARTESIAN_POINT('',(94.8434962098088,-85.752192884864,86.6961853913648));
#4989=CARTESIAN_POINT('',(96.3821950964299,-88.1736280351564,86.0042005669532));
#4990=CARTESIAN_POINT('',(94.1142138509236,-86.3168563613368,86.34667948423));
#4991=CARTESIAN_POINT('',(94.0537194490628,-87.6240476371158,91.7316830615924));
#4992=CARTESIAN_POINT('',(95.5471190158482,-90.1210377431655,91.0825923764729));
#4993=CARTESIAN_POINT('',(93.3053813055102,-88.1852228279527,91.4188005771358));
#4994=CARTESIAN_POINT('',(93.8005016880277,-88.209904042737,93.4290636507449));
#4995=CARTESIAN_POINT('',(95.2793558391049,-90.7329387379661,92.8051581415148));
#4996=CARTESIAN_POINT('',(93.0464109923865,-88.7705531333411,93.1291711428704));
#4997=CARTESIAN_POINT('',(93.3183778337068,-89.3417994889147,96.8500384768008));
#4998=CARTESIAN_POINT('',(94.7702805693518,-91.9056639293931,96.2287622653373));
#4999=CARTESIAN_POINT('',(92.5530897837312,-89.8965303894369,96.5673920142804));
#5000=CARTESIAN_POINT('',(93.093607731548,-89.9006988423961,98.571405466067));
#5001=CARTESIAN_POINT('',(94.5353215523731,-92.4757753027333,97.884758174781));
#5002=CARTESIAN_POINT('',(92.3221726016913,-90.4459280464576,98.2861260140487));
#5003=CARTESIAN_POINT('',(92.0497779694264,-93.0536429263994,107.036983575546));
#5004=CARTESIAN_POINT('',(93.3746494743752,-95.6479580392701,106.02092952845));
#5005=CARTESIAN_POINT('',(91.2452377855398,-93.5292167137078,106.712049399059));
#5006=CARTESIAN_POINT('',(91.3456216030266,-96.5777196335329,113.356690593278));
#5007=CARTESIAN_POINT('',(92.5629986179052,-99.1069388465791,111.982071490752));
#5008=CARTESIAN_POINT('',(90.5160746829368,-96.9847612318579,113.00307906106));
#5009=CARTESIAN_POINT('',(90.2184666916866,-105.897588008764,124.939987389859));
#5010=CARTESIAN_POINT('',(91.2213413240811,-108.126105127594,122.914056975768));
#5011=CARTESIAN_POINT('',(89.3441846997805,-106.181820928371,124.572945174769));
#5012=CARTESIAN_POINT('',(89.8376224439108,-111.387584523913,129.792725551181));
#5013=CARTESIAN_POINT('',(90.7382532163143,-113.426858956917,127.467351201374));
#5014=CARTESIAN_POINT('',(88.9445265744036,-111.618737417156,129.435631620056));
#5015=CARTESIAN_POINT('',(89.5025896176186,-120.58610809249,135.884983597834));
#5016=CARTESIAN_POINT('',(90.2305412021783,-122.254185025136,133.186981930546));
#5017=CARTESIAN_POINT('',(88.5842492739887,-120.755097367074,135.560018715629));
#5018=CARTESIAN_POINT('',(89.4304978478562,-123.836680600403,137.727195408007));
#5019=CARTESIAN_POINT('',(90.0971526172443,-125.394723616821,134.925986061941));
#5020=CARTESIAN_POINT('',(88.5042488507922,-123.987610192661,137.415842913425));
#5021=CARTESIAN_POINT('',(89.3594103145233,-130.449317117024,140.970647650179));
#5022=CARTESIAN_POINT('',(89.8999133045076,-131.796047134075,137.999754890176));
#5023=CARTESIAN_POINT('',(88.4189638709607,-130.569945578558,140.689360842986));
#5024=CARTESIAN_POINT('',(89.3598713295704,-133.829531349952,142.384840963135));
#5025=CARTESIAN_POINT('',(89.8347337163097,-135.07048198491,139.343611870667));
#5026=CARTESIAN_POINT('',(88.413064563846,-133.937740821139,142.12019585884));
#5027=CARTESIAN_POINT('',(89.3879668430929,-137.269555592685,143.632007530326));
#5028=CARTESIAN_POINT('',(89.7993292168995,-138.402316928648,140.524534673159));
#5029=CARTESIAN_POINT('',(88.4355880380697,-137.367559314507,143.384297160151));
#5030=CARTESIAN_POINT('',(66.4765085633786,-174.521807961292,92.45749588823));
#5031=CARTESIAN_POINT('',(72.0952921441815,-178.855354483731,84.2775385282042));
#5032=CARTESIAN_POINT('',(77.0216329051803,-182.812360752106,75.4148943880952));
#5033=CARTESIAN_POINT('',(85.0070579916965,-189.537906464251,56.4193898626556));
#5034=CARTESIAN_POINT('',(88.0776692044405,-192.262104725739,46.4450517517211));
#5035=CARTESIAN_POINT('',(89.37906748669,-194.215013742113,35.8716940936862));
#5036=CARTESIAN_POINT('',(66.4765085633786,-174.521807961292,92.4574958882299));
#5037=CARTESIAN_POINT('',(89.37906748669,-194.215013742113,35.8716940936863));
#5038=CARTESIAN_POINT('',(66.4765085633786,-174.521807961292,92.4574958882299));
#5039=CARTESIAN_POINT('',(66.4451420949997,-174.497616239363,92.5031599310221));
#5040=CARTESIAN_POINT('',(66.4043840411918,-174.475622377826,92.5446306859342));
#5041=CARTESIAN_POINT('',(66.3576788625449,-174.457632275671,92.5785317488168));
#5042=CARTESIAN_POINT('',(66.3109734730121,-174.439642092286,92.6124329647714));
#5043=CARTESIAN_POINT('',(66.2570043729599,-174.425152567144,92.6397138317052));
#5044=CARTESIAN_POINT('',(66.2001938041753,-174.415459202382,92.6579602150951));
#5045=CARTESIAN_POINT('',(66.1436140997911,-174.405805229108,92.6761324495995));
#5046=CARTESIAN_POINT('',(66.0825748791236,-174.400646056099,92.6858384825826));
#5047=CARTESIAN_POINT('',(66.0223694972393,-174.400615471695,92.6858960311322));
#5048=CARTESIAN_POINT('',(65.9638689542816,-174.400585753352,92.6859519500765));
#5049=CARTESIAN_POINT('',(65.9044471384127,-174.405414263676,92.6768680922837));
#5050=CARTESIAN_POINT('',(65.8495068214607,-174.414842854053,92.6591203940335));
#5051=CARTESIAN_POINT('',(65.7967350343419,-174.423899291871,92.6420732089085));
#5052=CARTESIAN_POINT('',(65.7465834248019,-174.437468081137,92.6165268082027));
#5053=CARTESIAN_POINT('',(65.7035844161268,-174.454425915997,92.5845736519862));
#5054=CARTESIAN_POINT('',(65.6619560299487,-174.470843208395,92.5536390242453));
#5055=CARTESIAN_POINT('',(65.6258648366988,-174.490892023122,92.5158408182464));
#5056=CARTESIAN_POINT('',(65.5983317801215,-174.512860356914,92.4743833180214));
#5057=CARTESIAN_POINT('',(65.5710755010472,-174.534607852871,92.4333425715033));
#5058=CARTESIAN_POINT('',(65.5514503665643,-174.558817175071,92.3876189414828));
#5059=CARTESIAN_POINT('',(65.5408218875882,-174.583501096873,92.3409505298608));
#5060=CARTESIAN_POINT('',(65.5300333211149,-174.608556811033,92.2935791927088));
#5061=CARTESIAN_POINT('',(65.5282025775875,-174.634759144826,92.2439907980783));
#5062=CARTESIAN_POINT('',(65.5351522716109,-174.660070387337,92.1960401117671));
#5063=CARTESIAN_POINT('',(65.5409037180666,-174.681017533433,92.1563569539323));
#5064=CARTESIAN_POINT('',(65.5527135188145,-174.701760704543,92.1170264402425));
#5065=CARTESIAN_POINT('',(65.5698352981655,-174.721283680768,92.079981694963));
#5066=CARTESIAN_POINT('',(65.5698352981699,-174.721283680773,92.0799816949535));
#5067=CARTESIAN_POINT('',(88.4292750314989,-194.269819941101,35.5736849377743));
#5068=CARTESIAN_POINT('',(84.3302437364736,-192.487037762987,45.3095549591753));
#5069=CARTESIAN_POINT('',(80.6835247823548,-189.929180290461,55.0828391597398));
#5070=CARTESIAN_POINT('',(73.3287165279544,-183.358179296994,74.0742248059057));
#5071=CARTESIAN_POINT('',(69.6208375957024,-179.340407658417,83.3152181057475));
#5072=CARTESIAN_POINT('',(65.5698352981699,-174.721283680773,92.0799816949535));
#5073=CARTESIAN_POINT('',(88.4292750314989,-194.269819941101,35.5736849377742));
#5074=CARTESIAN_POINT('',(88.4292750314989,-194.269819941101,35.5736849377742));
#5075=CARTESIAN_POINT('',(88.4528546788243,-194.280075382446,35.5176794172041));
#5076=CARTESIAN_POINT('',(88.4859591326736,-194.289769543863,35.4645962242904));
#5077=CARTESIAN_POINT('',(88.5267394301627,-194.298055553111,35.4191418343269));
#5078=CARTESIAN_POINT('',(88.5676492875,-194.306367887181,35.3735430348267));
#5079=CARTESIAN_POINT('',(88.6176270748322,-194.313496995911,35.3343416183114));
#5080=CARTESIAN_POINT('',(88.6724867354445,-194.318592234915,35.3062984726623));
#5081=CARTESIAN_POINT('',(88.7229163051426,-194.323276017272,35.280519899622));
#5082=CARTESIAN_POINT('',(88.7790612846627,-194.326373690672,35.263444625137));
#5083=CARTESIAN_POINT('',(88.8355503765977,-194.327482755871,35.2573318015797));
#5084=CARTESIAN_POINT('',(88.887220468965,-194.328497208384,35.2517404538165));
#5085=CARTESIAN_POINT('',(88.9406475813833,-194.327880920772,35.2551392826241));
#5086=CARTESIAN_POINT('',(88.9911757494637,-194.325701259307,35.2671494464571));
#5087=CARTESIAN_POINT('',(89.0403323193597,-194.323580765229,35.2788335917635));
#5088=CARTESIAN_POINT('',(89.0880462696765,-194.319935329475,35.2989158154105));
#5089=CARTESIAN_POINT('',(89.1308620303374,-194.315121977897,35.3253927184818));
#5090=CARTESIAN_POINT('',(89.1753200313595,-194.310124005514,35.3528851690568));
#5091=CARTESIAN_POINT('',(89.2156295859379,-194.303752454638,35.3878990129724));
#5092=CARTESIAN_POINT('',(89.249435249875,-194.296544827832,35.4274281873003));
#5093=CARTESIAN_POINT('',(89.2860787187501,-194.28873215925,35.4702756246954));
#5094=CARTESIAN_POINT('',(89.3160097625899,-194.279753060558,35.519435734416));
#5095=CARTESIAN_POINT('',(89.3378162227759,-194.270283874946,35.5711512766725));
#5096=CARTESIAN_POINT('',(89.3617652671513,-194.259884298651,35.6279481068702));
#5097=CARTESIAN_POINT('',(89.3765383590437,-194.248635353829,35.6892357116982));
#5098=CARTESIAN_POINT('',(89.3815461323078,-194.237356330101,35.7505161626167));
#5099=CARTESIAN_POINT('',(89.3848372219209,-194.229943798446,35.7907894427483));
#5100=CARTESIAN_POINT('',(89.3840038189622,-194.222421318974,35.8315883033603));
#5101=CARTESIAN_POINT('',(89.37906748669,-194.215013742113,35.8716940936863));
#5102=CARTESIAN_POINT('',(0.,0.,0.));
#5103=CARTESIAN_POINT('',(65.5698352981649,-174.721283680763,92.0799816949607));
#5104=CARTESIAN_POINT('',(63.023467326997,-162.93489587382,88.4744299538926));
#5105=CARTESIAN_POINT('',(60.3736437066545,-151.598852079304,83.7679666564249));
#5106=CARTESIAN_POINT('',(56.0421242689577,-135.478611527257,74.9836646407644));
#5107=CARTESIAN_POINT('',(54.5493495201091,-130.306557038154,71.7860365764407));
#5108=CARTESIAN_POINT('',(52.2264884044582,-122.859871702589,66.5763597245538));
#5109=CARTESIAN_POINT('',(51.4351072646888,-120.427644207005,64.7750794771532));
#5110=CARTESIAN_POINT('',(49.8293326374361,-115.67063494783,61.027314431785));
#5111=CARTESIAN_POINT('',(49.05140313937,-113.356068893149,59.0497038706984));
#5112=CARTESIAN_POINT('',(47.393957346652,-108.764292090088,55.0860341147815));
#5113=CARTESIAN_POINT('',(46.5629717853399,-106.470328339897,53.1025200478073));
#5114=CARTESIAN_POINT('',(44.8585517760535,-101.744483850765,49.3695457601719));
#5115=CARTESIAN_POINT('',(43.9857256281919,-99.3261729561906,47.5990402095672));
#5116=CARTESIAN_POINT('',(41.2878316569006,-91.9043705309798,42.5863075220118));
#5117=CARTESIAN_POINT('',(39.3842196896312,-86.7384244492989,39.6356425113748));
#5118=CARTESIAN_POINT('',(35.4316545614335,-75.9672438159195,34.4854463389123));
#5119=CARTESIAN_POINT('',(33.3923330421231,-70.3984605000012,32.3207871054658));
#5120=CARTESIAN_POINT('',(29.2046474421988,-59.1162097717936,28.8532296328521));
#5121=CARTESIAN_POINT('',(26.9987528024453,-53.3917720219955,27.5394850978862));
#5122=CARTESIAN_POINT('',(24.7809971081987,-47.5844052314344,26.518665658299));
#5123=CARTESIAN_POINT('',(102.332887623698,-32.2871934828567,3.9908488286925));
#5124=CARTESIAN_POINT('',(102.303218879402,-39.3057577680676,3.87801574802751));
#5125=CARTESIAN_POINT('',(102.163429768053,-46.321941579823,3.77650006456287));
#5126=CARTESIAN_POINT('',(101.736784701075,-56.8418644277943,3.67202928384484));
#5127=CARTESIAN_POINT('',(101.569543576172,-60.3473309407531,3.64378012273784));
#5128=CARTESIAN_POINT('',(101.130915465662,-67.3457868877017,3.61988058497677));
#5129=CARTESIAN_POINT('',(100.907321821497,-70.84916115026,3.55240590732418));
#5130=CARTESIAN_POINT('',(100.075234528055,-81.3028727674363,3.88190413093279));
#5131=CARTESIAN_POINT('',(99.3602412128168,-88.2032289635161,5.0843843598704));
#5132=CARTESIAN_POINT('',(97.5631966464471,-101.734948788475,9.2021026267088));
#5133=CARTESIAN_POINT('',(96.5034652225942,-108.14955900593,12.0404683392102));
#5134=CARTESIAN_POINT('',(94.7392905363971,-117.373363039502,17.1558996573292));
#5135=CARTESIAN_POINT('',(94.1534361680153,-120.376194816483,18.9914051574969));
#5136=CARTESIAN_POINT('',(93.0907453588559,-126.262024173322,22.9073404148416));
#5137=CARTESIAN_POINT('',(92.5964676331001,-129.09226046546,25.0786728769388));
#5138=CARTESIAN_POINT('',(91.3049426976444,-137.89519690535,31.077528078872));
#5139=CARTESIAN_POINT('',(90.5788884317248,-144.289473994967,34.1610739532718));
#5140=CARTESIAN_POINT('',(89.4007752240193,-158.284827613009,38.2166348680222));
#5141=CARTESIAN_POINT('',(88.9898954214431,-165.47910155032,39.043414604137));
#5142=CARTESIAN_POINT('',(88.4866744764013,-179.930986204229,38.6813101910496));
#5143=CARTESIAN_POINT('',(88.3964880448937,-187.212009847648,37.4860220772556));
#5144=CARTESIAN_POINT('',(88.4292750314993,-194.269819941114,35.57368493777));
#5145=CARTESIAN_POINT('',(89.7000000000003,-200.297243951182,30.7620652498299));
#5146=CARTESIAN_POINT('',(81.366666666667,-192.911211321149,53.4939362803203));
#5147=CARTESIAN_POINT('',(73.0333333333337,-185.525178691117,76.2258073108107));
#5148=CARTESIAN_POINT('',(64.7000000000004,-178.139146061084,98.9576783413011));
#5149=CARTESIAN_POINT('',(89.6999999999995,-196.151167387554,32.2162459472379));
#5150=CARTESIAN_POINT('',(81.0390802644415,-188.752957696367,54.03933901915));
#5151=CARTESIAN_POINT('',(72.3781605288834,-181.35474800518,75.8624320910621));
#5152=CARTESIAN_POINT('',(63.7172407933254,-173.956538313993,97.6855251629743));
#5153=CARTESIAN_POINT('',(89.7757743645031,-187.700126502605,34.6843548240973));
#5154=CARTESIAN_POINT('',(80.415415201646,-180.363581522966,54.741259056278));
#5155=CARTESIAN_POINT('',(71.0550560387889,-173.027036543327,74.7981632884588));
#5156=CARTESIAN_POINT('',(61.6946968759319,-165.690491563688,94.8550675206395));
#5157=CARTESIAN_POINT('',(90.1835590025144,-174.626554506857,36.6257335760537));
#5158=CARTESIAN_POINT('',(79.6251807353282,-167.638211621888,54.3332398123574));
#5159=CARTESIAN_POINT('',(69.0668024681419,-160.649868736919,72.0407460486612));
#5160=CARTESIAN_POINT('',(58.5084242009557,-153.66152585195,89.748252284965));
#5161=CARTESIAN_POINT('',(90.9459968216304,-161.418449205677,36.3551913930195));
#5162=CARTESIAN_POINT('',(79.0267693611996,-154.970720382458,52.1626720493426));
#5163=CARTESIAN_POINT('',(67.1075419007689,-148.52299155924,67.9701527056658));
#5164=CARTESIAN_POINT('',(55.1883144403381,-142.075262736021,83.777633361989));
#5165=CARTESIAN_POINT('',(92.1019899544049,-148.526877999475,33.4984603021179));
#5166=CARTESIAN_POINT('',(78.6534288937855,-142.684728209177,47.984178213167));
#5167=CARTESIAN_POINT('',(65.2048678331661,-136.842578418879,62.4698961242161));
#5168=CARTESIAN_POINT('',(51.7563067725468,-131.000428628581,76.9556140352651));
#5169=CARTESIAN_POINT('',(93.2433209232786,-139.53381417878,29.4377409969772));
#5170=CARTESIAN_POINT('',(78.5353099525728,-134.063432999989,43.368923108419));
#5171=CARTESIAN_POINT('',(63.8272989818671,-128.593051821199,57.3001052198607));
#5172=CARTESIAN_POINT('',(49.1192880111613,-123.122670642408,71.2312873313025));
#5173=CARTESIAN_POINT('',(94.0915267222842,-133.935223880926,26.0590401814686));
#5174=CARTESIAN_POINT('',(78.5087493767427,-128.643760367819,39.7663655568404));
#5175=CARTESIAN_POINT('',(62.9259720312012,-123.352296854711,53.4736909322122));
#5176=CARTESIAN_POINT('',(47.3431946856597,-118.060833341603,67.1810163075839));
#5177=CARTESIAN_POINT('',(94.5309194588307,-131.229174610224,24.2301600293279));
#5178=CARTESIAN_POINT('',(78.5046729761802,-126.009356521432,37.8562618031264));
#5179=CARTESIAN_POINT('',(62.4784264935296,-120.789538432641,51.4823635769248));
#5180=CARTESIAN_POINT('',(46.4521800108791,-115.569720343849,65.1084653507232));
#5181=CARTESIAN_POINT('',(94.9876296632801,-128.570522167256,22.336774974886));
#5182=CARTESIAN_POINT('',(78.5113682673938,-123.420420904859,35.8871480326157));
#5183=CARTESIAN_POINT('',(62.0351068715075,-118.270319642462,49.4375210903454));
#5184=CARTESIAN_POINT('',(45.5588454756212,-113.120218380065,62.9878941480751));
#5185=CARTESIAN_POINT('',(95.4674576499966,-125.883219913938,20.491074655292));
#5186=CARTESIAN_POINT('',(78.532740359412,-120.825791603714,33.9349156662743));
#5187=CARTESIAN_POINT('',(61.5980230688274,-115.76836329349,47.3787566772566));
#5188=CARTESIAN_POINT('',(44.6633057782429,-110.710934983266,60.822597688239));
#5189=CARTESIAN_POINT('',(95.9715573467519,-123.149472365746,18.7211676504684));
#5190=CARTESIAN_POINT('',(78.5695967702017,-118.213140805986,32.0194020869171));
#5191=CARTESIAN_POINT('',(61.1676361936514,-113.276809246226,45.3176365233657));
#5192=CARTESIAN_POINT('',(43.7656756171012,-108.340477686466,58.6158709598143));
#5193=CARTESIAN_POINT('',(96.6766482511697,-119.450619023204,16.4558459428822));
#5194=CARTESIAN_POINT('',(78.6351518345287,-114.685286411008,29.5397291962493));
#5195=CARTESIAN_POINT('',(60.5936554178878,-109.919953798812,42.6236124496165));
#5196=CARTESIAN_POINT('',(42.5521590012468,-105.154621186617,55.7074957029837));
#5197=CARTESIAN_POINT('',(97.6209250143852,-114.741203288644,13.7892891421424));
#5198=CARTESIAN_POINT('',(78.7439798186683,-110.177270463669,26.6025762380847));
#5199=CARTESIAN_POINT('',(59.8670346229515,-105.613337638695,39.4158633340271));
#5200=CARTESIAN_POINT('',(40.9900894272346,-101.04940481372,52.2291504299694));
#5201=CARTESIAN_POINT('',(98.7112116190057,-108.912122807171,10.907612696244));
#5202=CARTESIAN_POINT('',(78.8216473089573,-104.581182049315,23.3863478911728));
#5203=CARTESIAN_POINT('',(58.9320829989089,-100.250241291459,35.8650830861014));
#5204=CARTESIAN_POINT('',(39.0425186888605,-95.9193005336039,48.3438182810302));
#5205=CARTESIAN_POINT('',(99.6988159166314,-102.904647289725,8.37491711724635));
#5206=CARTESIAN_POINT('',(78.8078868567478,-98.8042674896578,20.5012141481605));
#5207=CARTESIAN_POINT('',(57.9169577968641,-94.7038876895908,32.6275111790746));
#5208=CARTESIAN_POINT('',(37.0260287369805,-90.6035078895237,44.7538082099887));
#5209=CARTESIAN_POINT('',(100.606670736558,-96.7283083130521,6.24605614819772));
#5210=CARTESIAN_POINT('',(78.7193763602546,-92.8589332587538,17.9859574708202));
#5211=CARTESIAN_POINT('',(56.8320819839514,-88.9895582044556,29.7258587934427));
#5212=CARTESIAN_POINT('',(34.9447876076483,-85.1201831501573,41.4657601160652));
#5213=CARTESIAN_POINT('',(101.425162090905,-90.404808185251,4.56477334104245));
#5214=CARTESIAN_POINT('',(78.551281716174,-86.7651535195524,15.8719899615303));
#5215=CARTESIAN_POINT('',(55.6774013414432,-83.1254988538537,27.1792065820181));
#5216=CARTESIAN_POINT('',(32.8035209667124,-79.4858441881551,38.4864232025059));
#5217=CARTESIAN_POINT('',(102.147522544406,-83.9563496217624,3.37207343303771));
#5218=CARTESIAN_POINT('',(78.3006665229441,-80.5432360398976,14.1888978462108));
#5219=CARTESIAN_POINT('',(54.4538105014827,-77.1301224580327,25.0057222593839));
#5220=CARTESIAN_POINT('',(30.6069544800212,-73.7170088761678,35.822546672557));
#5221=CARTESIAN_POINT('',(102.668097333126,-78.5117215712985,2.82991763861017));
#5222=CARTESIAN_POINT('',(78.0236819333695,-75.278733619452,13.1747154518061));
#5223=CARTESIAN_POINT('',(53.3792665336134,-72.0457456676055,23.5195132650019));
#5224=CARTESIAN_POINT('',(28.7348511338574,-68.812757715759,33.8643110781978));
#5225=CARTESIAN_POINT('',(103.034844914229,-74.1348351453459,2.70343058312664));
#5226=CARTESIAN_POINT('',(77.7615168931852,-71.0366697242043,12.6202824646255));
#5227=CARTESIAN_POINT('',(52.4881888721418,-67.9385043030627,22.5371343461243));
#5228=CARTESIAN_POINT('',(27.2148608510983,-64.8403388819212,32.4539862276232));
#5229=CARTESIAN_POINT('',(103.286524341775,-70.8482589228003,2.71561040085512));
#5230=CARTESIAN_POINT('',(77.5457870859336,-67.8449441427099,12.3014865675999));
#5231=CARTESIAN_POINT('',(51.8050498300919,-64.8416293626196,21.8873627343448));
#5232=CARTESIAN_POINT('',(26.0643125742501,-61.8383145825292,31.4732389010896));
#5233=CARTESIAN_POINT('',(103.516417210148,-67.5628481660032,2.77771564330144));
#5234=CARTESIAN_POINT('',(77.3122137970182,-64.6470250732906,12.0412612238324));
#5235=CARTESIAN_POINT('',(51.1080103838881,-61.731201980578,21.3048068043634));
#5236=CARTESIAN_POINT('',(24.903806970758,-58.8153788878655,30.5683523848944));
#5237=CARTESIAN_POINT('',(103.795393308492,-63.1932849288405,2.84558724545492));
#5238=CARTESIAN_POINT('',(76.9761434374677,-60.3784597648152,11.7173752551032));
#5239=CARTESIAN_POINT('',(50.1568935664433,-57.5636346007899,20.5891632647515));
#5240=CARTESIAN_POINT('',(23.3376436954188,-54.7488094367646,29.4609512743997));
#5241=CARTESIAN_POINT('',(104.033551568358,-58.8192876944027,2.91837551408627));
#5242=CARTESIAN_POINT('',(76.607676136848,-56.0972897972239,11.445818049877));
#5243=CARTESIAN_POINT('',(49.1818007053384,-53.375291900045,19.9732605856678));
#5244=CARTESIAN_POINT('',(21.7559252738288,-50.6532940028662,28.5007031214585));
#5245=CARTESIAN_POINT('',(104.231410114287,-54.442664478322,2.99700604688106));
#5246=CARTESIAN_POINT('',(76.2097049237769,-51.8055243833768,11.2253199356321));
#5247=CARTESIAN_POINT('',(48.1879997332671,-49.1683842884316,19.4536338243831));
#5248=CARTESIAN_POINT('',(20.1662945427572,-46.5312441934865,27.681947713134));
#5249=CARTESIAN_POINT('',(104.359783697901,-51.159336079348,3.0591314779803));
#5250=CARTESIAN_POINT('',(75.8972831153167,-48.5830886974125,11.0782864684439));
#5251=CARTESIAN_POINT('',(47.4347825327327,-46.006841315477,19.0974414589076));
#5252=CARTESIAN_POINT('',(18.9722819501486,-43.4305939335415,27.1165964493712));
#5253=CARTESIAN_POINT('',(104.468266486818,-47.8755986973685,3.12464084000405));
#5254=CARTESIAN_POINT('',(75.5719109523786,-45.3591282816541,10.9399307218479));
#5255=CARTESIAN_POINT('',(46.6755554179395,-42.8426578659397,18.7552206036917));
#5256=CARTESIAN_POINT('',(17.7791998835004,-40.3261874502253,26.5705104855356));
#5257=CARTESIAN_POINT('',(104.585721790595,-43.4967840026902,3.21573101141842));
#5258=CARTESIAN_POINT('',(75.120515628069,-41.0591032939568,10.763148389834));
#5259=CARTESIAN_POINT('',(45.655309465543,-38.6214225852235,18.3105657682495));
#5260=CARTESIAN_POINT('',(16.190103303017,-36.1837418764902,25.857983146665));
#5261=CARTESIAN_POINT('',(104.680311351641,-38.0224198967095,3.33517523106017));
#5262=CARTESIAN_POINT('',(74.5223144908826,-35.6815902631574,10.5555035885358));
#5263=CARTESIAN_POINT('',(44.3643176301242,-33.3407606296053,17.7758319460114));
#5264=CARTESIAN_POINT('',(14.2063207693657,-30.9999309960531,24.996160303487));
#5265=CARTESIAN_POINT('',(104.701924711876,-32.5471637670595,3.4582236952836));
#5266=CARTESIAN_POINT('',(73.8763213437203,-30.3002241089124,10.3683210212912));
#5267=CARTESIAN_POINT('',(43.0507179755647,-28.0532844507653,17.2784183472987));
#5268=CARTESIAN_POINT('',(12.2251146074091,-25.8063447926181,24.1885156733063));
#5269=CARTESIAN_POINT('',(104.701880230629,-28.167033013363,3.56015006731122));
#5270=CARTESIAN_POINT('',(73.3485421711817,-25.9933486314128,10.2315731286736));
#5271=CARTESIAN_POINT('',(41.9952041117348,-23.8196642494625,16.902996190036));
#5272=CARTESIAN_POINT('',(10.6418660522879,-21.6459798675122,23.5744192513985));
#5273=CARTESIAN_POINT('',(104.698588207569,-21.5969021962309,3.71588947726351));
#5274=CARTESIAN_POINT('',(72.5553237616339,-19.5313085085592,10.0389430108399));
#5275=CARTESIAN_POINT('',(40.412059315699,-17.4657148208876,16.3619965444163));
#5276=CARTESIAN_POINT('',(8.2687948697641,-15.400121133216,22.6850500779927));
#5277=CARTESIAN_POINT('',(104.699780636095,-11.7419310735449,3.95889924013129));
#5278=CARTESIAN_POINT('',(71.3719417800625,-9.83198997930756,9.7956794785595));
#5279=CARTESIAN_POINT('',(38.0441029240297,-7.9220488850702,15.6324597169877));
#5280=CARTESIAN_POINT('',(4.71626406799682,-6.01210779083283,21.4692399554159));
#5281=CARTESIAN_POINT('',(104.7,-2.98222863625317,4.18579813228517));
#5282=CARTESIAN_POINT('',(70.3233128984329,-1.20225761493543,9.64456218574152));
#5283=CARTESIAN_POINT('',(35.9466257968654,0.577713406382321,15.1033262391979));
#5284=CARTESIAN_POINT('',(1.56993869529786,2.35768442770007,20.5620902926542));
#5285=CARTESIAN_POINT('',(104.7,1.39756762797616,4.30127088071129));
#5286=CARTESIAN_POINT('',(69.8000000000003,3.11444196219004,9.58526675452005));
#5287=CARTESIAN_POINT('',(34.9000000000002,4.83131629640392,14.8692626283288));
#5288=CARTESIAN_POINT('',(0.,6.5481906306178,20.1532585021376));
#5289=CARTESIAN_POINT('',(24.8627526293554,-47.0605243205784,27.4140066509858));
#5290=CARTESIAN_POINT('',(27.1150076044413,-52.8693486546154,28.4200624993644));
#5291=CARTESIAN_POINT('',(29.373160908026,-58.5923976317545,29.709489001676));
#5292=CARTESIAN_POINT('',(33.6600050428523,-69.8774866722577,33.1324948002908));
#5293=CARTESIAN_POINT('',(35.7454948779056,-75.450511383083,35.276710440276));
#5294=CARTESIAN_POINT('',(39.7824680199527,-86.2341864996555,40.3957566875292));
#5295=CARTESIAN_POINT('',(41.724604549256,-91.4073274531296,43.3345817581007));
#5296=CARTESIAN_POINT('',(44.4763010970025,-98.8407968250694,48.3357772286265));
#5297=CARTESIAN_POINT('',(45.3666768603342,-101.263086569732,50.1034142293065));
#5298=CARTESIAN_POINT('',(47.1051340980935,-105.997376342136,53.8321320259802));
#5299=CARTESIAN_POINT('',(47.955349742684,-108.295458467752,55.8135142457413));
#5300=CARTESIAN_POINT('',(49.6408013826458,-112.903818718586,59.7654898437928));
#5301=CARTESIAN_POINT('',(50.4332680165259,-115.229288349363,61.733426298131));
#5302=CARTESIAN_POINT('',(52.067793885472,-120.007341962789,65.4609760661494));
#5303=CARTESIAN_POINT('',(52.8733603506334,-122.450005035298,67.2517985325431));
#5304=CARTESIAN_POINT('',(55.2425460694341,-129.929292661584,72.4251343185071));
#5305=CARTESIAN_POINT('',(56.7692089066825,-135.124573310305,75.5929351016892));
#5306=CARTESIAN_POINT('',(61.1974657730259,-151.317457797224,84.279548747064));
#5307=CARTESIAN_POINT('',(63.8982397082275,-162.698073939533,88.9111539898311));
#5308=CARTESIAN_POINT('',(66.4765085633787,-174.521807961292,92.4574958882297));
#5309=CARTESIAN_POINT('',(89.37906748669,-194.215013742113,35.8716940936862));
#5310=CARTESIAN_POINT('',(89.3361062797498,-187.161273851254,37.8148740818168));
#5311=CARTESIAN_POINT('',(89.4134160303628,-179.880709065244,39.0412428583333));
#5312=CARTESIAN_POINT('',(89.8844809920892,-165.422709171653,39.4666891920996));
#5313=CARTESIAN_POINT('',(90.2762561333704,-158.218726363822,38.6727079107259));
#5314=CARTESIAN_POINT('',(91.4042419718438,-144.189837210423,34.6950331855925));
#5315=CARTESIAN_POINT('',(92.0998156629573,-137.767322407421,31.6562436777661));
#5316=CARTESIAN_POINT('',(93.3420117296232,-128.915894168261,25.7166731644904));
#5317=CARTESIAN_POINT('',(93.8282239168565,-126.07958793169,23.5461587926883));
#5318=CARTESIAN_POINT('',(94.8718492660849,-120.179213467352,19.6400101794695));
#5319=CARTESIAN_POINT('',(95.4472263146815,-117.168380146718,17.8115028750017));
#5320=CARTESIAN_POINT('',(97.1807938144163,-107.922417365685,12.7185291624337));
#5321=CARTESIAN_POINT('',(98.2200976344241,-101.494590911293,9.89652144653962));
#5322=CARTESIAN_POINT('',(99.9689290481237,-87.9347550918536,5.82758962906672));
#5323=CARTESIAN_POINT('',(100.655323244518,-81.0271558109515,4.66585720768022));
#5324=CARTESIAN_POINT('',(101.433199217956,-70.5627130413522,4.39817390382937));
#5325=CARTESIAN_POINT('',(101.642996754615,-67.0578823141521,4.47218563626922));
#5326=CARTESIAN_POINT('',(102.050254098446,-60.0557716698409,4.51148230884117));
#5327=CARTESIAN_POINT('',(102.20513768588,-56.5490922781407,4.54564704663182));
#5328=CARTESIAN_POINT('',(102.597325742899,-46.0266397326604,4.66565565662182));
#5329=CARTESIAN_POINT('',(102.715639456182,-39.0091783596235,4.77458106194371));
#5330=CARTESIAN_POINT('',(102.728511036526,-31.9897253321431,4.89398597143378));
#5331=CARTESIAN_POINT('',(104.7,1.39756762797616,4.30127088071129));
#5332=CARTESIAN_POINT('',(75.2918446225788,2.93193641312329,23.8380152257273));
#5333=CARTESIAN_POINT('',(35.1694414288253,5.34442681630669,23.3997353829583));
#5334=CARTESIAN_POINT('',(0.,6.5481906306178,20.1532585021376));
#5335=CARTESIAN_POINT('',(104.700113518115,-2.99047700826521,4.18614494477029));
#5336=CARTESIAN_POINT('',(75.8051342856142,-1.37157744912119,23.6092114101619));
#5337=CARTESIAN_POINT('',(36.2835334799701,1.15459490521636,23.4237641105617));
#5338=CARTESIAN_POINT('',(1.5671969131063,2.36615521849584,20.5662900282745));
#5339=CARTESIAN_POINT('',(104.696920609184,-11.7665804995991,3.95884506502231));
#5340=CARTESIAN_POINT('',(76.8418963869196,-9.98004093596828,23.1801705512119));
#5341=CARTESIAN_POINT('',(38.5119138698044,-7.17688485249179,23.5965067880303));
#5342=CARTESIAN_POINT('',(4.70723439698571,-5.98900158582253,21.4626062866617));
#5343=CARTESIAN_POINT('',(104.697780913444,-24.9312372440815,3.63336279807468));
#5344=CARTESIAN_POINT('',(78.4447769666079,-22.8357652804735,22.6408891729901));
#5345=CARTESIAN_POINT('',(41.8811012622953,-19.6975412588756,24.0229611743174));
#5346=CARTESIAN_POINT('',(9.43520241313899,-18.4822655791128,23.0842427757923));
#5347=CARTESIAN_POINT('',(104.716463809324,-35.9025848298249,3.38052684974041));
#5348=CARTESIAN_POINT('',(79.8272029361064,-33.6141271207516,22.2947425952789));
#5349=CARTESIAN_POINT('',(44.7085564093894,-30.1094337428034,24.5518897686776));
#5350=CARTESIAN_POINT('',(13.387252233725,-28.8592200935006,24.6447838911586));
#5351=CARTESIAN_POINT('',(104.564327288057,-44.6784517566614,3.1901564041428));
#5352=CARTESIAN_POINT('',(80.8333234534873,-42.3566189686378,22.0637547074846));
#5353=CARTESIAN_POINT('',(46.9231065581887,-38.4434229806755,25.03934632574));
#5354=CARTESIAN_POINT('',(16.5555394907111,-37.1393392079921,26.0114334499964));
#5355=CARTESIAN_POINT('',(104.365876178015,-51.258562746618,3.05541632040984));
#5356=CARTESIAN_POINT('',(81.5341149875292,-48.8758147399321,21.8986825302685));
#5357=CARTESIAN_POINT('',(48.5574185499164,-44.7378466515021,25.4461208944246));
#5358=CARTESIAN_POINT('',(18.9358790734695,-43.3388669774215,27.0888859566723));
#5359=CARTESIAN_POINT('',(104.08771569974,-57.836052591707,2.93526030693457));
#5360=CARTESIAN_POINT('',(82.1948106168574,-55.3736210249403,21.7662087449258));
#5361=CARTESIAN_POINT('',(50.1799168675202,-50.8300259465288,25.9100507180687));
#5362=CARTESIAN_POINT('',(21.3198685701534,-49.5241674031633,28.2418795339283));
#5363=CARTESIAN_POINT('',(103.78851902801,-63.3142763137303,2.84812559279872));
#5364=CARTESIAN_POINT('',(82.7182950976688,-60.7869406359932,21.7278150944222));
#5365=CARTESIAN_POINT('',(51.5150311407023,-55.8009795063833,26.4172812409638));
#5366=CARTESIAN_POINT('',(23.2944153558539,-54.6361286781071,29.4318415575856));
#5367=CARTESIAN_POINT('',(103.507720201749,-67.6939980728547,2.76759796343813));
#5368=CARTESIAN_POINT('',(83.1240401546827,-65.1316790648639,21.7392176076331));
#5369=CARTESIAN_POINT('',(52.5671727638636,-59.7682001009421,26.9319969180654));
#5370=CARTESIAN_POINT('',(24.8564170670519,-58.6940735837831,30.5332417155576));
#5371=CARTESIAN_POINT('',(103.277127530782,-70.9776892669216,2.7163664649653));
#5372=CARTESIAN_POINT('',(83.4229103745255,-68.3408196667129,21.7749341645145));
#5373=CARTESIAN_POINT('',(53.3454224735258,-62.73409200382,27.3603643567145));
#5374=CARTESIAN_POINT('',(26.0185069287692,-61.7195356269637,31.4350386262757));
#5375=CARTESIAN_POINT('',(103.024689499791,-74.2610238524485,2.7077938570984));
#5376=CARTESIAN_POINT('',(83.731118150199,-71.3731461830591,21.8630710141153));
#5377=CARTESIAN_POINT('',(54.1104725906838,-65.6900529835476,27.8532327439361));
#5378=CARTESIAN_POINT('',(27.1705918058053,-64.7248164551309,32.4136138519487));
#5379=CARTESIAN_POINT('',(102.656857833877,-78.6333836167799,2.83847257225429));
#5380=CARTESIAN_POINT('',(84.1256910120012,-75.2175807095074,22.0877801301538));
#5381=CARTESIAN_POINT('',(55.1048958056931,-69.618696840878,28.6185342364431));
#5382=CARTESIAN_POINT('',(28.6925735782781,-68.7020365007534,33.8221272697403));
#5383=CARTESIAN_POINT('',(102.13522201744,-84.0722979315338,3.38940174544095));
#5384=CARTESIAN_POINT('',(84.5331272109916,-80.0365822311648,22.6725848892821));
#5385=CARTESIAN_POINT('',(56.2870059286762,-74.5069923883099,29.81300311423));
#5386=CARTESIAN_POINT('',(30.5670705171656,-73.6121856255635,35.7798724429463));
#5387=CARTESIAN_POINT('',(101.412009005688,-90.5127213713869,4.59005789415328));
#5388=CARTESIAN_POINT('',(84.8731727135576,-85.8910743583557,23.8208180628013));
#5389=CARTESIAN_POINT('',(57.6177319645644,-80.2991246744325,31.6367811595601));
#5390=CARTESIAN_POINT('',(32.7665127126409,-79.388356474477,38.4428916531891));
#5391=CARTESIAN_POINT('',(100.592736362849,-96.8281276038915,6.27729580314994));
#5392=CARTESIAN_POINT('',(85.0906447574378,-91.7225361917922,25.3994610407128));
#5393=CARTESIAN_POINT('',(58.8594367772223,-85.9963403158147,33.8267715699336));
#5394=CARTESIAN_POINT('',(34.9108150884623,-85.0307126132221,41.4179954266764));
#5395=CARTESIAN_POINT('',(99.6850229854541,-102.995826091452,8.41032356282094));
#5396=CARTESIAN_POINT('',(85.1896872152619,-97.4809263880153,27.377479584008));
#5397=CARTESIAN_POINT('',(60.0106709083976,-91.586569643283,36.3627108650378));
#5398=CARTESIAN_POINT('',(36.9951288503322,-90.5222193295866,44.7014836392032));
#5399=CARTESIAN_POINT('',(98.6960031858766,-108.995135970827,10.9454902675721));
#5400=CARTESIAN_POINT('',(85.1842953813017,-103.184012581715,29.7481820574015));
#5401=CARTESIAN_POINT('',(61.0735675971564,-97.0481187699155,39.2358975070416));
#5402=CARTESIAN_POINT('',(39.0146052039529,-95.8458419113583,48.2896561665645));
#5403=CARTESIAN_POINT('',(97.6056339576652,-114.8160997191,13.8296318777159));
#5404=CARTESIAN_POINT('',(85.0637832408865,-108.784277060941,32.4676265556874));
#5405=CARTESIAN_POINT('',(62.0480253146388,-102.35345967201,42.4378806179541));
#5406=CARTESIAN_POINT('',(40.9649015857153,-100.982958539297,52.1756845168068));
#5407=CARTESIAN_POINT('',(96.663709835589,-119.520062466847,16.496233780103));
#5408=CARTESIAN_POINT('',(84.9419129050032,-113.231717161948,34.9947964431938));
#5409=CARTESIAN_POINT('',(62.7924446792706,-106.638737756568,45.3516487469938));
#5410=CARTESIAN_POINT('',(42.5288797909607,-105.092949251685,55.6565642511149));
#5411=CARTESIAN_POINT('',(95.9597426181231,-123.214001814471,18.76157164782));
#5412=CARTESIAN_POINT('',(84.8860289496738,-116.67662487663,37.156854338124));
#5413=CARTESIAN_POINT('',(63.3914719664215,-110.025406659822,47.85522579543));
#5414=CARTESIAN_POINT('',(43.7441536728123,-108.282996343741,58.5655297989823));
#5415=CARTESIAN_POINT('',(95.4564059207289,-125.943923077823,20.5317644952375));
#5416=CARTESIAN_POINT('',(84.8353601009095,-119.23034960155,38.8302592825934));
#5417=CARTESIAN_POINT('',(63.8590969524103,-112.603193879427,49.8262993999471));
#5418=CARTESIAN_POINT('',(44.6438288565431,-110.661180685265,60.7680978710411));
#5419=CARTESIAN_POINT('',(94.9775606146479,-128.627393271731,22.378308063011));
#5420=CARTESIAN_POINT('',(84.7874604278823,-121.769190245349,40.5548530029718));
#5421=CARTESIAN_POINT('',(64.3447557491109,-115.233068813471,51.851316923277));
#5422=CARTESIAN_POINT('',(45.5396915919327,-113.068897025233,62.939830487434));
#5423=CARTESIAN_POINT('',(94.5217544144641,-131.284140556404,24.2684361385465));
#5424=CARTESIAN_POINT('',(84.7671627573168,-124.416933915397,42.3568657802));
#5425=CARTESIAN_POINT('',(64.8286584209406,-117.877890342509,53.8608156484153));
#5426=CARTESIAN_POINT('',(46.4335570285409,-115.517820215917,65.0657552179939));
#5427=CARTESIAN_POINT('',(94.0830122967625,-133.989702651276,26.0933747187495));
#5428=CARTESIAN_POINT('',(84.8199672763473,-127.260608179313,44.1886307887484));
#5429=CARTESIAN_POINT('',(65.3120195701588,-120.562955054358,55.8065951304782));
#5430=CARTESIAN_POINT('',(47.3254466501252,-118.010363895036,67.1412920303248));
#5431=CARTESIAN_POINT('',(93.2364484333066,-139.584659755686,29.4635869776477));
#5432=CARTESIAN_POINT('',(84.9495813492963,-133.089826418811,47.6138872772504));
#5433=CARTESIAN_POINT('',(66.2997006045331,-126.030402903108,59.5425777443084));
#5434=CARTESIAN_POINT('',(49.1035800740974,-123.076751018296,71.1956112217501));
#5435=CARTESIAN_POINT('',(92.0970475966519,-148.574952031456,33.5129720320021));
#5436=CARTESIAN_POINT('',(85.2315447630771,-142.201862280133,51.8693161305206));
#5437=CARTESIAN_POINT('',(67.8349538994909,-134.585976997711,64.5658514657492));
#5438=CARTESIAN_POINT('',(51.7432551787626,-130.958926277596,76.9293411463305));
#5439=CARTESIAN_POINT('',(90.9436234385016,-161.45340636578,36.3580940863318));
#5440=CARTESIAN_POINT('',(85.782063781331,-154.880485550033,55.416940247899));
#5441=CARTESIAN_POINT('',(70.0146288649634,-146.593673659156,69.8681795454763));
#5442=CARTESIAN_POINT('',(55.1781632293823,-142.043991983481,83.7565737002534));
#5443=CARTESIAN_POINT('',(90.1824378383829,-174.655128407836,36.6229650466822));
#5444=CARTESIAN_POINT('',(86.4788359056546,-167.694628458588,56.899151372728));
#5445=CARTESIAN_POINT('',(72.3033535750797,-158.973982580259,73.7628574296785));
#5446=CARTESIAN_POINT('',(58.5025590851565,-153.639489521225,89.7387789375623));
#5447=CARTESIAN_POINT('',(89.8433788001182,-185.536056424783,35.0050505675741));
#5448=CARTESIAN_POINT('',(87.1948498684101,-178.266201900477,56.7051693301037));
#5449=CARTESIAN_POINT('',(74.2513631380812,-169.450697574599,75.9301508440332));
#5450=CARTESIAN_POINT('',(61.160632284988,-163.672732154076,94.0000916879333));
#5451=CARTESIAN_POINT('',(89.7346042743447,-192.981066398695,33.1021349000843));
#5452=CARTESIAN_POINT('',(87.771586120752,-185.553379273323,55.9709725896082));
#5453=CARTESIAN_POINT('',(75.6151611527569,-176.819913151651,76.9496464505445));
#5454=CARTESIAN_POINT('',(62.9539349314482,-170.858121015947,96.6035537235272));
#5455=CARTESIAN_POINT('',(89.7043400376711,-197.181697171973,31.8263951262065));
#5456=CARTESIAN_POINT('',(88.1227483481617,-189.68376245337,55.4027165163012));
#5457=CARTESIAN_POINT('',(76.3902887750313,-181.036544295475,77.4005669179822));
#5458=CARTESIAN_POINT('',(63.958635221971,-175.005624506606,97.984475187174));
#5459=CARTESIAN_POINT('',(89.7012198722034,-199.25923438099,31.1181502141725));
#5460=CARTESIAN_POINT('',(88.2999817290009,-191.732628689714,55.0613167145767));
#5461=CARTESIAN_POINT('',(76.7758788009352,-183.150918785984,77.5774924764381));
#5462=CARTESIAN_POINT('',(64.4529876675292,-177.094464835432,98.6338209166229));
#5463=CARTESIAN_POINT('',(89.7000000000003,-200.297243951182,30.7620652498299));
#5464=CARTESIAN_POINT('',(88.4076356426226,-192.763397577774,54.8930999601956));
#5465=CARTESIAN_POINT('',(76.9731230191069,-184.184270600097,77.6606643799753));
#5466=CARTESIAN_POINT('',(64.7000000000004,-178.139146061084,98.9576783413011));
#5467=CARTESIAN_POINT('',(66.6613709514001,-175.370794272509,92.7094965857171));
#5468=CARTESIAN_POINT('',(63.7255493921739,-174.428126211887,98.0356817589858));
#5469=CARTESIAN_POINT('',(65.7733547322899,-175.664731795026,92.3653008440188));
#5470=CARTESIAN_POINT('',(64.0676312488733,-163.44398221788,89.2080377180636));
#5471=CARTESIAN_POINT('',(60.886423081457,-162.71151022092,94.2332867954281));
#5472=CARTESIAN_POINT('',(63.2129124694799,-163.780284939838,88.8146708955812));
#5473=CARTESIAN_POINT('',(61.342311865079,-151.881727747019,84.5491891207491));
#5474=CARTESIAN_POINT('',(57.7672078315898,-151.068464905891,89.0645266891769));
#5475=CARTESIAN_POINT('',(60.5430116600952,-152.277134536899,84.0915064992268));
#5476=CARTESIAN_POINT('',(56.8387720454883,-135.362446883094,75.7363023129431));
#5477=CARTESIAN_POINT('',(52.7269079568975,-134.490381960076,79.366085474895));
#5478=CARTESIAN_POINT('',(56.1510159395924,-135.86143425533,75.2138208042904));
#5479=CARTESIAN_POINT('',(55.2844270655256,-130.063529101775,72.5157796899453));
#5480=CARTESIAN_POINT('',(51.035506651007,-129.239644499008,75.9002024405605));
#5481=CARTESIAN_POINT('',(54.6369105010617,-130.598658530944,71.9784162821981));
#5482=CARTESIAN_POINT('',(52.8707867385277,-122.440880775058,67.2465770587453));
#5483=CARTESIAN_POINT('',(48.4676048328522,-121.685442168106,70.2807594707187));
#5484=CARTESIAN_POINT('',(52.2802047395139,-123.026725047475,66.6987128090857));
#5485=CARTESIAN_POINT('',(52.0495636587837,-119.95226714415,65.4213644808111));
#5486=CARTESIAN_POINT('',(47.6121371514581,-119.245472665577,68.3675243772665));
#5487=CARTESIAN_POINT('',(51.4774336119604,-120.554668189149,64.872036617731));
#5488=CARTESIAN_POINT('',(50.800135207946,-116.302664311769,62.5690278819897));
#5489=CARTESIAN_POINT('',(46.3119583384948,-115.618924979823,65.3489875295109));
#5490=CARTESIAN_POINT('',(50.254436452159,-116.929205493025,62.0203419423468));
#5491=CARTESIAN_POINT('',(50.3845976680819,-115.101217870317,61.5957417648381));
#5492=CARTESIAN_POINT('',(45.877883781864,-114.417369802125,64.3166616357269));
#5493=CARTESIAN_POINT('',(49.8474791656011,-115.735552003989,61.0476117376393));
#5494=CARTESIAN_POINT('',(49.5588106771528,-112.724180428536,59.6122932293543));
#5495=CARTESIAN_POINT('',(45.0193839884148,-112.065078556688,62.2337185991536));
#5496=CARTESIAN_POINT('',(49.0386734028581,-113.37182139036,59.0634242268301));
#5497=CARTESIAN_POINT('',(49.1463168613482,-111.54794308985,58.603016614491));
#5498=CARTESIAN_POINT('',(44.6018835510135,-110.941199857129,61.2076920319027));
#5499=CARTESIAN_POINT('',(48.6351442911218,-112.202434787671,58.0539053750985));
#5500=CARTESIAN_POINT('',(48.2864972331665,-109.205575759383,56.5936564392943));
#5501=CARTESIAN_POINT('',(43.7363549866612,-108.69671390449,59.1461612175584));
#5502=CARTESIAN_POINT('',(47.7918982395931,-109.867187809622,56.03803402794));
#5503=CARTESIAN_POINT('',(47.8529974739736,-108.039579554531,55.5883178689157));
#5504=CARTESIAN_POINT('',(43.2940770220303,-107.557663997335,58.091717422751));
#5505=CARTESIAN_POINT('',(47.3654136683215,-108.700256850232,55.0254423578585));
#5506=CARTESIAN_POINT('',(46.9909568793482,-105.688274232871,53.6129654042447));
#5507=CARTESIAN_POINT('',(42.440931345196,-105.319619554328,56.0642631947307));
#5508=CARTESIAN_POINT('',(46.5157562419023,-106.341418331399,53.0311559347775));
#5509=CARTESIAN_POINT('',(46.5557752385404,-104.501077172012,52.6480240451253));
#5510=CARTESIAN_POINT('',(42.0181925431739,-104.202975438891,55.0813633417265));
#5511=CARTESIAN_POINT('',(46.0862707833747,-105.148462674881,52.0552993806844));
#5512=CARTESIAN_POINT('',(45.2317600181316,-100.896282408381,49.8284651762068));
#5513=CARTESIAN_POINT('',(40.7339452652751,-100.805491590624,52.2021858427069));
#5514=CARTESIAN_POINT('',(44.7798723175531,-101.526589447329,49.2042521148333));
#5515=CARTESIAN_POINT('',(44.327552735367,-98.4368452815102,48.0489557736846));
#5516=CARTESIAN_POINT('',(39.8558239306432,-98.4734476263769,50.3680582495132));
#5517=CARTESIAN_POINT('',(43.887214952147,-99.0535759474318,47.4033877968867));
#5518=CARTESIAN_POINT('',(41.5306087723841,-90.8881192419459,43.0197090706522));
#5519=CARTESIAN_POINT('',(37.1695585565029,-91.3553327417674,45.2100345002411));
#5520=CARTESIAN_POINT('',(41.1254543513782,-91.4612077362971,42.3124831117264));
#5521=CARTESIAN_POINT('',(39.5573503671318,-85.6332067195281,40.0708199739364));
#5522=CARTESIAN_POINT('',(35.2409986911161,-86.2894610367465,42.0855013819413));
#5523=CARTESIAN_POINT('',(39.1760516988029,-86.1721353034455,39.3243972892711));
#5524=CARTESIAN_POINT('',(36.4806978025679,-77.4141911358028,36.232693154996));
#5525=CARTESIAN_POINT('',(32.1965223346081,-78.2736594933693,37.9583214999487));
#5526=CARTESIAN_POINT('',(36.1383700020407,-77.8925278559972,35.4303704320675));
#5527=CARTESIAN_POINT('',(35.4365383014966,-74.6231787023095,35.0564771011959));
#5528=CARTESIAN_POINT('',(31.1737895225336,-75.5693703754709,36.6891773976442));
#5529=CARTESIAN_POINT('',(35.1077661568283,-75.0798657464008,34.2361284544303));
#5530=CARTESIAN_POINT('',(33.3305947239122,-69.0268986809495,32.9436432059876));
#5531=CARTESIAN_POINT('',(29.1108328184505,-70.1272030826596,34.3796187600042));
#5532=CARTESIAN_POINT('',(33.0302925449498,-69.4382586070751,32.0893147374341));
#5533=CARTESIAN_POINT('',(32.2684811109754,-66.2090120891939,32.0009107556689));
#5534=CARTESIAN_POINT('',(28.0642120244869,-67.3783013022644,33.3305230550482));
#5535=CARTESIAN_POINT('',(31.98333477783,-66.5962027411764,31.1303380914567));
#5536=CARTESIAN_POINT('',(30.1107039582734,-60.5411258152601,30.326207070791));
#5537=CARTESIAN_POINT('',(25.9561768740284,-61.841078582767,31.4441840430589));
#5538=CARTESIAN_POINT('',(29.8564925823062,-60.8811930397282,29.4270432713268));
#5539=CARTESIAN_POINT('',(29.0155337585694,-57.6913809178321,29.5910222681618));
#5540=CARTESIAN_POINT('',(24.8939874786463,-59.0481220343501,30.6028740108456));
#5541=CARTESIAN_POINT('',(28.7764825804806,-58.0088704281392,28.6797485282797));
#5542=CARTESIAN_POINT('',(26.7837790954281,-51.9699016005441,28.3031528642477));
#5543=CARTESIAN_POINT('',(22.7327179135598,-53.4144788317896,29.1163138972703));
#5544=CARTESIAN_POINT('',(26.5721515761033,-52.2422507894262,27.3709735609445));
#5545=CARTESIAN_POINT('',(25.6486685971858,-49.0966425649517,27.7577759507698));
#5546=CARTESIAN_POINT('',(21.6128845189224,-50.5471876070444,28.4680285402038));
#5547=CARTESIAN_POINT('',(25.4498463690788,-49.3448489913519,26.8163945545128));
#5548=CARTESIAN_POINT('',(24.5300282881703,-46.2007419479916,27.2666910238975));
#5549=CARTESIAN_POINT('',(20.4979444219892,-47.6384557908285,27.8978930199717));
#5550=CARTESIAN_POINT('',(24.3423679142,-46.4335410339096,26.3193728906266));
#5551=CARTESIAN_POINT('',(102.729904654196,-30.9341972794631,4.91209141684746));
#5552=CARTESIAN_POINT('',(104.802424295305,-30.9135173038607,3.47311860629342));
#5553=CARTESIAN_POINT('',(102.337716155297,-30.9185089365415,4.01311577468408));
#5554=CARTESIAN_POINT('',(102.723985580041,-38.0571269822518,4.78887842636277));
#5555=CARTESIAN_POINT('',(104.797046316299,-38.1207173369566,3.30442698149076));
#5556=CARTESIAN_POINT('',(102.317290311634,-38.0402187722136,3.8958462313631));
#5557=CARTESIAN_POINT('',(102.619605477369,-45.1825758753019,4.67751509220659));
#5558=CARTESIAN_POINT('',(104.687892611348,-45.2833585646776,3.14328198448244));
#5559=CARTESIAN_POINT('',(102.196698164161,-45.1599394119375,3.79162418357728));
#5560=CARTESIAN_POINT('',(102.234447446334,-55.8677292846083,4.5524665706045));
#5561=CARTESIAN_POINT('',(104.287528766345,-55.9590208029956,2.93307272403627));
#5562=CARTESIAN_POINT('',(101.782905467653,-55.8401478938465,3.68055791669389));
#5563=CARTESIAN_POINT('',(102.080402373977,-59.429086572048,4.51687852041615));
#5564=CARTESIAN_POINT('',(104.125142355024,-59.535236451855,2.86571689801502));
#5565=CARTESIAN_POINT('',(101.618213704738,-59.4001755370691,3.65035307950329));
#5566=CARTESIAN_POINT('',(101.77885625282,-64.7640141006039,4.48433082284869));
#5567=CARTESIAN_POINT('',(103.808272142465,-64.891528467568,2.77732679637036));
#5568=CARTESIAN_POINT('',(101.298344167973,-64.7308823909643,3.6277067721515));
#5569=CARTESIAN_POINT('',(101.661619696363,-66.5407354986138,4.47858009841766));
#5570=CARTESIAN_POINT('',(103.685680456338,-66.6601579222875,2.75221895965516));
#5571=CARTESIAN_POINT('',(101.174799808808,-66.504502575803,3.62552336083693));
#5572=CARTESIAN_POINT('',(101.446279787272,-70.0940802153341,4.45076473097764));
#5573=CARTESIAN_POINT('',(103.452681912861,-70.2119537079535,2.68382424651237));
#5574=CARTESIAN_POINT('',(100.945137724175,-70.0579556531034,3.60584667634443));
#5575=CARTESIAN_POINT('',(101.333919977332,-71.8687727563271,4.43999712958179));
#5576=CARTESIAN_POINT('',(103.327896028175,-72.0231771737554,2.65039209028373));
#5577=CARTESIAN_POINT('',(100.824619170359,-71.8376916427678,3.59956515747104));
#5578=CARTESIAN_POINT('',(100.945924906033,-77.1675799548323,4.55298052860284));
#5579=CARTESIAN_POINT('',(102.897515540381,-77.4595469377526,2.69782242106133));
#5580=CARTESIAN_POINT('',(100.410175861253,-77.1707257417372,3.72782298383604));
#5581=CARTESIAN_POINT('',(100.644588807527,-80.6699027808966,4.8565194974613));
#5582=CARTESIAN_POINT('',(102.563114366135,-81.0848280855974,2.96940024783639));
#5583=CARTESIAN_POINT('',(100.089979692394,-80.7146567345707,4.04473418491518));
#5584=CARTESIAN_POINT('',(99.952616350163,-87.6389670672189,5.98326994785943));
#5585=CARTESIAN_POINT('',(101.810699864759,-88.2706252657633,4.04841579277786));
#5586=CARTESIAN_POINT('',(99.3651276056382,-87.7395469667862,5.1996568643351));
#5587=CARTESIAN_POINT('',(99.5576173694574,-91.1106052709919,6.78834100689987));
#5588=CARTESIAN_POINT('',(101.385552246537,-91.8496892679773,4.84094346756661));
#5589=CARTESIAN_POINT('',(98.9547771958903,-91.2349219723833,6.01991290802501));
#5590=CARTESIAN_POINT('',(98.2338988528221,-101.413254191165,9.85714373789487));
#5591=CARTESIAN_POINT('',(99.9611422227763,-102.53106181728,7.90027692234509));
#5592=CARTESIAN_POINT('',(97.5864817338319,-101.600004266062,9.13658935144727));
#5593=CARTESIAN_POINT('',(97.180785107732,-107.927306539062,12.7147400119702));
#5594=CARTESIAN_POINT('',(98.8386220647593,-109.254314424048,10.7901088579656));
#5595=CARTESIAN_POINT('',(96.5069513376697,-108.137089061193,12.0256942058133));
#5596=CARTESIAN_POINT('',(95.4242386196937,-117.288515227887,17.8809823704487));
#5597=CARTESIAN_POINT('',(96.9928951281122,-118.793857356064,15.9146641519828));
#5598=CARTESIAN_POINT('',(94.7092161204148,-117.527656457484,17.245492179066));
#5599=CARTESIAN_POINT('',(94.843496209939,-120.333720551958,19.7348129994569));
#5600=CARTESIAN_POINT('',(96.3821950971033,-121.885964264497,17.7517016453805));
#5601=CARTESIAN_POINT('',(94.1142138511565,-120.585108482661,19.1201559169647));
#5602=CARTESIAN_POINT('',(94.0537194489976,-124.807874125854,22.7083675722627));
#5603=CARTESIAN_POINT('',(95.5471190155825,-126.446455624028,20.7155482176703));
#5604=CARTESIAN_POINT('',(93.3053813053937,-125.07796668203,22.1253898239721));
#5605=CARTESIAN_POINT('',(93.8005016879677,-126.279537192041,23.7372195595978));
#5606=CARTESIAN_POINT('',(95.2793558384607,-127.953992681149,21.7494668157836));
#5607=CARTESIAN_POINT('',(93.0464109922801,-126.556839440873,23.1650601570817));
#5608=CARTESIAN_POINT('',(93.3183778337671,-129.206058395312,25.8395348806821));
#5609=CARTESIAN_POINT('',(94.770280569895,-130.915091304426,23.8299101599256));
#5610=CARTESIAN_POINT('',(92.5530897838378,-129.488709698803,25.284806446777));
#5611=CARTESIAN_POINT('',(93.0936077315246,-130.670011600369,26.9036372311661));
#5612=CARTESIAN_POINT('',(94.5353215522041,-132.349691067449,24.8345359366045));
#5613=CARTESIAN_POINT('',(92.3221726016451,-130.943428237547,26.3523636210419));
#5614=CARTESIAN_POINT('',(92.0497779695199,-138.196738911569,31.8991797548537));
#5615=CARTESIAN_POINT('',(93.3746494749452,-139.69836234216,29.5522746002924));
#5616=CARTESIAN_POINT('',(91.2452377857248,-138.390494670911,31.3567672255809));
#5617=CARTESIAN_POINT('',(91.3456216029591,-144.762407440775,34.940529815598));
#5618=CARTESIAN_POINT('',(92.5629986188291,-146.000607927149,32.3418018468809));
#5619=CARTESIAN_POINT('',(90.5160746829769,-144.883863367446,34.4151990278063));
#5620=CARTESIAN_POINT('',(90.2184666917542,-159.110830371914,38.8335325903312));
#5621=CARTESIAN_POINT('',(91.2213413231459,-159.722926577224,35.8846309597109));
#5622=CARTESIAN_POINT('',(89.3441846997406,-159.125037633351,38.3695212825639));
#5623=CARTESIAN_POINT('',(89.8376224440581,-166.404698776725,39.5325412448079));
#5624=CARTESIAN_POINT('',(90.7382532176128,-166.687685707528,36.4526184379427));
#5625=CARTESIAN_POINT('',(88.9445265747682,-166.38181084894,39.107777924344));
#5626=CARTESIAN_POINT('',(89.502589617545,-177.427400098831,39.054525043249));
#5627=CARTESIAN_POINT('',(90.230541201701,-177.191057087124,35.8913248243374));
#5628=CARTESIAN_POINT('',(88.5842492738065,-177.373105728724,38.6922935275356));
#5629=CARTESIAN_POINT('',(89.4304978478213,-181.139993433146,38.6342671230953));
#5630=CARTESIAN_POINT('',(90.0971526171294,-180.75396717312,35.4522464486236));
#5631=CARTESIAN_POINT('',(88.5042488506814,-181.079089633592,38.2936634753078));
#5632=CARTESIAN_POINT('',(89.3594103145583,-188.396182147163,37.3714648838381));
#5633=CARTESIAN_POINT('',(89.8999133046485,-187.739462662488,34.1763741110692));
#5634=CARTESIAN_POINT('',(88.4189638710715,-188.328436385681,37.072995445796));
#5635=CARTESIAN_POINT('',(89.3598713294175,-191.962074879793,36.5287312330177));
#5636=CARTESIAN_POINT('',(89.834733716159,-191.178435425473,33.3389127279702));
#5637=CARTESIAN_POINT('',(88.4130645632824,-191.894063691492,36.2510249148899));
#5638=CARTESIAN_POINT('',(89.387966843093,-195.478179068264,35.5157146621021));
#5639=CARTESIAN_POINT('',(89.7993292168994,-194.568075522288,32.3358959034484));
#5640=CARTESIAN_POINT('',(88.4355880380697,-195.411865242302,35.257707620591));
#5641=CARTESIAN_POINT('',(66.4765085633786,-195.536261076719,-27.7816594921363));
#5642=CARTESIAN_POINT('',(72.0952921441815,-194.234115558683,-36.9465787456728));
#5643=CARTESIAN_POINT('',(77.0216329051803,-192.226069354774,-46.442478397898));
#5644=CARTESIAN_POINT('',(85.0070579916966,-186.501872712437,-65.7633409589229));
#5645=CARTESIAN_POINT('',(88.0776692044405,-182.843026559041,-75.4339935607338));
#5646=CARTESIAN_POINT('',(89.37906748669,-178.208099443149,-85.1359107125822));
#5647=CARTESIAN_POINT('',(66.4765085633786,-195.536261076719,-27.7816594921363));
#5648=CARTESIAN_POINT('',(89.37906748669,-178.208099443149,-85.1359107125821));
#5649=CARTESIAN_POINT('',(66.4765085633786,-195.536261076719,-27.7816594921363));
#5650=CARTESIAN_POINT('',(66.4451420949997,-195.543530213469,-27.7304969681084));
#5651=CARTESIAN_POINT('',(66.4043840411918,-195.550112703853,-27.6840187551629));
#5652=CARTESIAN_POINT('',(66.3576788625449,-195.555484950278,-27.6460179024294));
#5653=CARTESIAN_POINT('',(66.3109734730121,-195.560857220961,-27.6080168781123));
#5654=CARTESIAN_POINT('',(66.2570043729599,-195.565170240134,-27.5774294639506));
#5655=CARTESIAN_POINT('',(66.2001938041753,-195.568053098373,-27.55697021285));
#5656=CARTESIAN_POINT('',(66.1436140997911,-195.570924241374,-27.5365941031936));
#5657=CARTESIAN_POINT('',(66.0825748791236,-195.572455445779,-27.5257092717537));
#5658=CARTESIAN_POINT('',(66.0223694972393,-195.572464528665,-27.5256447369375));
#5659=CARTESIAN_POINT('',(65.9638689542816,-195.572473354351,-27.525582029557));
#5660=CARTESIAN_POINT('',(65.9044471384127,-195.571040343616,-27.5357691520454));
#5661=CARTESIAN_POINT('',(65.8495068214607,-195.56823639817,-27.5556693279141));
#5662=CARTESIAN_POINT('',(65.7967350343419,-195.565543126264,-27.5747840309743));
#5663=CARTESIAN_POINT('',(65.7465834248019,-195.56150470979,-27.6034270375126));
#5664=CARTESIAN_POINT('',(65.7035844161268,-195.55644229239,-27.6392452491567));
#5665=CARTESIAN_POINT('',(65.6619560299487,-195.551541242971,-27.6739217310681));
#5666=CARTESIAN_POINT('',(65.6258648366988,-195.545543846753,-27.7162855197008));
#5667=CARTESIAN_POINT('',(65.5983317801215,-195.538948494899,-27.7627380045471));
#5668=CARTESIAN_POINT('',(65.5710755010472,-195.532419443168,-27.8087235233402));
#5669=CARTESIAN_POINT('',(65.5514503665643,-195.525129520843,-27.8599445996286));
#5670=CARTESIAN_POINT('',(65.5408218875882,-195.517668228968,-27.9122089829349));
#5671=CARTESIAN_POINT('',(65.5300333211149,-195.510094554171,-27.9652605790059));
#5672=CARTESIAN_POINT('',(65.5282025775875,-195.502145360453,-28.0207797783651));
#5673=CARTESIAN_POINT('',(65.5351522716109,-195.494437879542,-28.0744502735478));
#5674=CARTESIAN_POINT('',(65.5409037180666,-195.488059301777,-28.1188670461794));
#5675=CARTESIAN_POINT('',(65.5527135188145,-195.481722983811,-28.1628786302164));
#5676=CARTESIAN_POINT('',(65.5698352981655,-195.475743048407,-28.2043237762055));
#5677=CARTESIAN_POINT('',(65.5698352981699,-195.475743048406,-28.2043237762161));
#5678=CARTESIAN_POINT('',(88.4292750314989,-178.077273202635,-85.409219459694));
#5679=CARTESIAN_POINT('',(84.3302437364736,-182.357572940088,-76.4848420850096));
#5680=CARTESIAN_POINT('',(80.6835247823548,-186.03281509518,-67.07461817608));
#5681=CARTESIAN_POINT('',(73.3287165279544,-191.879620024825,-47.8479269648438));
#5682=CARTESIAN_POINT('',(69.6208375957025,-194.06089406788,-38.0102194241326));
#5683=CARTESIAN_POINT('',(65.5698352981699,-195.475743048406,-28.2043237762161));
#5684=CARTESIAN_POINT('',(88.4292750314989,-178.077273202635,-85.409219459694));
#5685=CARTESIAN_POINT('',(88.4292750314989,-178.077273202635,-85.409219459694));
#5686=CARTESIAN_POINT('',(88.4528546788243,-178.05265080993,-85.4605568747925));
#5687=CARTESIAN_POINT('',(88.4859591326736,-178.029292033323,-85.5092001650896));
#5688=CARTESIAN_POINT('',(88.5267394301627,-178.009278135547,-85.5508439330752));
#5689=CARTESIAN_POINT('',(88.5676492875,-177.989200653205,-85.5926200041725));
#5690=CARTESIAN_POINT('',(88.6176270748322,-177.971926208825,-85.6285250013103));
#5691=CARTESIAN_POINT('',(88.6724867354445,-177.959564996329,-85.6542072890597));
#5692=CARTESIAN_POINT('',(88.7229163051426,-177.948201990796,-85.6778156509345));
#5693=CARTESIAN_POINT('',(88.7790612846627,-177.940671466698,-85.693450604917));
#5694=CARTESIAN_POINT('',(88.8355503765977,-177.937975691755,-85.6990478752265));
#5695=CARTESIAN_POINT('',(88.887220468965,-177.935509889323,-85.7041676508148));
#5696=CARTESIAN_POINT('',(88.9406475813833,-177.937009083619,-85.7010556957788));
#5697=CARTESIAN_POINT('',(88.9911757494637,-177.94230509763,-85.6900580962684));
#5698=CARTESIAN_POINT('',(89.0403323193597,-177.947457350182,-85.6793590290042));
#5699=CARTESIAN_POINT('',(89.0880462696765,-177.956312165598,-85.6609694354146));
#5700=CARTESIAN_POINT('',(89.1308620303374,-177.967980815523,-85.6367199538001));
#5701=CARTESIAN_POINT('',(89.1753200313595,-177.980097027925,-85.6115403596094));
#5702=CARTESIAN_POINT('',(89.2156295859379,-177.995522956066,-85.5794684612044));
#5703=CARTESIAN_POINT('',(89.249435249875,-178.012926529196,-85.5432521506589));
#5704=CARTESIAN_POINT('',(89.2860787187501,-178.031791039341,-85.5039956742674));
#5705=CARTESIAN_POINT('',(89.3160097625899,-178.0534223834,-85.4589465282682));
#5706=CARTESIAN_POINT('',(89.3378162227759,-178.076159284369,-85.4115419280552));
#5707=CARTESIAN_POINT('',(89.3617652671513,-178.10113018958,-85.3594796096224));
#5708=CARTESIAN_POINT('',(89.3765383590437,-178.128053552316,-85.3032849319019));
#5709=CARTESIAN_POINT('',(89.3815461323078,-178.154948375744,-85.247078361878));
#5710=CARTESIAN_POINT('',(89.3848372219209,-178.172623551787,-85.2101396170436));
#5711=CARTESIAN_POINT('',(89.3840038189622,-178.190518706632,-85.1727110429631));
#5712=CARTESIAN_POINT('',(89.3790674866899,-178.208099443149,-85.1359107125821));
#5713=CARTESIAN_POINT('',(0.,0.,0.));
#5714=CARTESIAN_POINT('',(65.5698352981649,-195.475743048403,-28.2043237762049));
#5715=CARTESIAN_POINT('',(63.0234673269967,-183.821064870515,-24.1934114781054));
#5716=CARTESIAN_POINT('',(60.3736437066543,-171.883623075065,-21.3378609074007));
#5717=CARTESIAN_POINT('',(56.0421242689576,-153.678791338559,-18.9692708618925));
#5718=CARTESIAN_POINT('',(54.549349520109,-147.614992742515,-18.5161489548725));
#5719=CARTESIAN_POINT('',(52.2264884044584,-138.528326531531,-18.3538142445434));
#5720=CARTESIAN_POINT('',(51.4351072646888,-135.50184718875,-18.3814531241978));
#5721=CARTESIAN_POINT('',(49.8293326374361,-129.450464832954,-18.6173588492629));
#5722=CARTESIAN_POINT('',(49.0514031393704,-126.415531237529,-18.8568116090397));
#5723=CARTESIAN_POINT('',(47.3939573466515,-120.370919141991,-19.3645091150078));
#5724=CARTESIAN_POINT('',(46.5629717853399,-117.349183167324,-19.6208476421163));
#5725=CARTESIAN_POINT('',(44.8585517760536,-111.331707429384,-19.8631055850389));
#5726=CARTESIAN_POINT('',(43.9857256281919,-108.334575766243,-19.874027184824));
#5727=CARTESIAN_POINT('',(41.2878316569005,-99.3838011279253,-19.5669871063476));
#5728=CARTESIAN_POINT('',(39.3842196896313,-93.470105578113,-18.9176583237104));
#5729=CARTESIAN_POINT('',(35.4316545614333,-81.7288280396401,-16.7531134255186));
#5730=CARTESIAN_POINT('',(33.3923330421227,-75.9512329254122,-15.2311108260983));
#5731=CARTESIAN_POINT('',(29.2046474421992,-64.7855212076139,-11.4048831597083));
#5732=CARTESIAN_POINT('',(26.9987528024455,-59.3821541218529,-9.10298472776521));
#5733=CARTESIAN_POINT('',(24.7809971081987,-54.0838730838776,-6.51536044843474));
#5734=CARTESIAN_POINT('',(102.332887623698,-28.4666503139372,-15.7492716427432));
#5735=CARTESIAN_POINT('',(102.303218879402,-34.0784664760003,-19.9659641016425));
#5736=CARTESIAN_POINT('',(102.163429768053,-39.6950089937519,-24.1721013866841));
#5737=CARTESIAN_POINT('',(101.736784701075,-48.1443989730726,-30.4400755289927));
#5738=CARTESIAN_POINT('',(101.569543576172,-50.9637765149802,-32.5233910991275));
#5739=CARTESIAN_POINT('',(101.130915465662,-56.6115985146135,-36.6563154257688));
#5740=CARTESIAN_POINT('',(100.907321821497,-59.4062272102516,-38.7701353114725));
#5741=CARTESIAN_POINT('',(100.075234528056,-68.0571317593358,-44.6481031692517));
#5742=CARTESIAN_POINT('',(99.3602412128167,-74.3464373339478,-47.7312038362617));
#5743=CARTESIAN_POINT('',(97.5631966464474,-87.7141627058026,-52.3536451316059));
#5744=CARTESIAN_POINT('',(96.5034652225943,-94.5720408904362,-53.8277723189658));
#5745=CARTESIAN_POINT('',(94.739290536397,-105.041030194285,-55.110917430019));
#5746=CARTESIAN_POINT('',(94.1534361680153,-108.549255196613,-55.3909825207395));
#5747=CARTESIAN_POINT('',(93.0907453588559,-115.612720165485,-55.6825280421355));
#5748=CARTESIAN_POINT('',(92.5964676331006,-119.178706622966,-55.5894543328828));
#5749=CARTESIAN_POINT('',(91.3049426976439,-129.826470421574,-55.9105147439584));
#5750=CARTESIAN_POINT('',(90.5788884317249,-136.812012043556,-57.1743355009837));
#5751=CARTESIAN_POINT('',(89.4007752240192,-150.518289858303,-62.1195802565306));
#5752=CARTESIAN_POINT('',(88.9898954214429,-156.824548671559,-65.6793895207126));
#5753=CARTESIAN_POINT('',(88.4866744764014,-168.303529323515,-74.4669428120381));
#5754=CARTESIAN_POINT('',(88.3964880448932,-173.491428461959,-79.7136295284657));
#5755=CARTESIAN_POINT('',(88.4292750314993,-178.077273202642,-85.4092194597048));
#5756=CARTESIAN_POINT('',(89.7000000000003,-180.12536256688,-92.8447325001489));
#5757=CARTESIAN_POINT('',(81.366666666667,-187.511395196912,-70.1128614696585));
#5758=CARTESIAN_POINT('',(73.0333333333337,-194.897427826945,-47.3809904391681));
#5759=CARTESIAN_POINT('',(64.7000000000004,-202.283460456977,-24.6491194086777));
#5760=CARTESIAN_POINT('',(89.6999999999995,-177.62586213503,-89.231272944078));
#5761=CARTESIAN_POINT('',(81.0390802644415,-184.467877033986,-67.227461229228));
#5762=CARTESIAN_POINT('',(72.3781605288834,-191.309891932942,-45.2236495143779));
#5763=CARTESIAN_POINT('',(63.7172407933254,-198.151906831899,-23.2198377995279));
#5764=CARTESIAN_POINT('',(89.7757743645031,-172.239544437819,-82.2671337200375));
#5765=CARTESIAN_POINT('',(80.415415201646,-178.093307383613,-61.7284443998402));
#5766=CARTESIAN_POINT('',(71.0550560387889,-183.947070329407,-41.189755079643));
#5767=CARTESIAN_POINT('',(61.6946968759319,-189.800833275201,-20.6510657594458));
#5768=CARTESIAN_POINT('',(90.1835590025144,-162.803916315588,-73.0120725033016));
#5769=CARTESIAN_POINT('',(79.6251807353282,-167.558439179705,-54.5787541443838));
#5770=CARTESIAN_POINT('',(69.0668024681419,-172.312962043823,-36.1454357854659));
#5771=CARTESIAN_POINT('',(58.5084242009557,-177.06748490794,-17.7121174265481));
#5772=CARTESIAN_POINT('',(90.9459968216304,-151.959313958129,-65.4674162203119));
#5773=CARTESIAN_POINT('',(79.0267693611996,-156.034395770709,-48.8890158180242));
#5774=CARTESIAN_POINT('',(67.1075419007689,-160.109477583289,-32.3106154157365));
#5775=CARTESIAN_POINT('',(55.1883144403381,-164.18455939587,-15.7322150134487));
#5776=CARTESIAN_POINT('',(92.1019899544049,-139.85066936312,-60.2010847873269));
#5777=CARTESIAN_POINT('',(78.6534288937855,-143.638762256068,-45.0479633331459));
#5778=CARTESIAN_POINT('',(65.2048678331661,-147.426855149017,-29.8948418789648));
#5779=CARTESIAN_POINT('',(51.7563067725468,-151.214948041965,-14.7417204247838));
#5780=CARTESIAN_POINT('',(93.2433209232786,-130.188296979417,-58.2002854278422));
#5781=CARTESIAN_POINT('',(78.5353099525728,-133.951209032173,-43.7143129666422));
#5782=CARTESIAN_POINT('',(63.8272989818671,-137.714121084929,-29.2283405054423));
#5783=CARTESIAN_POINT('',(49.1192880111613,-141.477033137685,-14.7423680442423));
#5784=CARTESIAN_POINT('',(94.0915267222842,-123.672991772647,-57.6429429957914));
#5785=CARTESIAN_POINT('',(78.5087493767427,-127.449071569446,-43.4432396036401));
#5786=CARTESIAN_POINT('',(62.9259720312012,-131.225151366244,-29.2435362114889));
#5787=CARTESIAN_POINT('',(47.3431946856597,-135.001231163043,-15.0438328193377));
#5788=CARTESIAN_POINT('',(94.5309194588307,-120.408763143394,-57.5319622662524));
#5789=CARTESIAN_POINT('',(78.5046729761802,-124.195063270891,-43.4400822719257));
#5790=CARTESIAN_POINT('',(62.4784264935296,-127.981363398388,-29.3482022775991));
#5791=CARTESIAN_POINT('',(46.4521800108791,-131.767663525885,-15.2563222832724));
#5792=CARTESIAN_POINT('',(94.9876296632801,-117.144964322984,-57.5010262552435));
#5793=CARTESIAN_POINT('',(78.5113682673938,-120.943154325348,-43.5113906015701));
#5794=CARTESIAN_POINT('',(62.0351068715075,-124.741344327712,-29.5217549478967));
#5795=CARTESIAN_POINT('',(45.5588454756212,-128.539534330076,-15.5321192942233));
#5796=CARTESIAN_POINT('',(95.4674576499966,-113.88601570302,-57.4146725473661));
#5797=CARTESIAN_POINT('',(78.532740359412,-117.696561732636,-43.5656949245303));
#5798=CARTESIAN_POINT('',(61.5980230688274,-121.507107762251,-29.7167173016946));
#5799=CARTESIAN_POINT('',(44.6633057782429,-125.317653791867,-15.8677396788589));
#5800=CARTESIAN_POINT('',(95.9715573467519,-110.634042242837,-57.2397009004133));
#5801=CARTESIAN_POINT('',(78.5695967702017,-114.456972204394,-43.5797003548914));
#5802=CARTESIAN_POINT('',(61.1676361936514,-118.279902165951,-29.9196998093695));
#5803=CARTESIAN_POINT('',(43.7656756171012,-122.102832127508,-16.2596992638476));
#5804=CARTESIAN_POINT('',(96.6766482511697,-106.310084337602,-56.8982532144381));
#5805=CARTESIAN_POINT('',(78.6351518345287,-110.145362889533,-43.5121770783293));
#5806=CARTESIAN_POINT('',(60.5936554178878,-113.980641441463,-30.1261009422205));
#5807=CARTESIAN_POINT('',(42.5521590012468,-117.815919993393,-16.7400248061117));
#5808=CARTESIAN_POINT('',(97.6209250143852,-100.932724212891,-56.2874178670142));
#5809=CARTESIAN_POINT('',(78.7439798186683,-104.771886184686,-43.2386384456181));
#5810=CARTESIAN_POINT('',(59.8670346229515,-108.61104815648,-30.189859024222));
#5811=CARTESIAN_POINT('',(40.9900894272346,-112.450210128275,-17.1410796028259));
#5812=CARTESIAN_POINT('',(98.7112116190057,-94.5230921250229,-55.1924955426002));
#5813=CARTESIAN_POINT('',(78.8216473089573,-98.3541039651287,-42.5513235955782));
#5814=CARTESIAN_POINT('',(58.9320829989089,-102.185115805234,-29.9101516485562));
#5815=CARTESIAN_POINT('',(39.0425186888605,-106.01612764534,-17.2689797015342));
#5816=CARTESIAN_POINT('',(99.6988159166314,-88.1742612282366,-53.7103837949249));
#5817=CARTESIAN_POINT('',(78.8078868567478,-91.9846428462799,-41.4898606427995));
#5818=CARTESIAN_POINT('',(57.9169577968641,-95.7950244643232,-29.2693374906742));
#5819=CARTESIAN_POINT('',(37.0260287369805,-99.6054060823665,-17.0488143385488));
#5820=CARTESIAN_POINT('',(100.606670736558,-81.9261849513001,-51.8023075338993));
#5821=CARTESIAN_POINT('',(78.7193763602546,-85.6963356355687,-40.0301662591079));
#5822=CARTESIAN_POINT('',(56.8320819839514,-89.4664863198373,-28.2580249843164));
#5823=CARTESIAN_POINT('',(34.9447876076483,-93.2366370041059,-16.485883709525));
#5824=CARTESIAN_POINT('',(101.425162090905,-75.822132644998,-49.4456337792473));
#5825=CARTESIAN_POINT('',(78.551281716174,-79.5238053407908,-38.1585680382587));
#5826=CARTESIAN_POINT('',(55.6774013414432,-83.2254780365836,-26.87150229727));
#5827=CARTESIAN_POINT('',(32.8035209667124,-86.9271507323765,-15.5844365562813));
#5828=CARTESIAN_POINT('',(102.147522544406,-69.9041686632774,-46.6202394303749));
#5829=CARTESIAN_POINT('',(78.3006665229441,-73.500871638517,-35.8630668271287));
#5830=CARTESIAN_POINT('',(54.4538105014827,-77.0975746137567,-25.1058942238826));
#5831=CARTESIAN_POINT('',(30.6069544800212,-80.6942775889965,-14.3487216206364));
#5832=CARTESIAN_POINT('',(102.668097333126,-65.1807008619921,-43.858580609385));
#5833=CARTESIAN_POINT('',(78.0236819333695,-68.6456782588827,-33.5891607362021));
#5834=CARTESIAN_POINT('',(53.3792665336134,-72.1106556557734,-23.3197408630192));
#5835=CARTESIAN_POINT('',(28.7348511338574,-75.5756330526641,-13.0503209898363));
#5836=CARTESIAN_POINT('',(103.034844914229,-61.5653781351282,-41.3882414947056));
#5837=CARTESIAN_POINT('',(77.7615168931852,-64.8878889431538,-31.5442838481643));
#5838=CARTESIAN_POINT('',(52.4881888721418,-68.2103997511793,-21.7003262016231));
#5839=CARTESIAN_POINT('',(27.2148608510983,-71.5329105592049,-11.8563685550818));
#5840=CARTESIAN_POINT('',(103.286524341775,-58.9136412350167,-39.4465867810274));
#5841=CARTESIAN_POINT('',(77.5457870859336,-62.1183451795806,-29.926145920428));
#5842=CARTESIAN_POINT('',(51.8050498300919,-65.3230491241445,-20.4057050598285));
#5843=CARTESIAN_POINT('',(26.0643125742501,-68.5277530687085,-10.885264199229));
#5844=CARTESIAN_POINT('',(103.516417210148,-56.2921926448655,-37.4652265938802));
#5845=CARTESIAN_POINT('',(77.3122137970182,-59.3782176864454,-28.2569829788734));
#5846=CARTESIAN_POINT('',(51.1080103838881,-62.4642427280252,-19.0487393638666));
#5847=CARTESIAN_POINT('',(24.903806970758,-65.5502677696051,-9.84049574885979));
#5848=CARTESIAN_POINT('',(103.795393308492,-52.7970356548002,-34.841952484539));
#5849=CARTESIAN_POINT('',(76.9761434374677,-55.7345004144459,-26.0100124950458));
#5850=CARTESIAN_POINT('',(50.1568935664433,-58.6719651740916,-17.1780725055527));
#5851=CARTESIAN_POINT('',(23.3376436954188,-61.6094299337373,-8.34613251605949));
#5852=CARTESIAN_POINT('',(104.033551568358,-49.3011814296324,-32.2120944702545));
#5853=CARTESIAN_POINT('',(76.607676136848,-52.1113438344712,-23.7132983195111));
#5854=CARTESIAN_POINT('',(49.1818007053384,-54.92150623931,-15.2145021687678));
#5855=CARTESIAN_POINT('',(21.7559252738288,-57.7316686441488,-6.71570601802442));
#5856=CARTESIAN_POINT('',(104.231410114287,-45.8066367374038,-29.5759664516937));
#5857=CARTESIAN_POINT('',(76.2097049237769,-48.5096271390868,-21.3690486246047));
#5858=CARTESIAN_POINT('',(48.1879997332671,-51.2126175407697,-13.1621307975158));
#5859=CARTESIAN_POINT('',(20.1662945427572,-53.9156079424527,-4.95521297042692));
#5860=CARTESIAN_POINT('',(104.359783697901,-43.1868846767124,-27.5958139108015));
#5861=CARTESIAN_POINT('',(75.8972831153167,-45.8161978022548,-19.593901025631));
#5862=CARTESIAN_POINT('',(47.4347825327327,-48.4455109277971,-11.5919881404605));
#5863=CARTESIAN_POINT('',(18.9722819501486,-51.0748240533395,-3.59007525528993));
#5864=CARTESIAN_POINT('',(104.468266486818,-40.5687907665114,-25.6126833181046));
#5865=CARTESIAN_POINT('',(75.5719109523786,-43.126635569295,-17.8108367895392));
#5866=CARTESIAN_POINT('',(46.6755554179395,-45.6844803720787,-10.0089902609737));
#5867=CARTESIAN_POINT('',(17.7791998835004,-48.2423251748624,-2.20714373240821));
#5868=CARTESIAN_POINT('',(104.585721790595,-37.079796722684,-22.9651871213564));
#5869=CARTESIAN_POINT('',(75.120515628069,-39.5439322303874,-15.4263654281861));
#5870=CARTESIAN_POINT('',(45.655309465543,-42.0080677380907,-7.88754373501578));
#5871=CARTESIAN_POINT('',(16.190103303017,-44.472203245794,-0.348722041845478));
#5872=CARTESIAN_POINT('',(104.680311351641,-32.7211506783264,-19.6508042306116));
#5873=CARTESIAN_POINT('',(74.5223144908826,-35.0713822490796,-12.4335307477154));
#5874=CARTESIAN_POINT('',(44.3643176301242,-37.4216138198327,-5.21625726481914));
#5875=CARTESIAN_POINT('',(14.2063207693657,-39.7718453905859,2.00101621807711));
#5876=CARTESIAN_POINT('',(104.701924711876,-28.3639014934718,-16.3329811263909));
#5877=CARTESIAN_POINT('',(73.8763213437203,-30.6077424248286,-9.42187696301597));
#5878=CARTESIAN_POINT('',(43.0507179755647,-32.8515833561854,-2.510772799641));
#5879=CARTESIAN_POINT('',(12.2251146074091,-35.0954242875423,4.40033136373398));
#5880=CARTESIAN_POINT('',(104.701880230629,-24.8802120944445,-13.6759446991101));
#5881=CARTESIAN_POINT('',(73.3485421711817,-27.043028576312,-7.00099044295413));
#5882=CARTESIAN_POINT('',(41.9952041117348,-29.2058450581796,-0.326036186798159));
#5883=CARTESIAN_POINT('',(10.6418660522879,-31.3686615400472,6.34891806935782));
#5884=CARTESIAN_POINT('',(104.698588207569,-19.6564059364887,-9.68812286982219));
#5885=CARTESIAN_POINT('',(72.5553237616339,-21.7019031561807,-3.35853959797452));
#5886=CARTESIAN_POINT('',(40.412059315699,-23.7474003758728,2.97104367387316));
#5887=CARTESIAN_POINT('',(8.2687948697641,-25.7928975955648,9.30062694572083));
#5888=CARTESIAN_POINT('',(104.699780636095,-11.8264043739382,-3.69891715418015));
#5889=CARTESIAN_POINT('',(71.3719417800625,-13.7120029154653,2.1457724590802));
#5890=CARTESIAN_POINT('',(38.0441029240297,-15.5976014569924,7.99046207234055));
#5891=CARTESIAN_POINT('',(4.71626406799682,-17.4831999985196,13.8351516856009));
#5892=CARTESIAN_POINT('',(104.7,-4.87302405907103,1.63347181268771));
#5893=CARTESIAN_POINT('',(70.3233128984329,-6.64157825969597,7.09594541605551));
#5894=CARTESIAN_POINT('',(35.9466257968654,-8.41013246032091,12.5584190194233));
#5895=CARTESIAN_POINT('',(1.56993869529786,-10.1786866609458,18.0208926227911));
#5896=CARTESIAN_POINT('',(104.7,-1.39756762797616,4.30127088071129));
#5897=CARTESIAN_POINT('',(69.8000000000003,-3.11444196219002,9.58526675452006));
#5898=CARTESIAN_POINT('',(34.9000000000002,-4.83131629640388,14.8692626283288));
#5899=CARTESIAN_POINT('',(0.,-6.54819063061774,20.1532585021376));
#5900=CARTESIAN_POINT('',(24.8627526293554,-54.1863127552407,-5.48308489623189));
#5901=CARTESIAN_POINT('',(27.1150076044411,-59.477095149475,-8.08350989430786));
#5902=CARTESIAN_POINT('',(29.3731609080258,-64.8650449135945,-10.4042657278502));
#5903=CARTESIAN_POINT('',(33.6600050428524,-76.0068660573333,-14.2682047737421));
#5904=CARTESIAN_POINT('',(35.7454948779056,-81.7758760893807,-15.8092396170741));
#5905=CARTESIAN_POINT('',(39.7824680199526,-93.5089524104445,-18.0063294070895));
#5906=CARTESIAN_POINT('',(41.7246045492558,-99.4215093916516,-18.6694659419843));
#5907=CARTESIAN_POINT('',(44.4763010970024,-108.374941382123,-18.992697484332));
#5908=CARTESIAN_POINT('',(45.3666768603343,-111.373605911262,-18.986435299588));
#5909=CARTESIAN_POINT('',(47.1051340980936,-117.395412124277,-18.7525849431486));
#5910=CARTESIAN_POINT('',(47.9553497426838,-120.4192268663,-18.5003918370036));
#5911=CARTESIAN_POINT('',(49.6408013826459,-126.470381599381,-18.0119026095162));
#5912=CARTESIAN_POINT('',(50.4332680165253,-129.508450075891,-17.7866853277306));
#5913=CARTESIAN_POINT('',(52.0677938854725,-135.564975430015,-17.5795036666606));
#5914=CARTESIAN_POINT('',(52.8733603506332,-138.593750402428,-17.5664591877798));
#5915=CARTESIAN_POINT('',(55.2425460694345,-147.685431678058,-17.7773575837116));
#5916=CARTESIAN_POINT('',(56.7692089066826,-153.750488595975,-18.2682622621611));
#5917=CARTESIAN_POINT('',(61.1974657730258,-171.956670726957,-20.75858289297));
#5918=CARTESIAN_POINT('',(63.8982397082281,-183.886171848681,-23.7008938707876));
#5919=CARTESIAN_POINT('',(66.4765085633787,-195.536261076719,-27.7816594921365));
#5920=CARTESIAN_POINT('',(89.37906748669,-178.208099443149,-85.1359107125821));
#5921=CARTESIAN_POINT('',(89.3361062797497,-173.643676537117,-79.4177607977012));
#5922=CARTESIAN_POINT('',(89.4134160303629,-168.474417377295,-74.1461990065521));
#5923=CARTESIAN_POINT('',(89.8844809920891,-157.027720839339,-65.3038065772415));
#5924=CARTESIAN_POINT('',(90.2762561333704,-150.73288583283,-61.711756074877));
#5925=CARTESIAN_POINT('',(91.4042419718438,-137.045257553679,-56.683788375192));
#5926=CARTESIAN_POINT('',(92.0998156629578,-130.063178273904,-55.3671612455177));
#5927=CARTESIAN_POINT('',(93.342011729623,-119.411030451278,-54.9696357493416));
#5928=CARTESIAN_POINT('',(93.8282239168567,-115.840614167007,-55.0584797858233));
#5929=CARTESIAN_POINT('',(94.8718492660849,-108.771134404069,-54.7504673033308));
#5930=CARTESIAN_POINT('',(95.4472263146815,-105.26054945317,-54.4600373640046));
#5931=CARTESIAN_POINT('',(97.1807938144165,-94.7868335953958,-53.1456990834408));
#5932=CARTESIAN_POINT('',(98.2200976344238,-87.9278782396412,-51.6505696896687));
#5933=CARTESIAN_POINT('',(99.968929048124,-74.5660825058867,-46.972133160784));
#5934=CARTESIAN_POINT('',(100.655323244518,-68.2948681129036,-43.8518094465415));
#5935=CARTESIAN_POINT('',(101.433199217957,-59.6716157773452,-37.9175246550383));
#5936=CARTESIAN_POINT('',(101.642996754615,-56.8796511614576,-35.7975600924814));
#5937=CARTESIAN_POINT('',(102.050254098446,-51.2379226583181,-31.6500310449021));
#5938=CARTESIAN_POINT('',(102.20513768588,-48.4210409656301,-29.5612167604617));
#5939=CARTESIAN_POINT('',(102.597325742899,-39.9787373249326,-23.2791853313281));
#5940=CARTESIAN_POINT('',(102.715639456182,-34.3655165636243,-19.0663025237001));
#5941=CARTESIAN_POINT('',(102.728511036526,-28.7568442180255,-14.8437709539981));
#5942=CARTESIAN_POINT('',(104.7,-1.39756762797616,4.3012708807113));
#5943=CARTESIAN_POINT('',(75.2918446225788,-11.6396474089624,21.0087084140753));
#5944=CARTESIAN_POINT('',(35.1694414288253,-9.43028724606391,22.0721588532715));
#5945=CARTESIAN_POINT('',(0.,-6.54819063061774,20.1532585021376));
#5946=CARTESIAN_POINT('',(104.700113518115,-4.87990098346877,1.62890411845793));
#5947=CARTESIAN_POINT('',(75.8051342856142,-14.9867757505888,18.2940602576415));
#5948=CARTESIAN_POINT('',(36.2835334799701,-12.8340561974271,19.6288770953326));
#5949=CARTESIAN_POINT('',(1.5671969131063,-10.1743021898974,18.0292692861848));
#5950=CARTESIAN_POINT('',(104.696920609184,-11.8463143351875,-3.71344955187611));
#5951=CARTESIAN_POINT('',(76.8418963869196,-21.6989851173826,12.8870310290028));
#5952=CARTESIAN_POINT('',(38.5119138698044,-19.6759005079614,14.8715079257044));
#5953=CARTESIAN_POINT('',(4.70723439698571,-17.4606075133284,13.8433664213852));
#5954=CARTESIAN_POINT('',(104.697780913444,-22.305431690192,-11.7147613231038));
#5955=CARTESIAN_POINT('',(78.4447769666079,-31.7825029461323,4.89433805203394));
#5956=CARTESIAN_POINT('',(41.8811012622953,-30.0559879204905,7.85705958684272));
#5957=CARTESIAN_POINT('',(9.43520241313899,-28.5210444120032,7.81194157153779));
#5958=CARTESIAN_POINT('',(104.716463809324,-31.0328250965727,-18.3681062107698));
#5959=CARTESIAN_POINT('',(79.8272029361064,-40.2989209929296,-1.72106254546659));
#5960=CARTESIAN_POINT('',(44.7085564093894,-38.7902823108735,2.1650149579834));
#5961=CARTESIAN_POINT('',(13.387252233725,-37.8334400172071,2.97502502702302));
#5962=CARTESIAN_POINT('',(104.564327288057,-38.0207536403619,-23.6804442921607));
#5963=CARTESIAN_POINT('',(80.8333234534873,-47.2359741971503,-7.04664344866158));
#5964=CARTESIAN_POINT('',(46.9231065581887,-45.8191410106246,-2.33922037011903));
#5965=CARTESIAN_POINT('',(16.5555394907111,-45.3354935520164,-0.786264157245318));
#5966=CARTESIAN_POINT('',(104.365876178015,-43.2649770219992,-27.6571435080683));
#5967=CARTESIAN_POINT('',(81.5341149875292,-52.4130873744533,-11.0120767765022));
#5968=CARTESIAN_POINT('',(48.5574185499164,-51.1505328225997,-5.7099022365661));
#5969=CARTESIAN_POINT('',(18.9358790734695,-50.9843275680539,-3.55857776276087));
#5970=CARTESIAN_POINT('',(104.08771569974,-48.5156521543098,-31.6205032929929));
#5971=CARTESIAN_POINT('',(82.1948106168574,-57.5920569478415,-14.9385650267347));
#5972=CARTESIAN_POINT('',(50.1799168675202,-56.3519005134921,-8.91546826897894));
#5973=CARTESIAN_POINT('',(21.3198685701534,-56.6660533484926,-6.26141473560496));
#5974=CARTESIAN_POINT('',(103.78851902801,-52.8964117444829,-34.9110158700929));
#5975=CARTESIAN_POINT('',(82.7182950976688,-61.9489572876188,-18.1514955757907));
#5976=CARTESIAN_POINT('',(51.5150311407023,-60.6716290425333,-11.4269633482044));
#5977=CARTESIAN_POINT('',(23.2944153558539,-61.5011590228026,-8.30345068350762));
#5978=CARTESIAN_POINT('',(103.507720201749,-56.3923481253081,-37.5504999499201));
#5979=CARTESIAN_POINT('',(83.1240401546827,-65.4706267417935,-20.6960439223831));
#5980=CARTESIAN_POINT('',(52.5671727638636,-64.1837202080898,-13.3424233762306));
#5981=CARTESIAN_POINT('',(24.8564170670519,-65.4314921834603,-9.79759940827268));
#5982=CARTESIAN_POINT('',(103.277127530782,-59.0187969863323,-39.5220523597871));
#5983=CARTESIAN_POINT('',(83.4229103745255,-68.0878696914255,-22.5534341391854));
#5984=CARTESIAN_POINT('',(53.3454224735258,-66.8349652239973,-14.7391743589319));
#5985=CARTESIAN_POINT('',(26.0185069287692,-68.4092053169128,-10.8463523523791));
#5986=CARTESIAN_POINT('',(103.024689499791,-61.6700316117648,-41.4588833929521));
#5987=CARTESIAN_POINT('',(83.731118150199,-70.5928789160223,-24.2644867364713));
#5988=CARTESIAN_POINT('',(54.1104725906838,-69.5160886606362,-16.0779057279154));
#5989=CARTESIAN_POINT('',(27.1705918058053,-71.4157206656786,-11.8211281143294));
#5990=CARTESIAN_POINT('',(102.656857833877,-65.2841559881873,-43.9231706787788));
#5991=CARTESIAN_POINT('',(84.1256910120012,-73.8351724861438,-26.3423951608555));
#5992=CARTESIAN_POINT('',(55.1048958056931,-73.1442612369162,-17.7679627355049));
#5993=CARTESIAN_POINT('',(28.6925735782781,-75.4612626875899,-13.0193681104698));
#5994=CARTESIAN_POINT('',(102.13522201744,-70.0081581428292,-46.6743732376687));
#5995=CARTESIAN_POINT('',(84.5331272109916,-78.0775662259695,-28.7018161975345));
#5996=CARTESIAN_POINT('',(56.2870059286762,-77.8010665990015,-19.6748851457507));
#5997=CARTESIAN_POINT('',(30.5670705171656,-80.5843905150338,-14.3216322368107));
#5998=CARTESIAN_POINT('',(101.412009005688,-75.9242981339285,-49.4886079254241));
#5999=CARTESIAN_POINT('',(84.8731727135576,-83.4888643758888,-31.2140601786777));
#6000=CARTESIAN_POINT('',(57.6177319645644,-83.5589898906424,-21.6039476502207));
#6001=CARTESIAN_POINT('',(32.7665127126409,-86.8226943125703,-15.5623524790904));
#6002=CARTESIAN_POINT('',(100.592736362849,-82.0253026624232,-51.8357064291943));
#6003=CARTESIAN_POINT('',(85.0906447574378,-89.1345191622394,-33.364558446497));
#6004=CARTESIAN_POINT('',(58.8594367772223,-89.4553782310188,-23.1809475238448));
#6005=CARTESIAN_POINT('',(34.9108150884623,-93.1361784392264,-16.4719366928464));
#6006=CARTESIAN_POINT('',(99.6850229854541,-88.2688378149056,-53.7353329337217));
#6007=CARTESIAN_POINT('',(85.1896872152619,-94.9558048197359,-35.1490046640679));
#6008=CARTESIAN_POINT('',(60.0106709083976,-95.4685564777651,-24.415183893021));
#6009=CARTESIAN_POINT('',(36.9951288503322,-99.5088866448889,-17.0433655888265));
#6010=CARTESIAN_POINT('',(98.6960031858766,-94.6125150629966,-55.2106458570332));
#6011=CARTESIAN_POINT('',(85.1842953813017,-100.963162422258,-36.5832560316952));
#6012=CARTESIAN_POINT('',(61.0735675971564,-101.575859272078,-25.3009451029343));
#6013=CARTESIAN_POINT('',(39.0146052039529,-105.924862679444,-17.2696198777786));
#6014=CARTESIAN_POINT('',(97.6056339576652,-101.017029562956,-56.2988029256074));
#6015=CARTESIAN_POINT('',(85.0637832408865,-107.092320929466,-37.6749320871489));
#6016=CARTESIAN_POINT('',(62.0480253146388,-107.750048673509,-25.8288874911397));
#6017=CARTESIAN_POINT('',(40.9649015857153,-112.365027487796,-17.1452782950185));
#6018=CARTESIAN_POINT('',(96.663709835589,-106.390004638748,-56.9063965998022));
#6019=CARTESIAN_POINT('',(84.9419129050032,-112.17580874256,-38.2445484023099));
#6020=CARTESIAN_POINT('',(62.7924446792706,-112.929581404388,-25.9904228171537));
#6021=CARTESIAN_POINT('',(42.5288797909607,-117.736089593671,-16.7449793623883));
#6022=CARTESIAN_POINT('',(95.9597426181231,-110.70999653727,-57.2449428382144));
#6023=CARTESIAN_POINT('',(84.8860289496738,-116.233623373033,-38.5202727726872));
#6024=CARTESIAN_POINT('',(63.3914719664215,-117.14101976849,-25.9556204739719));
#6025=CARTESIAN_POINT('',(43.7441536728123,-122.026738952464,-16.2666394329418));
#6026=CARTESIAN_POINT('',(95.4564059207289,-113.959042482053,-57.4174341998508));
#6027=CARTESIAN_POINT('',(84.8353601009095,-119.283232821922,-38.6675014658634));
#6028=CARTESIAN_POINT('',(63.8590969524103,-120.385061432952,-25.8761737419859));
#6029=CARTESIAN_POINT('',(44.6438288565431,-125.24536753044,-15.8825861145591));
#6030=CARTESIAN_POINT('',(94.9775606146479,-117.215386549676,-57.5008532776137));
#6031=CARTESIAN_POINT('',(84.7874604278823,-122.350888803799,-38.7645689260305));
#6032=CARTESIAN_POINT('',(64.3447557491109,-123.702950383521,-25.7837018533093));
#6033=CARTESIAN_POINT('',(45.5396915919327,-128.469763370946,-15.5408376769955));
#6034=CARTESIAN_POINT('',(94.5217544144641,-120.475729660479,-57.5333044159589));
#6035=CARTESIAN_POINT('',(84.7671627573168,-125.552154964514,-38.863014646277));
#6036=CARTESIAN_POINT('',(64.8286584209406,-127.023809662738,-25.7125703242117));
#6037=CARTESIAN_POINT('',(46.4335570285409,-131.700571054236,-15.2603693766921));
#6038=CARTESIAN_POINT('',(94.0830122967625,-123.73724735835,-57.6471875894116));
#6039=CARTESIAN_POINT('',(84.8199672763473,-128.929420228179,-39.0525554193133));
#6040=CARTESIAN_POINT('',(65.3120195701588,-130.339773129391,-25.716643094993));
#6041=CARTESIAN_POINT('',(47.3254466501252,-134.937051178743,-15.0463052383464));
#6042=CARTESIAN_POINT('',(93.2364484333066,-130.244623801493,-58.2092618704933));
#6043=CARTESIAN_POINT('',(84.9495813492963,-135.658672097114,-39.7077932235938));
#6044=CARTESIAN_POINT('',(66.2997006045331,-136.958986838119,-25.9078548828885));
#6045=CARTESIAN_POINT('',(49.1035800740974,-141.418913490349,-14.7442397453195));
#6046=CARTESIAN_POINT('',(92.0970475966519,-139.898091852791,-60.2176017582493));
#6047=CARTESIAN_POINT('',(85.2315447630771,-145.53174228441,-41.6209992605898));
#6048=CARTESIAN_POINT('',(67.8349538994909,-146.833197888978,-26.8727813525488));
#6049=CARTESIAN_POINT('',(51.7432551787626,-151.165929118061,-14.7385811685791));
#6050=CARTESIAN_POINT('',(90.9436234385016,-151.989301055049,-65.4856151952635));
#6051=CARTESIAN_POINT('',(85.782063781331,-157.874205111908,-46.2032188373954));
#6052=CARTESIAN_POINT('',(70.0146288649634,-159.664258799466,-29.6410548378973));
#6053=CARTESIAN_POINT('',(55.1781632293823,-164.146882267051,-15.7308721505173));
#6054=CARTESIAN_POINT('',(90.1824378383829,-162.825405786341,-73.0311076082086));
#6055=CARTESIAN_POINT('',(86.4788359056546,-169.112286333237,-52.5360490705739));
#6056=CARTESIAN_POINT('',(72.3033535750797,-171.969373335013,-33.7671572446102));
#6057=CARTESIAN_POINT('',(58.5025590851565,-177.044088847997,-17.7068288953757));
#6058=CARTESIAN_POINT('',(89.8433788001182,-170.677275196331,-80.7356769368695));
#6059=CARTESIAN_POINT('',(87.1948498684101,-177.550849121144,-58.9067988023296));
#6060=CARTESIAN_POINT('',(74.2513631380812,-181.719116917006,-38.1718386067452));
#6061=CARTESIAN_POINT('',(61.160632284988,-187.665889436734,-20.1567465142407));
#6062=CARTESIAN_POINT('',(89.7346042743447,-175.58190902281,-86.6512351165673));
#6063=CARTESIAN_POINT('',(87.771586120752,-183.014749440457,-63.7840718332037));
#6064=CARTESIAN_POINT('',(75.6151611527569,-188.280182036338,-41.678565572542));
#6065=CARTESIAN_POINT('',(62.9539349314482,-195.009267726605,-22.2739670882292));
#6066=CARTESIAN_POINT('',(89.7043400376711,-178.230429680638,-90.1523990928929));
#6067=CARTESIAN_POINT('',(88.1227483481617,-186.022287086979,-66.6715789732143));
#6068=CARTESIAN_POINT('',(76.3902887750313,-191.956552691419,-43.7922368519703));
#6069=CARTESIAN_POINT('',(63.958635221971,-199.176353805684,-23.5946195418831));
#6070=CARTESIAN_POINT('',(89.7012198722034,-179.494896674874,-91.9465269954573));
#6071=CARTESIAN_POINT('',(88.2999817290009,-187.479184922794,-68.1520705723289));
#6072=CARTESIAN_POINT('',(76.7758788009352,-193.771111820727,-44.8918992117846));
#6073=CARTESIAN_POINT('',(64.4529876675292,-201.247936973649,-24.2970773512117));
#6074=CARTESIAN_POINT('',(89.7000000000003,-180.12536256688,-92.8447325001489));
#6075=CARTESIAN_POINT('',(88.4076356426226,-188.214219143094,-68.8940315362853));
#6076=CARTESIAN_POINT('',(76.9731230191069,-194.655998217817,-45.4320006851336));
#6077=CARTESIAN_POINT('',(64.7000000000004,-202.283460456977,-24.6491194086777));
#6078=CARTESIAN_POINT('',(66.6613709514,-196.371227724036,-28.0768082784065));
#6079=CARTESIAN_POINT('',(63.7255493921743,-198.73924633876,-23.213747574205));
#6080=CARTESIAN_POINT('',(65.7733547322899,-196.406714994165,-28.5280406236631));
#6081=CARTESIAN_POINT('',(64.0676312488261,-184.66412819882,-23.8991437747935));
#6082=CARTESIAN_POINT('',(60.8864230435685,-187.025313223147,-19.4030955667638));
#6083=CARTESIAN_POINT('',(63.2129124693438,-184.704987599932,-24.4150579991556));
#6084=CARTESIAN_POINT('',(61.3423118652158,-172.571665341341,-20.8721088031739));
#6085=CARTESIAN_POINT('',(57.7672078287628,-174.567770648546,-16.7411000727313));
#6086=CARTESIAN_POINT('',(60.5430116597291,-172.622537058306,-21.4747961012259));
#6087=CARTESIAN_POINT('',(56.8387720454199,-154.027201491057,-18.2920943297748));
#6088=CARTESIAN_POINT('',(52.7269079516599,-155.455219166155,-14.8429511616194));
#6089=CARTESIAN_POINT('',(56.1510159397754,-154.123783830081,-19.0080881682703));
#6090=CARTESIAN_POINT('',(55.2844270659562,-147.847311251882,-17.7829261379114));
#6091=CARTESIAN_POINT('',(51.0355066559967,-149.170088398014,-14.5606033985431));
#6092=CARTESIAN_POINT('',(54.6369105014379,-147.964385768364,-18.532203453484));
#6093=CARTESIAN_POINT('',(52.8707867383124,-138.583299615576,-17.5653203430653));
#6094=CARTESIAN_POINT('',(48.4676048299457,-139.755584611883,-14.6665795350328));
#6095=CARTESIAN_POINT('',(52.2802047393259,-138.735231061665,-18.3529024551086));
#6096=CARTESIAN_POINT('',(52.0495636588126,-135.497135860044,-17.5791779462296));
#6097=CARTESIAN_POINT('',(47.612137152695,-136.657036454664,-14.7802411514458));
#6098=CARTESIAN_POINT('',(51.4774336119141,-135.661601726066,-18.3776759731674));
#6099=CARTESIAN_POINT('',(50.8001352079313,-130.86798375864,-17.7415840067176));
#6100=CARTESIAN_POINT('',(46.3119583377837,-131.948846301162,-15.0906575122416));
#6101=CARTESIAN_POINT('',(50.2544364521819,-131.052356718599,-18.5537519227561));
#6102=CARTESIAN_POINT('',(50.3845976681139,-129.323909943709,-17.8227965162109));
#6103=CARTESIAN_POINT('',(45.8778837813511,-130.3699818075,-15.2195702909442));
#6104=CARTESIAN_POINT('',(49.8474791656641,-129.514914291679,-18.6390952721621));
#6105=CARTESIAN_POINT('',(49.5588106771208,-126.235004459241,-18.0302525364185));
#6106=CARTESIAN_POINT('',(45.0193839889886,-127.242615016731,-15.5220645028031));
#6107=CARTESIAN_POINT('',(49.0386734027951,-126.436339898443,-18.854970693265));
#6108=CARTESIAN_POINT('',(49.1463168613629,-124.690170553152,-18.1553995090104));
#6109=CARTESIAN_POINT('',(44.6018835507916,-125.730294763751,-15.6915381071024));
#6110=CARTESIAN_POINT('',(48.6351442911076,-124.89690597096,-18.9843404011942));
#6111=CARTESIAN_POINT('',(48.2864972331517,-121.614083298121,-18.4041970662698));
#6112=CARTESIAN_POINT('',(43.7363549869277,-122.702730075232,-16.0400758289181));
#6113=CARTESIAN_POINT('',(47.7918982396073,-121.822752031233,-19.2425908453949));
#6114=CARTESIAN_POINT('',(47.8529974738946,-120.079849367806,-18.5321776813337));
#6115=CARTESIAN_POINT('',(43.2940770227857,-121.161432829499,-16.2236220419206));
#6116=CARTESIAN_POINT('',(47.3654136682571,-120.283498603575,-19.3758899064188));
#6117=CARTESIAN_POINT('',(46.9909568794275,-117.016520356863,-18.7482088034838));
#6118=CARTESIAN_POINT('',(42.4409313442447,-118.159109147392,-16.5483774488326));
#6119=CARTESIAN_POINT('',(46.5157562419669,-117.202946006525,-19.6028110205226));
#6120=CARTESIAN_POINT('',(46.5557752385474,-115.488879458683,-18.8310458376259));
#6121=CARTESIAN_POINT('',(42.0181925432604,-116.677991042395,-16.6872131911717));
#6122=CARTESIAN_POINT('',(46.0862707833785,-115.664230516057,-19.6910938152638));
#6123=CARTESIAN_POINT('',(45.2317600181177,-110.915244112631,-18.9932716795972));
#6124=CARTESIAN_POINT('',(40.7339452650929,-112.237030799928,-17.0195258168048));
#6125=CARTESIAN_POINT('',(44.7798723175456,-111.058269986911,-19.8687558362971));
#6126=CARTESIAN_POINT('',(44.3275527351755,-107.879548297228,-18.9873041557159));
#6127=CARTESIAN_POINT('',(39.8558239279635,-109.272294448901,-17.1326251584188));
#6128=CARTESIAN_POINT('',(43.8872149519712,-107.999038550823,-19.8720848099944));
#6129=CARTESIAN_POINT('',(41.5306087727672,-98.8163836031459,-18.6190203679329));
#6130=CARTESIAN_POINT('',(37.1695585640634,-100.481808259774,-17.1216310793247));
#6131=CARTESIAN_POINT('',(41.1254543517299,-98.8643249456078,-19.5280311528861));
#6132=CARTESIAN_POINT('',(39.5573503670321,-92.8317565468873,-17.9159616787719));
#6133=CARTESIAN_POINT('',(35.2409986906212,-94.5468774599806,-16.6717867900426));
#6134=CARTESIAN_POINT('',(39.1760516985713,-92.8290226838743,-18.8366045892256));
#6135=CARTESIAN_POINT('',(36.4806978026178,-83.9264389219901,-16.1900553534239));
#6136=CARTESIAN_POINT('',(32.1965223348172,-85.6360623223089,-15.2991755221555));
#6137=CARTESIAN_POINT('',(36.1383700021566,-83.8418279936114,-17.1203073410529));
#6138=CARTESIAN_POINT('',(35.4365383015339,-80.9770999818899,-15.501118182634));
#6139=CARTESIAN_POINT('',(31.1737895231929,-82.7022622797862,-14.7363934072173));
#6140=CARTESIAN_POINT('',(35.1077661568012,-80.8643787253212,-16.4332280885817));
#6141=CARTESIAN_POINT('',(33.3305947238749,-75.2077217351193,-13.9210258458656));
#6142=CARTESIAN_POINT('',(29.1108328173937,-76.9419319485287,-13.4060399194468));
#6143=CARTESIAN_POINT('',(33.0302925449769,-75.038357231773,-14.8539833936927));
#6144=CARTESIAN_POINT('',(32.2684811109371,-72.3738793630056,-13.027400238052));
#6145=CARTESIAN_POINT('',(28.0642120240655,-74.1013807076493,-12.6390122466698));
#6146=CARTESIAN_POINT('',(31.9833347778064,-72.1754134074903,-13.9592932733075));
#6147=CARTESIAN_POINT('',(30.1107039583116,-66.8040969173542,-11.0507640162074));
#6148=CARTESIAN_POINT('',(25.9561768744501,-68.512911175769,-10.9103947121017));
#6149=CARTESIAN_POINT('',(29.8564925823298,-66.5507018604181,-11.9780893100223));
#6150=CARTESIAN_POINT('',(29.0155337585687,-64.066474080952,-9.97050299201242));
#6151=CARTESIAN_POINT('',(24.8939874787528,-65.7588522320371,-9.94937015521517));
#6152=CARTESIAN_POINT('',(28.7764825804221,-63.7876952252646,-10.8943545860134));
#6153=CARTESIAN_POINT('',(26.7837790954288,-58.6807094378346,-7.64941006232871));
#6154=CARTESIAN_POINT('',(22.7327179131906,-60.3273610308672,-7.84065016014994));
#6155=CARTESIAN_POINT('',(26.5721515761618,-58.353123313028,-8.56364179721164));
#6156=CARTESIAN_POINT('',(25.6486685973314,-56.0356295420315,-6.40176996651066));
#6157=CARTESIAN_POINT('',(21.6128845181699,-57.6266211295006,-6.67977253402751));
#6158=CARTESIAN_POINT('',(25.44984636909,-55.6831026576592,-7.30925559125164));
#6159=CARTESIAN_POINT('',(24.5300282881703,-53.4041442513191,-5.09689834329569));
#6160=CARTESIAN_POINT('',(20.497944421989,-54.9382904077314,-5.43131219542417));
#6161=CARTESIAN_POINT('',(24.3423679142,-53.0356630401359,-6.00013068164115));
#6162=CARTESIAN_POINT('',(102.729904654196,-27.9135461991683,-14.2086995182214));
#6163=CARTESIAN_POINT('',(104.802424295305,-27.051008750969,-15.3606975917263));
#6164=CARTESIAN_POINT('',(102.337716155297,-27.3724494384973,-14.9267647136585));
#6165=CARTESIAN_POINT('',(102.723985580438,-33.6036945996493,-18.4951339541252));
#6166=CARTESIAN_POINT('',(104.797046317996,-32.7826016113223,-19.7334578717596));
#6167=CARTESIAN_POINT('',(102.317290312842,-33.0651044162566,-19.2076737798231));
#6168=CARTESIAN_POINT('',(102.619605477194,-39.3028461213448,-22.7734625588883));
#6169=CARTESIAN_POINT('',(104.687892611034,-38.4825814364385,-24.0739217952624));
#6170=CARTESIAN_POINT('',(102.196698164052,-38.7638192266204,-23.4768579799821));
#6171=CARTESIAN_POINT('',(102.234447446421,-47.8738151401352,-29.1552045306979));
#6172=CARTESIAN_POINT('',(104.287528766489,-46.9958157091422,-30.5189814813827));
#6173=CARTESIAN_POINT('',(101.782905467707,-47.3390062781344,-29.8443815144366));
#6174=CARTESIAN_POINT('',(102.080402374142,-50.7340955776969,-31.277309159921));
#6175=CARTESIAN_POINT('',(104.12514235528,-49.8494441845588,-32.6755203069459));
#6176=CARTESIAN_POINT('',(101.618213705093,-50.2013751841187,-31.9613494876195));
#6177=CARTESIAN_POINT('',(101.778856252738,-55.031011555382,-34.4394325234116));
#6178=CARTESIAN_POINT('',(103.808272142326,-54.1308210525852,-35.895378854686));
#6179=CARTESIAN_POINT('',(101.298344167796,-54.5006964554972,-35.1129816079411));
#6180=CARTESIAN_POINT('',(101.66161969639,-56.4650291696226,-35.4884155924996));
#6181=CARTESIAN_POINT('',(103.685680456615,-55.5469143226807,-36.9552658316433));
#6182=CARTESIAN_POINT('',(101.174799808934,-55.9343019496313,-36.1572558127492));
#6183=CARTESIAN_POINT('',(101.446279787245,-59.323395969603,-37.5995223182439));
#6184=CARTESIAN_POINT('',(103.452681912594,-58.3801760694426,-39.0982914986939));
#6185=CARTESIAN_POINT('',(100.945137724049,-58.7975402128978,-38.2618418983152));
#6186=CARTESIAN_POINT('',(101.333919977328,-60.7528233577777,-38.6513715937554));
#6187=CARTESIAN_POINT('',(103.327896028256,-59.8258357058646,-40.189949123376));
#6188=CARTESIAN_POINT('',(100.82461917032,-60.2336846898958,-39.3130263215819));
#6189=CARTESIAN_POINT('',(100.94592490604,-65.106058406837,-41.6745268297828));
#6190=CARTESIAN_POINT('',(102.897515540265,-64.2518300812144,-43.3469951520787));
#6191=CARTESIAN_POINT('',(100.41017586133,-64.6235879663649,-42.3439423537897));
#6192=CARTESIAN_POINT('',(100.644588807651,-68.1179128223908,-43.4875723516656));
#6193=CARTESIAN_POINT('',(102.563114365754,-67.3443735820256,-45.2581708700314));
#6194=CARTESIAN_POINT('',(100.089979692549,-67.6769640967993,-44.1706261792191));
#6195=CARTESIAN_POINT('',(99.9526163500387,-74.4182915626909,-46.6723252983593));
#6196=CARTESIAN_POINT('',(101.810699865019,-73.7920350423285,-48.6089345655004));
#6197=CARTESIAN_POINT('',(99.3651276054831,-74.0390661966714,-47.3654009816194));
#6198=CARTESIAN_POINT('',(99.5576173693745,-77.7001147634941,-48.0615868674731));
#6199=CARTESIAN_POINT('',(101.385552248261,-77.1533947210488,-50.0714872463998));
#6200=CARTESIAN_POINT('',(98.954777195658,-77.3490183835776,-48.7563297820436));
#6201=CARTESIAN_POINT('',(98.2338988529879,-87.8389298142084,-51.6346184007256));
#6202=CARTESIAN_POINT('',(99.9611422218998,-87.5930377106648,-53.874787738345));
#6203=CARTESIAN_POINT('',(97.5864817342965,-87.5664825567951,-52.3273280847546));
#6204=CARTESIAN_POINT('',(97.1807851074761,-94.7885618131187,-53.1516383542297));
#6205=CARTESIAN_POINT('',(98.8386220698085,-94.7308639223636,-55.488693332371));
#6206=CARTESIAN_POINT('',(96.5069513372652,-94.5532684753943,-53.8323951940212));
#6207=CARTESIAN_POINT('',(95.4242386198217,-105.398579798149,-54.4744409005894));
#6208=CARTESIAN_POINT('',(96.9928951270604,-105.460654309794,-56.9500436559542));
#6209=CARTESIAN_POINT('',(94.7092161206172,-105.218517354597,-55.1291269531435));
#6210=CARTESIAN_POINT('',(94.8434962099225,-108.951856960784,-54.7645871965403));
#6211=CARTESIAN_POINT('',(96.3821950966379,-109.042004896246,-57.2813439451997));
#6212=CARTESIAN_POINT('',(94.1142138511833,-108.79394770056,-55.4096173402981));
#6213=CARTESIAN_POINT('',(94.053719449006,-114.319334762211,-54.9887725006851));
#6214=CARTESIAN_POINT('',(95.547119015692,-114.473625214511,-57.5641312649818));
#6215=CARTESIAN_POINT('',(93.3053813053805,-114.19517850737,-55.6191678276503));
#6216=CARTESIAN_POINT('',(93.8005016880295,-116.114679217825,-55.0214356050085));
#6217=CARTESIAN_POINT('',(95.2793558389467,-116.300970416158,-57.6137815981236));
#6218=CARTESIAN_POINT('',(93.0464109923638,-116.002714590768,-55.6473164573577));
#6219=CARTESIAN_POINT('',(93.3183778337053,-119.71799454687,-55.040792786256));
#6220=CARTESIAN_POINT('',(94.7702805695222,-119.919403440627,-57.6711576766701));
#6221=CARTESIAN_POINT('',(92.5530897837539,-119.620603062581,-55.6557157843502));
#6222=CARTESIAN_POINT('',(93.0936077315309,-121.527821237326,-55.0404060050699));
#6223=CARTESIAN_POINT('',(94.5353215526799,-121.670523244004,-57.7016349348891));
#6224=CARTESIAN_POINT('',(92.3221726016889,-121.424989445393,-55.6471059913185));
#6225=CARTESIAN_POINT('',(92.0497779694949,-130.553377766985,-55.4230265188409));
#6226=CARTESIAN_POINT('',(93.374649473499,-130.388740402928,-58.2043447794207));
#6227=CARTESIAN_POINT('',(91.2452377855498,-130.391307383468,-55.9757342507));
#6228=CARTESIAN_POINT('',(91.345621602801,-137.652775899334,-56.8217257664207));
#6229=CARTESIAN_POINT('',(92.5629986183785,-137.127007161064,-59.6519368435706));
#6230=CARTESIAN_POINT('',(90.5160746826023,-137.442254118048,-57.3181173036599));
#6231=CARTESIAN_POINT('',(90.2184666919124,-151.549143510781,-62.1060117557661));
#6232=CARTESIAN_POINT('',(91.2213413239415,-150.311018850271,-64.8515044093907));
#6233=CARTESIAN_POINT('',(89.3441847001153,-151.287898423515,-62.4897556083338));
#6234=CARTESIAN_POINT('',(89.8376224440844,-157.860873982925,-65.827730154762));
#6235=CARTESIAN_POINT('',(90.7382532167471,-156.279482010511,-68.4857755866193));
#6236=CARTESIAN_POINT('',(88.9445265746693,-157.592687645484,-66.1579177134364));
#6237=CARTESIAN_POINT('',(89.5025896175319,-166.497455803742,-72.6934346637032));
#6238=CARTESIAN_POINT('',(90.2305412020578,-164.446967855702,-75.1135984641711));
#6239=CARTESIAN_POINT('',(88.5842492738561,-166.24061639248,-72.9545726856621));
#6240=CARTESIAN_POINT('',(89.4304978478367,-169.253985496538,-75.215638072763));
#6241=CARTESIAN_POINT('',(90.0971526164918,-167.071338865804,-77.5630463297502));
#6242=CARTESIAN_POINT('',(88.5042488506764,-169.004511486672,-75.4553938568805));
#6243=CARTESIAN_POINT('',(89.3594103145427,-174.382108947626,-80.5023472583866));
#6244=CARTESIAN_POINT('',(89.8999133052369,-171.972784490571,-82.7012199680931));
#6245=CARTESIAN_POINT('',(88.4189638710764,-174.151865541308,-80.7039941466625));
#6246=CARTESIAN_POINT('',(89.3598713293654,-176.771630357391,-83.2801122631979));
#6247=CARTESIAN_POINT('',(89.8347337152483,-174.262724452863,-85.4001179211038));
#6248=CARTESIAN_POINT('',(88.4130645633243,-176.553376471545,-83.4648054208239));
#6249=CARTESIAN_POINT('',(89.387966843093,-179.020782198706,-86.1663740723006));
#6250=CARTESIAN_POINT('',(89.7993292168997,-176.41544239207,-88.2039560447011));
#6251=CARTESIAN_POINT('',(88.4355880380697,-178.815480452552,-86.3361278646275));
#6252=CARTESIAN_POINT('',(66.4765085633786,-141.862508493914,-137.409165210383));
#6253=CARTESIAN_POINT('',(72.0952921441815,-135.422046264993,-144.058358706727));
#6254=CARTESIAN_POINT('',(77.0216329051803,-128.215952987713,-150.560402957677));
#6255=CARTESIAN_POINT('',(85.0070579916966,-112.228462549978,-162.826710747941));
#6256=CARTESIAN_POINT('',(88.0776692044405,-103.584126852689,-168.499817240129));
#6257=CARTESIAN_POINT('',(89.3790674866899,-94.1317482274235,-173.62449128982));
#6258=CARTESIAN_POINT('',(66.4765085633786,-141.862508493914,-137.409165210383));
#6259=CARTESIAN_POINT('',(89.37906748669,-94.1317482274236,-173.62449128982));
#6260=CARTESIAN_POINT('',(66.4765085633786,-141.862508493914,-137.409165210383));
#6261=CARTESIAN_POINT('',(66.4451420949997,-141.898461926172,-137.372046550347));
#6262=CARTESIAN_POINT('',(66.4043840411918,-141.93110648088,-137.338313976977));
#6263=CARTESIAN_POINT('',(66.3576788625449,-141.957789060348,-137.310728368536));
#6264=CARTESIAN_POINT('',(66.3109734730121,-141.984471760294,-137.283142635538));
#6265=CARTESIAN_POINT('',(66.2570043729599,-142.005939897052,-137.26093202673));
#6266=CARTESIAN_POINT('',(66.2001938041753,-142.02029782443,-137.246074646455));
#6267=CARTESIAN_POINT('',(66.1436140997911,-142.034597404666,-137.231277642977));
#6268=CARTESIAN_POINT('',(66.0825748791236,-142.042234118445,-137.223371648728));
#6269=CARTESIAN_POINT('',(66.0223694972393,-142.042279399268,-137.223324777752));
#6270=CARTESIAN_POINT('',(65.9638689542816,-142.042323397871,-137.223279234023));
#6271=CARTESIAN_POINT('',(65.9044471384127,-142.035176227472,-137.230678486664));
#6272=CARTESIAN_POINT('',(65.8495068214607,-142.021210758061,-137.245129949352));
#6273=CARTESIAN_POINT('',(65.7967350343419,-142.007796514758,-137.259011003463));
#6274=CARTESIAN_POINT('',(65.7465834248019,-141.987693430375,-137.279809960876));
#6275=CARTESIAN_POINT('',(65.7035844161268,-141.962544432098,-137.305811888516));
#6276=CARTESIAN_POINT('',(65.6619560299487,-141.938197075159,-137.330984987118));
#6277=CARTESIAN_POINT('',(65.6258648366988,-141.908444269507,-137.361732831019));
#6278=CARTESIAN_POINT('',(65.5983317801215,-141.875804432249,-137.395437030137));
#6279=CARTESIAN_POINT('',(65.5710755010472,-141.843492708675,-137.428802416017));
#6280=CARTESIAN_POINT('',(65.5514503665643,-141.807488044377,-137.465956228371));
#6281=CARTESIAN_POINT('',(65.5408218875882,-141.770731498724,-137.50385336534));
#6282=CARTESIAN_POINT('',(65.5300333211149,-141.733421321321,-137.542321313788));
#6283=CARTESIAN_POINT('',(65.5282025775875,-141.69435692191,-137.582564870749));
#6284=CARTESIAN_POINT('',(65.5351522716109,-141.656574713317,-137.621454869836));
#6285=CARTESIAN_POINT('',(65.5409037180666,-141.625306811598,-137.65363955979));
#6286=CARTESIAN_POINT('',(65.5527135188145,-141.594311262655,-137.685521284971));
#6287=CARTESIAN_POINT('',(65.5698352981655,-141.565112547697,-137.71553619457));
#6288=CARTESIAN_POINT('',(65.5698352981699,-141.565112547689,-137.715536194578));
#6289=CARTESIAN_POINT('',(88.4292750314989,-93.8652607246626,-173.768704976158));
#6290=CARTESIAN_POINT('',(84.3302437364736,-102.573713360013,-169.06462907689));
#6291=CARTESIAN_POINT('',(80.6835247823549,-111.078237556365,-163.611851151059));
#6292=CARTESIAN_POINT('',(73.3287165279544,-127.109567651589,-151.493796926246));
#6293=CARTESIAN_POINT('',(69.6208375957024,-134.656714830605,-144.817045053835));
#6294=CARTESIAN_POINT('',(65.5698352981699,-141.565112547689,-137.715536194578));
#6295=CARTESIAN_POINT('',(88.4292750314989,-93.8652607246625,-173.768704976158));
#6296=CARTESIAN_POINT('',(88.4292750314989,-93.8652607246625,-173.768704976158));
#6297=CARTESIAN_POINT('',(88.4528546788243,-93.8151654150362,-173.795765138112));
#6298=CARTESIAN_POINT('',(88.4859591326736,-93.767675959134,-173.821388442224));
#6299=CARTESIAN_POINT('',(88.5267394301627,-93.727006783038,-173.84331508428));
#6300=CARTESIAN_POINT('',(88.5676492875,-93.6862084001288,-173.865311387732));
#6301=CARTESIAN_POINT('',(88.6176270748322,-93.6511286532561,-173.884205476952));
#6302=CARTESIAN_POINT('',(88.6724867354445,-93.6260325522918,-173.89771714579));
#6303=CARTESIAN_POINT('',(88.7229163051426,-93.6029630407673,-173.910137704682));
#6304=CARTESIAN_POINT('',(88.7790612846627,-93.5876807234243,-173.918360317153));
#6305=CARTESIAN_POINT('',(88.8355503765977,-93.5822098027415,-173.921304067201));
#6306=CARTESIAN_POINT('',(88.887220468965,-93.5772055980831,-173.923996690354));
#6307=CARTESIAN_POINT('',(88.9406475813833,-93.5802476330227,-173.922360270142));
#6308=CARTESIAN_POINT('',(88.9911757494637,-93.590996425163,-173.916575944172));
#6309=CARTESIAN_POINT('',(89.0403323193597,-93.6014534389876,-173.910948634998));
#6310=CARTESIAN_POINT('',(89.0880462696765,-93.6194262670489,-173.901275871177));
#6311=CARTESIAN_POINT('',(89.1308620303374,-93.6431198908087,-173.888516288787));
#6312=CARTESIAN_POINT('',(89.1753200313595,-93.6677223066731,-173.875267300138));
#6313=CARTESIAN_POINT('',(89.2156295859379,-93.6990535335884,-173.858387722351));
#6314=CARTESIAN_POINT('',(89.249435249875,-93.7344207332446,-173.839317675269));
#6315=CARTESIAN_POINT('',(89.2860787187501,-93.7727568204226,-173.818646799584));
#6316=CARTESIAN_POINT('',(89.3160097625899,-93.8167361690241,-173.794915859914));
#6317=CARTESIAN_POINT('',(89.3378162227759,-93.8629944332039,-173.769929147803));
#6318=CARTESIAN_POINT('',(89.3617652671513,-93.9137977828588,-173.742487377243));
#6319=CARTESIAN_POINT('',(89.3765383590437,-93.9686096436799,-173.712850083532));
#6320=CARTESIAN_POINT('',(89.3815461323078,-94.0234054058353,-173.683186393761));
#6321=CARTESIAN_POINT('',(89.3848372219209,-94.0594169730846,-173.663691529249));
#6322=CARTESIAN_POINT('',(89.3840038189622,-94.0958944213303,-173.643929684848));
#6323=CARTESIAN_POINT('',(89.37906748669,-94.1317482274236,-173.62449128982));
#6324=CARTESIAN_POINT('',(0.,0.,0.));
#6325=CARTESIAN_POINT('',(65.5698352981649,-141.565112547693,-137.715536194567));
#6326=CARTESIAN_POINT('',(63.0234673269972,-134.493834934871,-127.620192029281));
#6327=CARTESIAN_POINT('',(60.3736437066545,-126.514692165627,-118.293350851817));
#6328=CARTESIAN_POINT('',(56.0421242689575,-113.178896208534,-105.676589637109));
#6329=CARTESIAN_POINT('',(54.5493495201086,-108.539518468304,-101.74579492618));
#6330=CARTESIAN_POINT('',(52.2264884044583,-101.283669030072,-96.2734549954266));
#6331=CARTESIAN_POINT('',(51.4351072646883,-98.8189500827874,-94.5168953947181));
#6332=CARTESIAN_POINT('',(49.8293326374363,-93.7846170113622,-91.1508338306459));
#6333=CARTESIAN_POINT('',(49.0514031393704,-91.1885573550468,-89.5606659735778));
#6334=CARTESIAN_POINT('',(47.3939573466513,-85.9999463387181,-86.4184680383215));
#6335=CARTESIAN_POINT('',(46.5629717853395,-83.40463857687,-84.8497184208345));
#6336=CARTESIAN_POINT('',(44.8585517760538,-78.3940027955366,-81.5087257188926));
#6337=CARTESIAN_POINT('',(43.985725628192,-75.9628527903918,-79.7558916879516));
#6338=CARTESIAN_POINT('',(41.2878316569005,-68.9019976251633,-74.2463577175131));
#6339=CARTESIAN_POINT('',(39.384219689631,-64.4993833081289,-70.2450566666954));
#6340=CARTESIAN_POINT('',(35.4316545614334,-56.2727778129136,-61.5925532787834));
#6341=CARTESIAN_POINT('',(33.3923330421226,-52.4932158607756,-56.9652421085094));
#6342=CARTESIAN_POINT('',(29.2046474421992,-45.7089655210028,-47.3067182229812));
#6343=CARTESIAN_POINT('',(26.9987528024455,-42.6905716723474,-42.2684237864815));
#6344=CARTESIAN_POINT('',(24.7809971081987,-39.9251396615152,-37.0607403128232));
#6345=CARTESIAN_POINT('',(102.332887623698,-13.7728142709517,-29.4737056447059));
#6346=CARTESIAN_POINT('',(102.303218879402,-15.8343592745748,-36.1836242826454));
#6347=CARTESIAN_POINT('',(102.163429768053,-17.9059321558004,-42.8877816877262));
#6348=CARTESIAN_POINT('',(101.736784701075,-21.0574094785726,-52.9251061098691));
#6349=CARTESIAN_POINT('',(101.569543576172,-22.1137916555385,-56.267732350532));
#6350=CARTESIAN_POINT('',(101.130915465662,-24.2537036664059,-62.9310448462079));
#6351=CARTESIAN_POINT('',(100.907321821497,-25.2721336193258,-66.2838025897195));
#6352=CARTESIAN_POINT('',(100.075234528055,-28.815879595999,-76.1240525919938));
#6353=CARTESIAN_POINT('',(99.3602412128167,-32.0918335852753,-82.3150944908916));
#6354=CARTESIAN_POINT('',(97.5631966464473,-40.1895477642521,-93.9120798845977));
#6355=CARTESIAN_POINT('',(96.5034652225941,-44.8712175402405,-99.1356334899878));
#6356=CARTESIAN_POINT('',(94.7392905363972,-52.5865940281556,-106.327237210289));
#6357=CARTESIAN_POINT('',(94.1534361680148,-55.2601895451224,-108.615897546305));
#6358=CARTESIAN_POINT('',(93.0907453588563,-60.8032865862635,-113.003563366537));
#6359=CARTESIAN_POINT('',(92.5964676331,-63.7429375857518,-115.024299403603));
#6360=CARTESIAN_POINT('',(91.3049426976447,-72.1684448761902,-121.5426412631));
#6361=CARTESIAN_POINT('',(90.5788884317247,-77.0770115607671,-126.671092078053));
#6362=CARTESIAN_POINT('',(89.4007752240195,-85.2588813062341,-138.728227089967));
#6363=CARTESIAN_POINT('',(88.9898954214431,-88.2683484706246,-145.314899208994));
#6364=CARTESIAN_POINT('',(88.4866744764012,-92.3898446677829,-159.171354699222));
#6365=CARTESIAN_POINT('',(88.3964880448929,-93.5030181605728,-166.465384020931));
#6366=CARTESIAN_POINT('',(88.4292750314993,-93.8652607246623,-173.768704976171));
#6367=CARTESIAN_POINT('',(89.7000000000003,-91.1517149179275,-180.987998111463));
#6368=CARTESIAN_POINT('',(81.366666666667,-110.488599385368,-166.938929186741));
#6369=CARTESIAN_POINT('',(73.0333333333337,-129.825483852809,-152.889860262019));
#6370=CARTESIAN_POINT('',(64.7000000000004,-149.16236832025,-138.840791337296));
#6371=CARTESIAN_POINT('',(89.6999999999995,-91.2535148279273,-176.595478430175));
#6372=CARTESIAN_POINT('',(81.0390802644415,-109.722337177159,-162.815656265407));
#6373=CARTESIAN_POINT('',(72.3781605288834,-128.19115952639,-149.035834100638));
#6374=CARTESIAN_POINT('',(63.7172407933254,-146.659981875622,-135.25601193587));
#6375=CARTESIAN_POINT('',(89.7757743645031,-90.9893106045837,-167.795373340151));
#6376=CARTESIAN_POINT('',(80.415415201646,-107.797442992602,-154.619980167878));
#6377=CARTESIAN_POINT('',(71.0550560387889,-124.605575380621,-141.444586995605));
#6378=CARTESIAN_POINT('',(61.6946968759319,-141.41370776864,-128.269193823332));
#6379=CARTESIAN_POINT('',(90.1835590025144,-88.7957155933581,-154.761748475467));
#6380=CARTESIAN_POINT('',(79.6251807353282,-103.477038072757,-142.643519081595));
#6381=CARTESIAN_POINT('',(69.0668024681419,-118.158360552156,-130.525289687722));
#6382=CARTESIAN_POINT('',(58.5084242009557,-132.839683031555,-118.407060293849));
#6383=CARTESIAN_POINT('',(90.9459968216304,-84.4568856856922,-142.28369599312));
#6384=CARTESIAN_POINT('',(79.0267693611996,-97.4982353886022,-131.266761319437));
#6385=CARTESIAN_POINT('',(67.1075419007689,-110.539585091512,-120.249826645754));
#6386=CARTESIAN_POINT('',(55.1883144403381,-123.580934794422,-109.23289197207));
#6387=CARTESIAN_POINT('',(92.1019899544049,-77.7562583794762,-130.905861647627));
#6388=CARTESIAN_POINT('',(78.6534288937855,-89.7276712231067,-120.873314010156));
#6389=CARTESIAN_POINT('',(65.2048678331661,-101.699084066737,-110.840766372685));
#6390=CARTESIAN_POINT('',(51.7563067725468,-113.670496910368,-100.808218735214));
#6391=CARTESIAN_POINT('',(93.2433209232786,-71.1152752713832,-123.607780974171));
#6392=CARTESIAN_POINT('',(78.5353099525728,-82.6741760482092,-114.100167283296));
#6393=CARTESIAN_POINT('',(63.8272989818671,-94.2330768250353,-104.592553592422));
#6394=CARTESIAN_POINT('',(49.1192880111613,-105.791977601861,-95.084939901547));
#6395=CARTESIAN_POINT('',(94.0915267222842,-66.1718802976026,-119.327281160232));
#6396=CARTESIAN_POINT('',(78.5087493767427,-77.5731692661626,-110.059003816936));
#6397=CARTESIAN_POINT('',(62.9259720312012,-88.9744582347225,-100.79072647364));
#6398=CARTESIAN_POINT('',(47.3431946856597,-100.375747203282,-91.5224491303435));
#6399=CARTESIAN_POINT('',(94.5309194588307,-63.5962966991233,-117.318830415601));
#6400=CARTESIAN_POINT('',(78.5046729761802,-74.9424770858129,-108.143791393194));
#6401=CARTESIAN_POINT('',(62.4784264935296,-86.2886574725025,-98.9687523707872));
#6402=CARTESIAN_POINT('',(46.4521800108791,-97.6348378591921,-89.7937133483804));
#6403=CARTESIAN_POINT('',(94.9876296632801,-60.9740117182269,-115.37538984387));
#6404=CARTESIAN_POINT('',(78.5113682673938,-72.2697135001785,-106.290056923729));
#6405=CARTESIAN_POINT('',(62.0351068715075,-83.5654152821302,-97.2047240035877));
#6406=CARTESIAN_POINT('',(45.5588454756212,-94.8611170640818,-88.1193910834464));
#6407=CARTESIAN_POINT('',(95.4674576499966,-58.3882243368517,-113.389966289876));
#6408=CARTESIAN_POINT('',(78.532740359412,-69.6112456386903,-104.425690797673));
#6409=CARTESIAN_POINT('',(61.5980230688274,-80.8342669405288,-95.4614153054706));
#6410=CARTESIAN_POINT('',(44.6633057782429,-92.0572882423674,-86.497139813268));
#6411=CARTESIAN_POINT('',(95.9715573467519,-55.8601682959555,-111.336949213215));
#6412=CARTESIAN_POINT('',(78.5695967702017,-66.9821304701254,-102.532838480667));
#6413=CARTESIAN_POINT('',(61.1676361936514,-78.1040926442952,-93.7287277481193));
#6414=CARTESIAN_POINT('',(43.7656756171012,-89.2260548184651,-84.9246170155714));
#6415=CARTESIAN_POINT('',(96.6766482511697,-52.5627107819047,-108.519153544341));
#6416=CARTESIAN_POINT('',(78.6351518345287,-63.5336544474469,-99.9439106334903));
#6417=CARTESIAN_POINT('',(60.5936554178878,-74.5045981129892,-91.3686677226396));
#6418=CARTESIAN_POINT('',(42.5521590012468,-85.4755417785315,-82.7934248117889));
#6419=CARTESIAN_POINT('',(97.6209250143852,-48.5713750649342,-104.86424438994));
#6420=CARTESIAN_POINT('',(78.7439798186683,-59.347202448588,-96.5641628703628));
#6421=CARTESIAN_POINT('',(59.8670346229515,-70.1230298322417,-88.2640813507861));
#6422=CARTESIAN_POINT('',(40.9900894272346,-80.8988572158955,-79.9639998312094));
#6423=CARTESIAN_POINT('',(98.7112116190057,-44.0294529728538,-100.210946408098));
#6424=CARTESIAN_POINT('',(78.8216473089573,-54.5591010993039,-92.2358357351138));
#6425=CARTESIAN_POINT('',(58.9320829989089,-65.088749225754,-84.2607250621291));
#6426=CARTESIAN_POINT('',(39.0425186888605,-75.6183973522041,-76.2856143891445));
#6427=CARTESIAN_POINT('',(99.6988159166314,-39.7643043104739,-95.2801436462365));
#6428=CARTESIAN_POINT('',(78.8078868567478,-50.0300110786429,-87.6332188567067));
#6429=CARTESIAN_POINT('',(57.9169577968641,-60.2957178468119,-79.986294067177));
#6430=CARTESIAN_POINT('',(37.0260287369805,-70.5614246149809,-72.3393692776473));
#6431=CARTESIAN_POINT('',(100.606670736558,-35.8310435067615,-90.0639504337216));
#6432=CARTESIAN_POINT('',(78.7193763602546,-45.8006505109151,-82.7561270533661));
#6433=CARTESIAN_POINT('',(56.8320819839514,-55.7702575150687,-75.4483036730105));
#6434=CARTESIAN_POINT('',(34.9447876076483,-65.7398645192222,-68.1404802926549));
#6435=CARTESIAN_POINT('',(101.425162090905,-32.2779795338588,-84.5694893911445));
#6436=CARTESIAN_POINT('',(78.551281716174,-41.9070664365777,-77.6138500094582));
#6437=CARTESIAN_POINT('',(55.6774013414432,-51.5361533392965,-70.6582106277719));
#6438=CARTESIAN_POINT('',(32.8035209667124,-61.1652402420154,-63.7025712460855));
#6439=CARTESIAN_POINT('',(102.147522544406,-29.1509712307256,-78.8052053950424));
#6440=CARTESIAN_POINT('',(78.3006665229441,-38.3836724739662,-72.216558913314));
#6441=CARTESIAN_POINT('',(54.4538105014827,-47.6163737172068,-65.6279124315856));
#6442=CARTESIAN_POINT('',(30.6069544800212,-56.8490749604474,-59.0392659498572));
#6443=CARTESIAN_POINT('',(102.668097333126,-26.9528678339443,-73.7945917629223));
#6444=CARTESIAN_POINT('',(78.0236819333695,-35.79230698421,-67.5231191765646));
#6445=CARTESIAN_POINT('',(53.3792665336134,-44.6317461344758,-61.2516465902069));
#6446=CARTESIAN_POINT('',(28.7348511338574,-53.4711852847416,-54.9801740038492));
#6447=CARTESIAN_POINT('',(103.034844914229,-25.4800392075313,-69.671012056149));
#6448=CARTESIAN_POINT('',(77.7615168931852,-33.954140044047,-63.6600058817297));
#6449=CARTESIAN_POINT('',(52.4881888721418,-42.4282408805628,-57.6489997073104));
#6450=CARTESIAN_POINT('',(27.2148608510983,-50.9023417170786,-51.6379935328911));
#6451=CARTESIAN_POINT('',(103.286524341775,-24.476014996474,-66.5415285527299));
#6452=CARTESIAN_POINT('',(77.5457870859336,-32.6646496827497,-60.7230078191415));
#6453=CARTESIAN_POINT('',(51.8050498300919,-40.8532843690254,-54.904487085553));
#6454=CARTESIAN_POINT('',(26.0643125742501,-49.0419190553011,-49.0859663519646));
#6455=CARTESIAN_POINT('',(103.516417210148,-23.5198328346461,-63.3977256684161));
#6456=CARTESIAN_POINT('',(77.3122137970182,-31.4289493347682,-57.7620201031769));
#6457=CARTESIAN_POINT('',(51.1080103838881,-39.3380658348903,-52.1263145379377));
#6458=CARTESIAN_POINT('',(24.903806970758,-47.2471823350123,-46.4906089726985));
#6459=CARTESIAN_POINT('',(103.795393308492,-22.2341132658663,-59.2210505998479));
#6460=CARTESIAN_POINT('',(76.9761434374677,-29.8018562517534,-53.8024595198968));
#6461=CARTESIAN_POINT('',(50.1568935664433,-37.3695992376405,-48.3838684399457));
#6462=CARTESIAN_POINT('',(23.3376436954188,-44.9373422235277,-42.9652773599947));
#6463=CARTESIAN_POINT('',(104.033551568358,-20.9516995442677,-55.0386392157807));
#6464=CARTESIAN_POINT('',(76.607676136848,-28.2206357263828,-49.8147407162119));
#6465=CARTESIAN_POINT('',(49.1818007053384,-35.489571908498,-44.5908422166431));
#6466=CARTESIAN_POINT('',(21.7559252738288,-42.7585080906131,-39.3669437170743));
#6467=CARTESIAN_POINT('',(104.231410114287,-19.674030673117,-50.8519250158481));
#6468=CARTESIAN_POINT('',(76.2097049237769,-26.68470110925,-45.8011669174918));
#6469=CARTESIAN_POINT('',(48.1879997332671,-33.6953715453829,-40.7504088191355));
#6470=CARTESIAN_POINT('',(20.1662945427572,-40.7060419815158,-35.6996507207791));
#6471=CARTESIAN_POINT('',(104.359783697901,-18.7185111957947,-47.7100963328744));
#6472=CARTESIAN_POINT('',(75.8972831153167,-25.549076581924,-42.7818843001164));
#6473=CARTESIAN_POINT('',(47.4347825327327,-32.3796419680532,-37.8536722673583));
#6474=CARTESIAN_POINT('',(18.9722819501486,-39.2102073541824,-32.9254602346003));
#6475=CARTESIAN_POINT('',(104.468266486818,-17.7660836453298,-44.5668329917848));
#6476=CARTESIAN_POINT('',(75.5719109523786,-24.4212338898955,-39.7584700153993));
#6477=CARTESIAN_POINT('',(46.6755554179395,-31.0763841344611,-34.9501070390139));
#6478=CARTESIAN_POINT('',(17.7791998835004,-37.7315343790267,-30.1417440626284));
#6479=CARTESIAN_POINT('',(104.585721790595,-16.4995873905495,-40.3741843317744));
#6480=CARTESIAN_POINT('',(75.120515628069,-22.9243231036324,-35.7235319755154));
#6481=CARTESIAN_POINT('',(45.655309465543,-29.3490588167152,-31.0728796192563));
#6482=CARTESIAN_POINT('',(16.190103303017,-35.773794529798,-26.4222272629973));
#6483=CARTESIAN_POINT('',(104.680311351641,-14.9215140518294,-35.1308443824601));
#6484=CARTESIAN_POINT('',(74.5223144908826,-21.0650982482931,-30.6733789385062));
#6485=CARTESIAN_POINT('',(44.3643176301242,-27.2086824447569,-26.2159134945523));
#6486=CARTESIAN_POINT('',(14.2063207693657,-33.3522666412207,-21.7584480505985));
#6487=CARTESIAN_POINT('',(104.701924711876,-13.3465929029317,-29.8855422953947));
#6488=CARTESIAN_POINT('',(73.8763213437203,-19.2241434533624,-25.6132381852707));
#6489=CARTESIAN_POINT('',(43.0507179755647,-25.1016940037931,-21.3409340751466));
#6490=CARTESIAN_POINT('',(12.2251146074091,-30.9792445542238,-17.0686299650225));
#6491=CARTESIAN_POINT('',(104.701880230629,-12.0899958027544,-25.6882934187353));
#6492=CARTESIAN_POINT('',(73.3485421711817,-17.7631907637948,-21.5594136202866));
#6493=CARTESIAN_POINT('',(41.9952041117348,-23.4363857248352,-17.4305338218379));
#6494=CARTESIAN_POINT('',(10.6418660522879,-29.1095806858757,-13.3016540233891));
#6495=CARTESIAN_POINT('',(104.698588207569,-10.207830705673,-19.391601567821));
#6496=CARTESIAN_POINT('',(72.5553237616339,-15.5831084186998,-15.4731742329251));
#6497=CARTESIAN_POINT('',(40.412059315699,-20.9583861317266,-11.5547468980292));
#6498=CARTESIAN_POINT('',(8.2687948697641,-26.3336638447533,-7.63631956313325));
#6499=CARTESIAN_POINT('',(104.699780636095,-7.39359316818746,-9.94387291716481));
#6500=CARTESIAN_POINT('',(71.3719417800625,-12.354496791753,-6.32374670764429));
#6501=CARTESIAN_POINT('',(38.0441029240297,-17.3154004153184,-2.70362049812377));
#6502=CARTESIAN_POINT('',(4.71626406799682,-22.2763040388839,0.916505711396757));
#6503=CARTESIAN_POINT('',(104.7,-4.90248991931974,-1.54278521969155));
#6504=CARTESIAN_POINT('',(70.3233128984329,-9.54404174819504,1.83691867975032));
#6505=CARTESIAN_POINT('',(35.9466257968654,-14.1855935770703,5.21662257919219));
#6506=CARTESIAN_POINT('',(1.56993869529786,-18.8271454059456,8.59632647863407));
#6507=CARTESIAN_POINT('',(104.7,-3.65887955161815,2.65833159909978));
#6508=CARTESIAN_POINT('',(69.8000000000003,-8.15371491300241,5.9240206455278));
#6509=CARTESIAN_POINT('',(34.9000000000002,-12.6485502743867,9.18970969195582));
#6510=CARTESIAN_POINT('',(0.,-17.1433856357709,12.4553987383838));
#6511=CARTESIAN_POINT('',(24.8627526293554,-40.614771442433,-36.2858243762902));
#6512=CARTESIAN_POINT('',(27.1150076044412,-43.3666128493466,-41.4994562567506));
#6513=CARTESIAN_POINT('',(29.3731609080258,-46.3614497202299,-46.5439445773234));
#6514=CARTESIAN_POINT('',(33.6600050428524,-53.1042059868683,-56.218935082649));
#6515=CARTESIAN_POINT('',(35.7454948779054,-56.865635589335,-60.8565974769933));
#6516=CARTESIAN_POINT('',(39.7824680199529,-65.0664767528403,-69.5306096808268));
#6517=CARTESIAN_POINT('',(41.7246045492559,-69.4600539553797,-73.5424122040401));
#6518=CARTESIAN_POINT('',(44.4763010970025,-76.5135418599841,-79.0666072963204));
#6519=CARTESIAN_POINT('',(45.3666768603343,-78.9431932443261,-80.8241118692406));
#6520=CARTESIAN_POINT('',(47.1051340980935,-83.9523905982467,-84.1744518409143));
#6521=CARTESIAN_POINT('',(47.9553497426839,-86.5469435009066,-85.7477770432044));
#6522=CARTESIAN_POINT('',(49.6408013826462,-91.7295572793824,-88.9093604680429));
#6523=CARTESIAN_POINT('',(50.4332680165251,-94.319785703749,-90.5128877055984));
#6524=CARTESIAN_POINT('',(52.0677938854729,-99.3413959670196,-93.9052105041596));
#6525=CARTESIAN_POINT('',(52.8733603506332,-101.799393744149,-95.6749265603587));
#6526=CARTESIAN_POINT('',(55.2425460694344,-109.030755436714,-101.189503119113));
#6527=CARTESIAN_POINT('',(56.7692089066827,-113.648943024886,-105.151604357263));
#6528=CARTESIAN_POINT('',(61.1974657730255,-126.914280031267,-117.867641426172));
#6529=CARTESIAN_POINT('',(63.8982397082285,-134.836002172736,-127.260005836519));
#6530=CARTESIAN_POINT('',(66.4765085633787,-141.862508493913,-137.409165210383));
#6531=CARTESIAN_POINT('',(89.37906748669,-94.1317482274236,-173.62449128982));
#6532=CARTESIAN_POINT('',(89.3361062797498,-93.8000967172938,-166.315510362907));
#6533=CARTESIAN_POINT('',(89.4134160303628,-92.7166244860557,-159.012312987548));
#6534=CARTESIAN_POINT('',(89.8844809920891,-88.6534803223276,-145.130467828826));
#6535=CARTESIAN_POINT('',(90.2762561333705,-85.6722061360553,-138.52442674532));
#6536=CARTESIAN_POINT('',(91.4042419718437,-77.5540475084124,-126.41132938776));
#6537=CARTESIAN_POINT('',(92.0998156629572,-72.6793207245923,-121.242192433609));
#6538=CARTESIAN_POINT('',(93.3420117296233,-64.2952117335561,-114.659412156127));
#6539=CARTESIAN_POINT('',(93.8282239168569,-61.3544630681894,-112.63265045505));
#6540=CARTESIAN_POINT('',(94.8718492660845,-55.8161789933143,-108.228127176198));
#6541=CARTESIAN_POINT('',(95.4472263146815,-53.1467665430004,-105.92969435855));
#6542=CARTESIAN_POINT('',(97.1807938144163,-45.4459010776454,-98.7100766353147));
#6543=CARTESIAN_POINT('',(98.2200976344243,-40.7757046391087,-93.4688987427191));
#6544=CARTESIAN_POINT('',(99.9689290481235,-32.7157008105999,-81.8300976073008));
#6545=CARTESIAN_POINT('',(100.655323244518,-29.4762620529181,-75.6195753603679));
#6546=CARTESIAN_POINT('',(101.433199217957,-25.9879894500166,-65.7500175649434));
#6547=CARTESIAN_POINT('',(101.642996754615,-24.9753265333237,-62.3938545802211));
#6548=CARTESIAN_POINT('',(102.050254098446,-22.8489287042561,-55.7223082844822));
#6549=CARTESIAN_POINT('',(102.20513768588,-21.7977977748996,-52.3767005138621));
#6550=CARTESIAN_POINT('',(102.597325742899,-18.6603160863848,-42.3321687531183));
#6551=CARTESIAN_POINT('',(102.715639456182,-16.5953954812681,-35.6245065850784));
#6552=CARTESIAN_POINT('',(102.728511036526,-14.5398260218082,-28.9117118962212));
#6553=CARTESIAN_POINT('',(104.7,-3.65887955161815,2.65833159909978));
#6554=CARTESIAN_POINT('',(75.2918446225788,-21.7652815378892,10.1547890479824));
#6555=CARTESIAN_POINT('',(35.1694414288253,-20.6029521041128,12.3137678467219));
#6556=CARTESIAN_POINT('',(0.,-17.1433856357709,12.4553987383838));
#6557=CARTESIAN_POINT('',(104.700113518115,-4.9053686447213,-1.55052271669067));
#6558=CARTESIAN_POINT('',(75.8051342856142,-22.8775350971042,5.99119987894076));
#6559=CARTESIAN_POINT('',(36.2835334799701,-21.9205340461796,8.33642619068075));
#6560=CARTESIAN_POINT('',(1.5671969131063,-18.8285219735623,8.60568046909711));
#6561=CARTESIAN_POINT('',(104.696920609184,-7.40115873614938,-9.96733265546593));
#6562=CARTESIAN_POINT('',(76.8418963869196,-25.129654505335,-2.32851633221081));
#6563=CARTESIAN_POINT('',(38.5119138698044,-24.6593909286512,0.466098499722898));
#6564=CARTESIAN_POINT('',(4.70723439698571,-22.2628548349646,0.936431101858554));
#6565=CARTESIAN_POINT('',(104.697780913444,-11.1597093643882,-22.5882447889494));
#6566=CARTESIAN_POINT('',(78.4447769666079,-28.5894047339123,-14.7216838523672));
#6567=CARTESIAN_POINT('',(41.8811012622953,-28.9340687619343,-11.3099717111727));
#6568=CARTESIAN_POINT('',(9.43520241313899,-27.6657536741536,-10.4442557949159));
#6569=CARTESIAN_POINT('',(104.716463809324,-14.3095809433605,-33.1007470077339));
#6570=CARTESIAN_POINT('',(79.8272029361064,-31.5908967557552,-25.0794802906082));
#6571=CARTESIAN_POINT('',(44.7085564093894,-32.6545614693938,-21.0488219805085));
#6572=CARTESIAN_POINT('',(13.387252233725,-32.3565717656709,-19.8310922800538));
#6573=CARTESIAN_POINT('',(104.564327288057,-16.8404199113304,-41.5059201375573));
#6574=CARTESIAN_POINT('',(80.8333234534873,-34.0727927740645,-33.4654633140208));
#6575=CARTESIAN_POINT('',(46.9231065581887,-35.6935045098393,-28.8242843917687));
#6576=CARTESIAN_POINT('',(16.5555394907111,-36.2150302559222,-27.2836355805551));
#6577=CARTESIAN_POINT('',(104.365876178015,-18.7456405974599,-47.8056145481978));
#6578=CARTESIAN_POINT('',(81.5341149875292,-35.9303420872513,-39.7165970413724));
#6579=CARTESIAN_POINT('',(48.5574185499164,-38.0254539981313,-34.6849367856277));
#6580=CARTESIAN_POINT('',(18.9358790734695,-39.1555079212479,-32.846785728429));
#6581=CARTESIAN_POINT('',(104.08771569974,-20.6639215803334,-54.0983093763751));
#6582=CARTESIAN_POINT('',(82.1948106168574,-37.8122845986868,-45.9373147013331));
#6583=CARTESIAN_POINT('',(50.1799168675202,-40.3492644149541,-40.3355814028979));
#6584=CARTESIAN_POINT('',(21.3198685701534,-42.1634329230125,-38.3730613937966));
#6585=CARTESIAN_POINT('',(103.78851902801,-22.2739157717521,-59.3353358523961));
#6586=CARTESIAN_POINT('',(82.7182950976688,-39.4485778229895,-51.097551882695));
#6587=CARTESIAN_POINT('',(51.5150311407023,-42.3677784372609,-44.9064963265578));
#6588=CARTESIAN_POINT('',(23.2944153558539,-44.8748369682998,-42.8671069874095));
#6589=CARTESIAN_POINT('',(103.507720201749,-23.5507378993101,-63.5255831769602));
#6590=CARTESIAN_POINT('',(83.1240401546827,-40.8020202681158,-55.2261201067097));
#6591=CARTESIAN_POINT('',(52.5671727638636,-44.0832407201606,-48.5204914330977));
#6592=CARTESIAN_POINT('',(24.8564170670519,-47.1763047036788,-46.3860905662987));
#6593=CARTESIAN_POINT('',(103.277127530782,-24.516730232094,-66.6643904882538));
#6594=CARTESIAN_POINT('',(83.4229103745255,-41.8276677155874,-58.2671571647486));
#6595=CARTESIAN_POINT('',(53.3454224735258,-45.4071533655249,-51.2088494355773));
#6596=CARTESIAN_POINT('',(26.0185069287692,-48.9688837191712,-48.9848053863825));
#6597=CARTESIAN_POINT('',(103.024689499791,-25.5231833826674,-69.7896763225135));
#6598=CARTESIAN_POINT('',(83.731118150199,-42.8485312667708,-61.1238352732969));
#6599=CARTESIAN_POINT('',(54.1104725906838,-46.7893412343129,-53.8678306796198));
#6600=CARTESIAN_POINT('',(27.1705918058053,-50.8282469130054,-51.5406009263006));
#6601=CARTESIAN_POINT('',(102.656857833877,-26.9985996989571,-73.9076556241813));
#6602=CARTESIAN_POINT('',(84.1256910120012,-44.2502379382844,-64.7106708454988));
#6603=CARTESIAN_POINT('',(55.1048958056931,-48.7312039224539,-57.3677018533316));
#6604=CARTESIAN_POINT('',(28.6925735782781,-53.3968513617513,-54.8879073845269));
#6605=CARTESIAN_POINT('',(102.13522201744,-29.2032814333416,-78.9101240475874));
#6606=CARTESIAN_POINT('',(84.5331272109916,-46.2955736813247,-69.1130990357453));
#6607=CARTESIAN_POINT('',(56.2870059286762,-51.3777777298688,-61.6476360048052));
#6608=CARTESIAN_POINT('',(30.5670705171656,-56.7760971904559,-58.9527601764823));
#6609=CARTESIAN_POINT('',(101.412009005688,-32.3353735812896,-84.6643075734069));
#6610=CARTESIAN_POINT('',(84.8731727135576,-49.1967458839628,-74.3262283587864));
#6611=CARTESIAN_POINT('',(57.6177319645644,-54.9021610342358,-66.5927027487907));
#6612=CARTESIAN_POINT('',(32.7665127126409,-61.0937139181039,-63.6233069092636));
#6613=CARTESIAN_POINT('',(100.592736362849,-35.8916000414065,-90.1492306364478));
#6614=CARTESIAN_POINT('',(85.0906447574378,-52.5001453835899,-79.3844506267774));
#6615=CARTESIAN_POINT('',(58.8594367772223,-58.7455021384513,-71.3343325549423));
#6616=CARTESIAN_POINT('',(34.9108150884623,-65.6667896837214,-68.0701488562385));
#6617=CARTESIAN_POINT('',(99.6850229854541,-39.826153640517,-95.3559186463744));
#6618=CARTESIAN_POINT('',(85.1896872152619,-56.1607932394185,-84.2497638011985));
#6619=CARTESIAN_POINT('',(60.0106709083976,-62.88479959463,-75.8673082455249));
#6620=CARTESIAN_POINT('',(36.9951288503322,-70.4865414445041,-72.278228444615));
#6621=CARTESIAN_POINT('',(98.6960031858766,-44.0911291622133,-100.278191805085));
#6622=CARTESIAN_POINT('',(85.1842953813017,-60.1778158291746,-88.9411337358239));
#6623=CARTESIAN_POINT('',(61.0735675971564,-67.305073968783,-80.1736866310846));
#6624=CARTESIAN_POINT('',(39.0146052039529,-75.544186157648,-76.232488101601));
#6625=CARTESIAN_POINT('',(97.6056339576652,-48.6328875563156,-104.923008537281));
#6626=CARTESIAN_POINT('',(85.0637832408865,-64.4947381370476,-93.4269471965383));
#6627=CARTESIAN_POINT('',(62.0480253146388,-71.989781371183,-84.2298984702151));
#6628=CARTESIAN_POINT('',(40.9649015857153,-80.8274750827728,-79.9173275447225));
#6629=CARTESIAN_POINT('',(96.663709835589,-52.6225811019063,-108.572717655865));
#6630=CARTESIAN_POINT('',(84.9419129050032,-68.2725540990215,-96.8757756425219));
#6631=CARTESIAN_POINT('',(62.7924446792706,-76.0851632910303,-87.4050362471293));
#6632=CARTESIAN_POINT('',(42.5288797909607,-85.4080454133773,-82.7505100003748));
#6633=CARTESIAN_POINT('',(95.9597426181231,-55.9185354772148,-111.385834844096));
#6634=CARTESIAN_POINT('',(84.8860289496738,-71.3933283764922,-99.4839649402492));
#6635=CARTESIAN_POINT('',(63.3914719664215,-79.5127448024191,-89.8523019214093));
#6636=CARTESIAN_POINT('',(43.7441536728123,-89.1604148176566,-84.8855052842215));
#6637=CARTESIAN_POINT('',(95.4564059207289,-58.4456809835317,-113.435124577407));
#6638=CARTESIAN_POINT('',(84.8353601009095,-73.7739753922862,-101.395590914397));
#6639=CARTESIAN_POINT('',(63.8590969524103,-82.1839272568332,-91.6948280132778));
#6640=CARTESIAN_POINT('',(44.6438288565431,-91.9900809124589,-86.4666620336449));
#6641=CARTESIAN_POINT('',(94.9775606146479,-61.0310861701017,-115.416643048311));
#6642=CARTESIAN_POINT('',(84.7874604278823,-76.1987063929574,-103.277243084527));
#6643=CARTESIAN_POINT('',(64.3447557491109,-84.9225094157081,-93.5702228777252));
#6644=CARTESIAN_POINT('',(45.5396915919327,-94.7995466356145,-88.0854340624578));
#6645=CARTESIAN_POINT('',(94.5217544144641,-63.6496848536955,-117.359278168662));
#6646=CARTESIAN_POINT('',(84.7671627573168,-78.730720177981,-105.238544383161));
#6647=CARTESIAN_POINT('',(64.8286584209406,-87.650951072299,-95.4646283711118));
#6648=CARTESIAN_POINT('',(46.4335570285409,-97.5781800876069,-89.7575515503597));
#6649=CARTESIAN_POINT('',(94.0830122967625,-66.2213692488883,-119.368483594259));
#6650=CARTESIAN_POINT('',(84.8199672763473,-81.351575899699,-107.376992804736));
#6651=CARTESIAN_POINT('',(65.3120195701588,-90.3312279549465,-97.4169977347272));
#6652=CARTESIAN_POINT('',(47.3254466501252,-100.322371253854,-91.4867253110749));
#6653=CARTESIAN_POINT('',(93.2364484333066,-71.1555684070727,-123.648151144149));
#6654=CARTESIAN_POINT('',(84.9495813492963,-86.4105159029966,-111.862446331278));
#6655=CARTESIAN_POINT('',(66.2997006045331,-95.5738928657176,-101.462367520422));
#6656=CARTESIAN_POINT('',(49.1035800740974,-105.743857661169,-95.0522922679542));
#6657=CARTESIAN_POINT('',(92.0970475966519,-77.7849155476155,-130.947098397855));
#6658=CARTESIAN_POINT('',(85.2315447630771,-93.273443178032,-119.213507579889));
#6659=CARTESIAN_POINT('',(67.8349538994909,-102.995127863494,-108.046925066418));
#6660=CARTESIAN_POINT('',(51.7432551787626,-113.632684976384,-100.776866423041));
#6661=CARTESIAN_POINT('',(90.9436234385016,-84.4704486676286,-142.316045246465));
#6662=CARTESIAN_POINT('',(85.782063781331,-100.565344267907,-130.175318716454));
#6663=CARTESIAN_POINT('',(70.0146288649634,-111.748523866939,-117.828413735594));
#6664=CARTESIAN_POINT('',(55.1781632293823,-123.551242671936,-109.20965951247));
#6665=CARTESIAN_POINT('',(90.1824378383829,-88.801912386457,-154.789779392815));
#6666=CARTESIAN_POINT('',(86.4788359056546,-105.934798743794,-141.904264403549));
#6667=CARTESIAN_POINT('',(72.3033535750797,-119.278308499813,-128.39926555492));
#6668=CARTESIAN_POINT('',(58.5025590851565,-132.823863742089,-118.389029923259));
#6669=CARTESIAN_POINT('',(89.8433788001182,-90.6255759500998,-165.63811995616));
#6670=CARTESIAN_POINT('',(87.1948498684101,-109.017106708938,-152.018371960725));
#6671=CARTESIAN_POINT('',(74.2513631380812,-124.577010002733,-137.693483122822));
#6672=CARTESIAN_POINT('',(61.160632284988,-139.97705548354,-126.614392650591));
#6673=CARTESIAN_POINT('',(89.7346042743447,-91.1164302098035,-173.306778485849));
#6674=CARTESIAN_POINT('',(87.771586120752,-110.570705763881,-159.175768756597));
#6675=CARTESIAN_POINT('',(75.6151611527569,-127.823820791161,-144.386982149259));
#6676=CARTESIAN_POINT('',(62.9539349314482,-144.673502286928,-132.643589536579));
#6677=CARTESIAN_POINT('',(89.7043400376711,-91.2011958807973,-177.696041025853));
#6678=CARTESIAN_POINT('',(88.1227483481617,-111.306620718353,-163.279597378585));
#6679=CARTESIAN_POINT('',(76.3902887750313,-129.555682322501,-148.257894587856));
#6680=CARTESIAN_POINT('',(63.958635221971,-147.268485706265,-136.161371557563));
#6681=CARTESIAN_POINT('',(89.7012198722034,-91.1696092461071,-179.890756040332));
#6682=CARTESIAN_POINT('',(88.2999817290009,-111.615064698493,-165.333683304286));
#6683=CARTESIAN_POINT('',(76.7758788009352,-130.37732617781,-150.21411122064));
#6684=CARTESIAN_POINT('',(64.4529876675292,-148.531537353729,-137.947317898169));
#6685=CARTESIAN_POINT('',(89.7000000000003,-91.1517149179275,-180.987998111463));
#6686=CARTESIAN_POINT('',(88.4076356426226,-111.773606161772,-166.365984607912));
#6687=CARTESIAN_POINT('',(76.9731230191069,-130.77575063037,-151.17118566543));
#6688=CARTESIAN_POINT('',(64.7000000000004,-149.16236832025,-138.840791337296));
#6689=CARTESIAN_POINT('',(66.6613709514,-142.364526597528,-138.138726675793));
#6690=CARTESIAN_POINT('',(63.7255493921751,-147.138729262767,-135.596314340306));
#6691=CARTESIAN_POINT('',(65.7733547322898,-142.128008684247,-138.524640205543));
#6692=CARTESIAN_POINT('',(64.0676312518553,-135.348853706214,-127.877664650226));
#6693=CARTESIAN_POINT('',(60.886423011336,-139.90180340312,-125.628154970278));
#6694=CARTESIAN_POINT('',(63.2129124722843,-135.078662881432,-128.319064580392));
#6695=CARTESIAN_POINT('',(61.342311864455,-127.345092270575,-118.320970580963));
#6696=CARTESIAN_POINT('',(57.7672078221992,-131.388121384544,-116.15219556389));
#6697=CARTESIAN_POINT('',(60.5430116591757,-127.031997648478,-118.838456492272));
#6698=CARTESIAN_POINT('',(56.8387720458004,-113.858800321398,-105.333532664042));
#6699=CARTESIAN_POINT('',(52.726907955534,-117.041446383434,-103.382484961906));
#6700=CARTESIAN_POINT('',(56.1510159400522,-113.516086456083,-105.969553521813));
#6701=CARTESIAN_POINT('',(55.2844270656265,-109.158445649192,-101.289158600127));
#6702=CARTESIAN_POINT('',(51.0355066568784,-112.122628621257,-99.4597536409961));
#6703=CARTESIAN_POINT('',(54.6369105011477,-108.812746766585,-101.964151356023));
#6704=CARTESIAN_POINT('',(52.8707867384771,-101.791608275986,-95.6678623972989));
#6705=CARTESIAN_POINT('',(48.4676048289128,-104.443843857241,-94.0117836524459));
#6706=CARTESIAN_POINT('',(52.2802047394708,-101.451594247463,-96.3943327738328));
#6707=CARTESIAN_POINT('',(52.0495636588415,-99.2867040556789,-93.8650718920581));
#6708=CARTESIAN_POINT('',(47.6121371536071,-101.870257118157,-92.2824569231365));
#6709=CARTESIAN_POINT('',(51.4774336119957,-98.9504143722138,-94.6077409764903));
#6710=CARTESIAN_POINT('',(50.8001352079169,-95.4461814488724,-91.2755138191381));
#6711=CARTESIAN_POINT('',(46.3119583371742,-97.8787931124515,-89.7661842959191));
#6712=CARTESIAN_POINT('',(50.2544364521411,-95.1179619832763,-92.040943172229));
#6713=CARTESIAN_POINT('',(50.3845976682357,-94.1492639766086,-90.4336323026683));
#6714=CARTESIAN_POINT('',(45.8778837818808,-96.5256918764863,-88.9424436616072));
#6715=CARTESIAN_POINT('',(49.8474791657988,-93.8239813698634,-91.2063014076089));
#6716=CARTESIAN_POINT('',(49.558810676999,-91.5283473565359,-88.7858546589958));
#6717=CARTESIAN_POINT('',(45.0193839884315,-93.817797356158,-87.3489465393997));
#6718=CARTESIAN_POINT('',(49.0386734026605,-91.2064739785673,-89.5714076653522));
#6719=CARTESIAN_POINT('',(49.1463168613709,-90.2049909281521,-87.9790700994429));
#6720=CARTESIAN_POINT('',(44.6018835517641,-92.4946904850365,-86.5971340251379));
#6721=CARTESIAN_POINT('',(48.6351442911195,-89.8850041630422,-88.771213398267));
#6722=CARTESIAN_POINT('',(48.2864972331435,-87.5701445276561,-86.3722728281302));
#6723=CARTESIAN_POINT('',(43.7363549857136,-89.8404738698871,-85.0995490903887));
#6724=CARTESIAN_POINT('',(47.7918982395953,-87.2461655799637,-87.1732000473581));
#6725=CARTESIAN_POINT('',(47.8529974738222,-86.2536980866238,-85.574011242855));
#6726=CARTESIAN_POINT('',(43.2940770227935,-88.4856524458814,-84.3420893057552));
#6727=CARTESIAN_POINT('',(47.3654136682061,-85.9225321761407,-86.3762907887209));
#6728=CARTESIAN_POINT('',(46.9909568794998,-83.6484329496992,-83.9482044764719));
#6729=CARTESIAN_POINT('',(42.4409313441643,-85.8658351274161,-82.8401003664403));
#6730=CARTESIAN_POINT('',(46.5157562420179,-83.2969318887394,-84.749170441023));
#6731=CARTESIAN_POINT('',(46.5557752384272,-82.363855114857,-83.1172962540662));
#6732=CARTESIAN_POINT('',(42.0181925435108,-84.585979807268,-82.0818414624036));
#6733=CARTESIAN_POINT('',(46.0862707832629,-82.0001935827344,-83.9161584494199));
#6734=CARTESIAN_POINT('',(45.2317600183575,-78.5683524361872,-80.5602243114457));
#6735=CARTESIAN_POINT('',(40.7339452643736,-80.7978390383847,-79.7403570865741));
#6736=CARTESIAN_POINT('',(44.7798723177762,-78.1694661231915,-81.3525743721827));
#6737=CARTESIAN_POINT('',(44.3275527352008,-76.1159305544331,-78.7710592524378));
#6738=CARTESIAN_POINT('',(39.8558239307364,-78.3328388234848,-78.0892280751112));
#6739=CARTESIAN_POINT('',(43.8872149520401,-75.69253918019,-79.5570964469528));
#6740=CARTESIAN_POINT('',(41.5306087727161,-69.0001480732057,-73.1459168630483));
#6741=CARTESIAN_POINT('',(37.1695585564714,-71.2276482559928,-72.9134155243223));
#6742=CARTESIAN_POINT('',(41.1254543515917,-68.5046303003514,-73.9095012501131));
#6743=CARTESIAN_POINT('',(39.5573503675876,-64.5717306084316,-69.0594549113353));
#6744=CARTESIAN_POINT('',(35.2409986905033,-66.6906002239067,-69.0610190601123));
#6745=CARTESIAN_POINT('',(39.1760516992385,-64.0283785414285,-69.802663747553));
#6746=CARTESIAN_POINT('',(36.4806978023398,-58.3816395948487,-62.4287529965749));
#6747=CARTESIAN_POINT('',(32.1965223348551,-60.2884000067574,-62.7129074952037));
#6748=CARTESIAN_POINT('',(36.1383700018227,-57.7663995166229,-63.1316096075987));
#6749=CARTESIAN_POINT('',(35.4365383014606,-56.4005213787648,-60.1378131843219));
#6750=CARTESIAN_POINT('',(31.1737895232629,-58.2457009412149,-60.533162801983));
#6751=CARTESIAN_POINT('',(35.107766156765,-55.7614475103729,-60.8256500466564));
#6752=CARTESIAN_POINT('',(33.3305947239478,-52.6617513029393,-55.4683361828681));
#6753=CARTESIAN_POINT('',(29.1108328173094,-54.3674579697262,-56.0710470038446));
#6754=CARTESIAN_POINT('',(33.0302925450129,-51.9763538538293,-56.1235647367331));
#6755=CARTESIAN_POINT('',(32.2684811109991,-50.8943846178507,-53.0796871258636));
#6756=CARTESIAN_POINT('',(28.0642120241598,-52.5202512976529,-53.7808744551547));
#6757=CARTESIAN_POINT('',(31.9833347778657,-50.1860693041378,-53.7169490665491));
#6758=CARTESIAN_POINT('',(30.110703958249,-47.5501735847438,-48.2067188506899));
#6759=CARTESIAN_POINT('',(25.9561768745092,-49.0151403664459,-49.0975735175052));
#6760=CARTESIAN_POINT('',(29.85649258227,-46.8001045456685,-48.8079988952708));
#6761=CARTESIAN_POINT('',(29.01553375844,-45.970351684533,-45.7236349941423));
#6762=CARTESIAN_POINT('',(24.8939874769668,-47.3519359402224,-46.7012930887284));
#6763=CARTESIAN_POINT('',(28.7764825802928,-45.2017885103784,-46.3071845339387));
#6764=CARTESIAN_POINT('',(26.7837790955573,-42.9774807538079,-40.680158339008));
#6765=CARTESIAN_POINT('',(22.7327179157899,-44.1972417677431,-41.802752351935));
#6766=CARTESIAN_POINT('',(26.5721515762907,-42.1750860807464,-41.2272370563151));
#6767=CARTESIAN_POINT('',(25.6486685968099,-41.5709106152292,-38.1160573448251));
#6768=CARTESIAN_POINT('',(21.6128845200862,-42.6946440366987,-39.276127537704));
#6769=CARTESIAN_POINT('',(25.449846368706,-40.7523037079579,-38.6430185336396));
#6770=CARTESIAN_POINT('',(24.5300282881701,-40.2089785907449,-35.5136457805524));
#6771=CARTESIAN_POINT('',(20.4979444219886,-41.2535653726946,-36.6859407556799));
#6772=CARTESIAN_POINT('',(24.3423679141998,-39.3799643809167,-36.0277882704625));
#6773=CARTESIAN_POINT('',(102.729904654196,-14.2308692173316,-27.9022501732639));
#6774=CARTESIAN_POINT('',(104.802424295304,-12.8559342851783,-28.3272494006151));
#6775=CARTESIAN_POINT('',(102.337716155297,-13.3710446102852,-28.1651284234561));
#6776=CARTESIAN_POINT('',(102.723985580473,-16.3147930274565,-34.7146337903026));
#6777=CARTESIAN_POINT('',(104.797046316646,-14.9226463119728,-35.2338325364909));
#6778=CARTESIAN_POINT('',(102.31729031327,-15.4602440148335,-34.9745152517473));
#6779=CARTESIAN_POINT('',(102.619605477494,-18.4107650035189,-41.5257515542799));
#6780=CARTESIAN_POINT('',(104.687892609813,-16.9827661735805,-42.0957056943886));
#6781=CARTESIAN_POINT('',(102.196698164054,-17.5612376303977,-41.7779783442121));
#6782=CARTESIAN_POINT('',(102.234447446271,-21.5937307833207,-51.7265784500942));
#6783=CARTESIAN_POINT('',(104.287528767036,-20.0818063439369,-52.3138220634414));
#6784=CARTESIAN_POINT('',(101.782905467706,-20.7559732578662,-51.9697815802866));
#6785=CARTESIAN_POINT('',(102.080402374078,-22.6604044610413,-55.1246278175873));
#6786=CARTESIAN_POINT('',(104.125142354965,-21.1228585581263,-55.7358193548882));
#6787=CARTESIAN_POINT('',(101.618213704987,-21.8273557927851,-55.3649028766408));
#6788=CARTESIAN_POINT('',(101.77885625277,-24.2780330313474,-60.2085031990969));
#6789=CARTESIAN_POINT('',(103.808272142469,-22.6939798348111,-60.857269822475));
#6790=CARTESIAN_POINT('',(101.298344167849,-23.4530968845888,-60.4417044602225));
#6791=CARTESIAN_POINT('',(101.661619696394,-24.8216008735992,-61.9000427339382));
#6792=CARTESIAN_POINT('',(103.685680456901,-23.2166374213228,-62.5470951381021));
#6793=CARTESIAN_POINT('',(101.174799808911,-23.9990991156515,-62.1291922057159));
#6794=CARTESIAN_POINT('',(101.44627978724,-25.8931907915427,-65.288069802682));
#6795=CARTESIAN_POINT('',(103.452681912336,-24.2491554423137,-65.9461887934588));
#6796=CARTESIAN_POINT('',(100.945137724072,-25.0784628663024,-65.5148073400673));
#6797=CARTESIAN_POINT('',(101.333919977349,-26.4313603489954,-66.979230080077));
#6798=CARTESIAN_POINT('',(103.327896028047,-24.7770584037653,-67.6790957779018));
#6799=CARTESIAN_POINT('',(100.82461917035,-25.6224574531102,-67.2093779463828));
#6800=CARTESIAN_POINT('',(100.945924905999,-28.1762354211264,-71.9837814042675));
#6801=CARTESIAN_POINT('',(102.897515540611,-26.5020979738233,-72.8347338884693));
#6802=CARTESIAN_POINT('',(100.41017586127,-27.3924360628452,-72.2417609299882));
#6803=CARTESIAN_POINT('',(100.644588807487,-29.5471954085129,-75.2208896504939));
#6804=CARTESIAN_POINT('',(102.56311436538,-27.8806573199926,-76.1986589837274));
#6805=CARTESIAN_POINT('',(100.089979692303,-28.7889714294489,-75.5143086471464));
#6806=CARTESIAN_POINT('',(99.9526163502035,-32.7723580658357,-81.5006786147787));
#6807=CARTESIAN_POINT('',(101.810699865337,-31.1273955320319,-82.6993240778551));
#6808=CARTESIAN_POINT('',(99.3651276057286,-32.0581786347397,-81.8384855434741));
#6809=CARTESIAN_POINT('',(99.5576173695262,-34.6108213459567,-84.5536221119775));
#6810=CARTESIAN_POINT('',(101.385552246111,-32.9871257415535,-85.8583116979605));
#6811=CARTESIAN_POINT('',(98.954777195864,-33.9184187686445,-84.9093116622479));
#6812=CARTESIAN_POINT('',(98.2338988526841,-40.7131197839457,-93.4037113058985));
#6813=CARTESIAN_POINT('',(99.9611422234819,-39.1974504014013,-95.0715146352461));
#6814=CARTESIAN_POINT('',(97.5864817338842,-40.0855407861891,-93.8039847326918));
#6815=CARTESIAN_POINT('',(97.1807851076574,-45.4438082191021,-98.7158974272614));
#6816=CARTESIAN_POINT('',(98.8386220673785,-44.0234432003846,-100.572700654605));
#6817=CARTESIAN_POINT('',(96.5069513375232,-44.8533130795655,-99.1283393259289));
#6818=CARTESIAN_POINT('',(95.4242386197311,-53.2499692515784,-106.022479265547));
#6819=CARTESIAN_POINT('',(96.9928951275726,-51.8450657966175,-108.061770450122));
#6820=CARTESIAN_POINT('',(94.7092161204882,-52.7194808680367,-106.446293359174));
#6821=CARTESIAN_POINT('',(94.8434962098843,-55.9540871479887,-108.345776463281));
#6822=CARTESIAN_POINT('',(96.3821950969572,-54.5477058581604,-110.43486307019));
#6823=CARTESIAN_POINT('',(94.1142138510841,-55.4471966671273,-108.774800077097));
#6824=CARTESIAN_POINT('',(94.0537194490251,-60.1646950906901,-111.682070478024));
#6825=CARTESIAN_POINT('',(95.5471190156026,-58.7757607878765,-113.856269137321));
#6826=CARTESIAN_POINT('',(93.30538130543,-59.6937134942549,-112.119093795142));
#6827=CARTESIAN_POINT('',(93.8005016880314,-61.597960374973,-112.763772478204));
#6828=CARTESIAN_POINT('',(95.2793558392483,-60.2249303765882,-114.97052366063));
#6829=CARTESIAN_POINT('',(93.0464109924041,-61.1394955543309,-113.204309567813));
#6830=CARTESIAN_POINT('',(93.3183778337035,-64.5017258467168,-114.897408376696));
#6831=CARTESIAN_POINT('',(94.7702805692171,-63.1185793740037,-117.143803452199));
#6832=CARTESIAN_POINT('',(92.5530897837138,-64.0614918111252,-115.337646254054));
#6833=CARTESIAN_POINT('',(93.0936077314905,-65.9661337404296,-115.96088490187));
#6834=CARTESIAN_POINT('',(94.5353215520158,-64.5173509721007,-118.197742467282));
#6835=CARTESIAN_POINT('',(92.322172601602,-65.5263317687268,-116.391272490476));
#6836=CARTESIAN_POINT('',(92.0497779696565,-73.0430636611851,-121.575520422096));
#6837=CARTESIAN_POINT('',(93.3746494751928,-71.2750513817763,-123.728882750781));
#6838=CARTESIAN_POINT('',(91.2452377858975,-72.5870725129563,-121.927407788794));
#6839=CARTESIAN_POINT('',(91.3456216028236,-77.9644626100273,-126.880013405382));
#6840=CARTESIAN_POINT('',(92.5629986186579,-75.8755504345233,-128.860663154487));
#6841=CARTESIAN_POINT('',(90.5160746827342,-77.5023752863476,-127.157860996834));
#6842=CARTESIAN_POINT('',(90.2184666918899,-86.1008347945571,-139.323170516572));
#6843=CARTESIAN_POINT('',(91.2213413236,-83.4854108103827,-140.816569315336));
#6844=CARTESIAN_POINT('',(89.3441846999835,-85.663924102047,-139.48006980497));
#6845=CARTESIAN_POINT('',(89.8376224441774,-89.0195608219083,-146.044046037938));
#6846=CARTESIAN_POINT('',(90.7382532181376,-86.1778279337675,-147.264931080386));
#6847=CARTESIAN_POINT('',(88.9445265749604,-88.6085141396156,-146.153537409843));
#6848=CARTESIAN_POINT('',(89.5025896174855,-91.9711424317587,-156.674973087856));
#6849=CARTESIAN_POINT('',(90.2305412014884,-88.8897262457391,-157.42768015516));
#6850=CARTESIAN_POINT('',(88.5842492737105,-91.6098619051852,-156.735271767541));
#6851=CARTESIAN_POINT('',(89.4304978478533,-92.7187078313451,-160.335726010017));
#6852=CARTESIAN_POINT('',(90.0971526167364,-89.5731376594022,-160.951891683784));
#6853=CARTESIAN_POINT('',(88.504248850717,-92.3759542036787,-160.383055370208));
#6854=CARTESIAN_POINT('',(89.3594103145262,-93.7599971602722,-167.626998922374));
#6855=CARTESIAN_POINT('',(89.8999133050218,-90.518347779365,-167.989758926336));
#6856=CARTESIAN_POINT('',(88.4189638710359,-93.4552012645927,-167.654801003011));
#6857=CARTESIAN_POINT('',(89.3598713295486,-94.0604312834399,-171.278783462053));
#6858=CARTESIAN_POINT('',(89.8347337154367,-90.7845757072262,-171.519206178645));
#6859=CARTESIAN_POINT('',(88.4130645637968,-93.7753002668839,-171.299916950079));
#6860=CARTESIAN_POINT('',(89.3879668430929,-94.1835312218346,-174.935836598422));
#6861=CARTESIAN_POINT('',(89.7993292168995,-90.8781064084317,-175.052894725974));
#6862=CARTESIAN_POINT('',(88.4355880380697,-93.9176598445709,-174.952496962615));
#6863=CARTESIAN_POINT('',(66.4765085633786,-34.0020993957536,-194.551040184013));
#6864=CARTESIAN_POINT('',(72.0952921441815,-24.8833581241364,-196.144742005336));
#6865=CARTESIAN_POINT('',(77.0216329051803,-15.2317004793047,-197.169370947504));
#6866=CARTESIAN_POINT('',(85.0070579916966,4.91240580142718,-197.695811307594));
#6867=CARTESIAN_POINT('',(88.0776692044405,15.2403886164088,-197.204437831941));
#6868=CARTESIAN_POINT('',(89.37906748669,25.8997313907298,-195.794417473758));
#6869=CARTESIAN_POINT('',(66.4765085633786,-34.0020993957536,-194.551040184013));
#6870=CARTESIAN_POINT('',(89.37906748669,25.8997313907298,-195.794417473758));
#6871=CARTESIAN_POINT('',(66.4765085633786,-34.0020993957536,-194.551040184013));
#6872=CARTESIAN_POINT('',(66.4451420949997,-34.0530041344106,-194.542143454487));
#6873=CARTESIAN_POINT('',(66.4043840411918,-34.0992416430921,-194.534041217191));
#6874=CARTESIAN_POINT('',(66.3576788625449,-34.1370427171525,-194.527407617866));
#6875=CARTESIAN_POINT('',(66.3109734730121,-34.1748439618944,-194.520773988588));
#6876=CARTESIAN_POINT('',(66.2570043729599,-34.2052671176711,-194.515423882788));
#6877=CARTESIAN_POINT('',(66.2001938041753,-34.2256158739371,-194.511843387619));
#6878=CARTESIAN_POINT('',(66.1436140997911,-34.2458819377831,-194.508277442716));
#6879=CARTESIAN_POINT('',(66.0825748791236,-34.2567071958357,-194.506370106747));
#6880=CARTESIAN_POINT('',(66.0223694972393,-34.2567713788594,-194.506358802731));
#6881=CARTESIAN_POINT('',(65.9638689542816,-34.2568337444091,-194.50634781881));
#6882=CARTESIAN_POINT('',(65.9044471384127,-34.2467023905142,-194.508132938586));
#6883=CARTESIAN_POINT('',(65.8495068214607,-34.2269097317847,-194.511615720533));
#6884=CARTESIAN_POINT('',(65.7967350343419,-34.2078983020928,-194.514961034824));
#6885=CARTESIAN_POINT('',(65.7465834248019,-34.1794092447573,-194.519971448311));
#6886=CARTESIAN_POINT('',(65.7035844161268,-34.1437797281621,-194.526225239361));
#6887=CARTESIAN_POINT('',(65.6619560299487,-34.1092859265172,-194.53227968659));
#6888=CARTESIAN_POINT('',(65.6258648366988,-34.0671422719299,-194.53966695447));
#6889=CARTESIAN_POINT('',(65.5983317801215,-34.020925257712,-194.547749009361));
#6890=CARTESIAN_POINT('',(65.5710755010472,-33.9751728424663,-194.555749818968));
#6891=CARTESIAN_POINT('',(65.5514503665643,-33.9242059942045,-194.564644873881));
#6892=CARTESIAN_POINT('',(65.5408218875882,-33.8721939459018,-194.573699346266));
#6893=CARTESIAN_POINT('',(65.5300333211149,-33.8193984855362,-194.582890198262));
#6894=CARTESIAN_POINT('',(65.5282025775875,-33.7641401532558,-194.592486441894));
#6895=CARTESIAN_POINT('',(65.5351522716109,-33.7107147364942,-194.601741287057));
#6896=CARTESIAN_POINT('',(65.5409037180666,-33.6665007865209,-194.609400436688));
#6897=CARTESIAN_POINT('',(65.5527135188145,-33.6226852527967,-194.616974567614));
#6898=CARTESIAN_POINT('',(65.5698352981655,-33.5814206749699,-194.624094565526));
#6899=CARTESIAN_POINT('',(65.5698352981699,-33.5814206749594,-194.624094565527));
#6900=CARTESIAN_POINT('',(88.4292750314989,26.2000909872601,-195.754451372783));
#6901=CARTESIAN_POINT('',(84.3302437364736,16.389818371298,-197.067474056791));
#6902=CARTESIAN_POINT('',(80.6835247823549,6.30445131854718,-197.654917948622));
#6903=CARTESIAN_POINT('',(73.3287165279544,-13.7879807307493,-197.274185546596));
#6904=CARTESIAN_POINT('',(69.6208375957024,-23.8182473414415,-196.308681623298));
#6905=CARTESIAN_POINT('',(65.5698352981699,-33.5814206749594,-194.624094565527));
#6906=CARTESIAN_POINT('',(88.4292750314989,26.2000909872601,-195.754451372783));
#6907=CARTESIAN_POINT('',(88.4292750314989,26.2000909872601,-195.754451372783));
#6908=CARTESIAN_POINT('',(88.4528546788243,26.2565245082074,-195.746898219467));
#6909=CARTESIAN_POINT('',(88.4859591326736,26.3100052853577,-195.739714306126));
#6910=CARTESIAN_POINT('',(88.5267394301627,26.3557954967998,-195.733548590248));
#6911=CARTESIAN_POINT('',(88.5676492875,26.4017311846904,-195.727363285762));
#6912=CARTESIAN_POINT('',(88.6176270748322,26.4412169630675,-195.722029567168));
#6913=CARTESIAN_POINT('',(88.6724867354445,26.4694620949171,-195.718209618844));
#6914=CARTESIAN_POINT('',(88.7229163051426,26.4954263431342,-195.714698143415));
#6915=CARTESIAN_POINT('',(88.7790612846627,26.512623127924,-195.712367655888));
#6916=CARTESIAN_POINT('',(88.8355503765977,26.5187794885957,-195.71153347321));
#6917=CARTESIAN_POINT('',(88.887220468965,26.5244106593873,-195.710770453403));
#6918=CARTESIAN_POINT('',(88.9406475813833,26.5209877377565,-195.711234624916));
#6919=CARTESIAN_POINT('',(88.9911757494637,26.5088918407466,-195.712872988405));
#6920=CARTESIAN_POINT('',(89.0403323193597,26.497124289509,-195.714466878159));
#6921=CARTESIAN_POINT('',(89.0880462696765,26.476898458248,-195.717205611122));
#6922=CARTESIAN_POINT('',(89.1308620303374,26.4502300196133,-195.720809654747));
#6923=CARTESIAN_POINT('',(89.1753200313595,26.4225386869411,-195.724551934988));
#6924=CARTESIAN_POINT('',(89.2156295859379,26.3872696250235,-195.729312102817));
#6925=CARTESIAN_POINT('',(89.249435249875,26.347447867023,-195.734672429017));
#6926=CARTESIAN_POINT('',(89.2860787187501,26.3042832851187,-195.740482725973));
#6927=CARTESIAN_POINT('',(89.3160097625899,26.2547545483372,-195.747134405001));
#6928=CARTESIAN_POINT('',(89.3378162227759,26.2026440056033,-195.754109655751));
#6929=CARTESIAN_POINT('',(89.3617652671513,26.1454133643295,-195.761770256706));
#6930=CARTESIAN_POINT('',(89.3765383590437,26.0836492732709,-195.770010785868));
#6931=CARTESIAN_POINT('',(89.3815461323078,26.0218826910913,-195.778220497611));
#6932=CARTESIAN_POINT('',(89.3848372219209,25.9812899273369,-195.783615889058));
#6933=CARTESIAN_POINT('',(89.3840038189622,25.9401633310979,-195.789069127218));
#6934=CARTESIAN_POINT('',(89.37906748669,25.8997313907298,-195.794417473758));
#6935=CARTESIAN_POINT('',(0.,0.,0.));
#6936=CARTESIAN_POINT('',(65.5698352981649,-33.581420674969,-194.624094565521));
#6937=CARTESIAN_POINT('',(63.0234673269968,-33.7945313314266,-182.300396876058));
#6938=CARTESIAN_POINT('',(60.3736437066548,-32.8214489251494,-170.064801413956));
#6939=CARTESIAN_POINT('',(56.0421242689574,-29.4485095360457,-152.019042986126));
#6940=CARTESIAN_POINT('',(54.549349520109,-28.0056372617484,-146.112005448064));
#6941=CARTESIAN_POINT('',(52.2264884044582,-25.3520924644215,-137.41990815244));
#6942=CARTESIAN_POINT('',(51.4351072646886,-24.3905727777791,-134.550096135575));
#6943=CARTESIAN_POINT('',(49.8293326374363,-22.2962331133222,-128.867788391616));
#6944=CARTESIAN_POINT('',(49.0514031393702,-21.1306539480064,-126.055389991286));
#6945=CARTESIAN_POINT('',(47.3939573466516,-18.7799170647226,-120.463509426693));
#6946=CARTESIAN_POINT('',(46.56297178534,-17.6023568694525,-117.668880698652));
#6947=CARTESIAN_POINT('',(44.8585517760534,-15.5124536079495,-112.020783007822));
#6948=CARTESIAN_POINT('',(43.9857256281919,-14.5759019310157,-109.173716369337));
#6949=CARTESIAN_POINT('',(41.2878316569005,-12.1019729223538,-100.566143221472));
#6950=CARTESIAN_POINT('',(39.3842196896311,-10.8920888678475,-94.7412309046654));
#6951=CARTESIAN_POINT('',(35.4316545614334,-9.32243910302532,-82.905731233442));
#6952=CARTESIAN_POINT('',(33.3923330421225,-8.98457451610805,-76.9405870828368));
#6953=CARTESIAN_POINT('',(29.2046474421994,-9.17313859596575,-65.1389948212894));
#6954=CARTESIAN_POINT('',(26.9987528024455,-9.69264184316857,-59.2887616096464));
#6955=CARTESIAN_POINT('',(24.7809971081987,-10.5163598940404,-53.4501770259466));
#6956=CARTESIAN_POINT('',(102.332887623698,6.18176870279782,-31.9401858648006));
#6957=CARTESIAN_POINT('',(102.303218879402,8.45793497966115,-38.5803698238337));
#6958=CARTESIAN_POINT('',(102.163429768053,10.7226021654172,-45.2217870861422));
#6959=CARTESIAN_POINT('',(101.736784701075,14.072794721718,-55.1945450149701));
#6960=CARTESIAN_POINT('',(101.569543576172,15.1829099961852,-58.5197123139151));
#6961=CARTESIAN_POINT('',(101.130915465662,17.3682816293008,-65.1682540829393));
#6962=CARTESIAN_POINT('',(100.907321821497,18.5150560459536,-68.4793101822815));
#6963=CARTESIAN_POINT('',(100.075234528055,21.432059157285,-78.5232012859789));
#6964=CARTESIAN_POINT('',(99.360241212817,22.4207598316672,-85.4574168371598));
#6965=CARTESIAN_POINT('',(97.5631966464472,22.6861084307553,-99.5992920758683));
#6966=CARTESIAN_POINT('',(96.5034652225941,21.968885793737,-106.577052164087));
#6967=CARTESIAN_POINT('',(94.7392905363972,19.9541337041376,-116.930166306101));
#6968=CARTESIAN_POINT('',(94.1534361680148,19.1363902878434,-120.353231427758));
#6969=CARTESIAN_POINT('',(93.0907453588564,17.2309358412107,-127.161078334772));
#6970=CARTESIAN_POINT('',(92.5964676330999,16.0404670664566,-130.523771634291));
#6971=CARTESIAN_POINT('',(91.3049426976448,13.0554736966761,-140.749609902172));
#6972=CARTESIAN_POINT('',(90.5788884317247,12.0987875869668,-147.783796873374));
#6973=CARTESIAN_POINT('',(89.4007752240193,12.5665220620233,-162.347406374048));
#6974=CARTESIAN_POINT('',(88.989895421443,14.0033607152686,-169.445056471205));
#6975=CARTESIAN_POINT('',(88.4866744764012,18.8136204357186,-183.077719126668));
#6976=CARTESIAN_POINT('',(88.3964880448929,22.2003670274536,-189.633019767705));
#6977=CARTESIAN_POINT('',(88.4292750314993,26.2000909872681,-195.754451372794));
#6978=CARTESIAN_POINT('',(89.7000000000003,32.6387896968321,-200.));
#6979=CARTESIAN_POINT('',(81.366666666667,8.73708602201523,-200.));
#6980=CARTESIAN_POINT('',(73.0333333333337,-15.1646176528016,-200.));
#6981=CARTESIAN_POINT('',(64.7000000000004,-39.0663213276185,-200.));
#6982=CARTESIAN_POINT('',(89.6999999999995,29.974573550551,-196.506213415494));
#6983=CARTESIAN_POINT('',(81.0390802644415,6.93340615626712,-196.21380450882));
#6984=CARTESIAN_POINT('',(72.3781605288834,-16.1077612380167,-195.921395602146));
#6985=CARTESIAN_POINT('',(63.7172407933254,-39.1489286323006,-195.628986695471));
#6986=CARTESIAN_POINT('',(89.7757743645031,25.0157472666813,-189.231483499304));
#6987=CARTESIAN_POINT('',(80.415415201646,3.67338072125326,-188.451938851621));
#6988=CARTESIAN_POINT('',(71.0550560387889,-17.6689858241747,-187.672394203937));
#6989=CARTESIAN_POINT('',(61.6946968759319,-39.0113523696027,-186.892849556253));
#6990=CARTESIAN_POINT('',(90.1835590025144,19.1294304301656,-177.397696688367));
#6991=CARTESIAN_POINT('',(79.6251807353282,0.129074522817207,-176.223308004531));
#6992=CARTESIAN_POINT('',(69.0668024681419,-18.8712813845312,-175.048919320694));
#6993=CARTESIAN_POINT('',(58.5084242009557,-37.8716372918796,-173.874530636858));
#6994=CARTESIAN_POINT('',(90.9459968216304,15.3052023347145,-164.752439941514));
#6995=CARTESIAN_POINT('',(79.0267693611996,-1.72106293118696,-163.505065589945));
#6996=CARTESIAN_POINT('',(67.1075419007689,-18.7473281970884,-162.257691238376));
#6997=CARTESIAN_POINT('',(55.1883144403381,-35.7735934629899,-161.010316886807));
#6998=CARTESIAN_POINT('',(92.1019899544049,14.0384004671084,-151.609048685125));
#6999=CARTESIAN_POINT('',(78.6534288937855,-1.54365951429439,-150.529167068126));
#7000=CARTESIAN_POINT('',(65.2048678331661,-17.1257194956972,-149.449285451126));
#7001=CARTESIAN_POINT('',(51.7563067725468,-32.7077794771,-148.369403834126));
#7002=CARTESIAN_POINT('',(93.2433209232786,15.1213644710145,-141.801305462319));
#7003=CARTESIAN_POINT('',(78.5353099525728,0.181582194278229,-140.90363581978));
#7004=CARTESIAN_POINT('',(63.8272989818671,-14.758200082458,-140.005966177241));
#7005=CARTESIAN_POINT('',(49.1192880111613,-29.6979823591943,-139.108296534702));
#7006=CARTESIAN_POINT('',(94.0915267222842,16.6046403516364,-135.432653706579));
#7007=CARTESIAN_POINT('',(78.5087493767427,1.93304708174587,-134.635969340116));
#7008=CARTESIAN_POINT('',(62.9259720312012,-12.7385461881446,-133.839284973654));
#7009=CARTESIAN_POINT('',(47.3431946856597,-27.4101394580352,-133.042600607191));
#7010=CARTESIAN_POINT('',(94.5309194588307,17.5077935255896,-132.293892866575));
#7011=CARTESIAN_POINT('',(78.5046729761802,2.93558814493533,-131.540247874541));
#7012=CARTESIAN_POINT('',(62.4784264935296,-11.6366172357189,-130.786602882506));
#7013=CARTESIAN_POINT('',(46.4521800108791,-26.2088226163732,-130.032957890472));
#7014=CARTESIAN_POINT('',(94.9876296632801,18.4869409324589,-129.180275977408));
#7015=CARTESIAN_POINT('',(78.5113682673938,4.00830152484231,-128.469534167184));
#7016=CARTESIAN_POINT('',(62.0351068715075,-10.4703378827743,-127.758792356961));
#7017=CARTESIAN_POINT('',(45.5588454756212,-24.9489772903908,-127.048050546738));
#7018=CARTESIAN_POINT('',(95.4674576499966,19.4118841832397,-126.054146892858));
#7019=CARTESIAN_POINT('',(78.532740359412,5.0632002900167,-125.398622084792));
#7020=CARTESIAN_POINT('',(61.5980230688274,-9.28548360320628,-124.743097276726));
#7021=CARTESIAN_POINT('',(44.6633057782429,-23.6341674964293,-124.08757246866));
#7022=CARTESIAN_POINT('',(95.9715573467519,20.2503913226912,-122.90726713029));
#7023=CARTESIAN_POINT('',(78.5695967702017,6.07760846485091,-122.321917269831));
#7024=CARTESIAN_POINT('',(61.1676361936514,-8.0951743929894,-121.736567409373));
#7025=CARTESIAN_POINT('',(43.7656756171012,-22.2679572508297,-121.151217548915));
#7026=CARTESIAN_POINT('',(96.6766482511697,21.2618317516499,-118.689425650674));
#7027=CARTESIAN_POINT('',(78.6351518345287,7.3457505640724,-118.20046729524));
#7028=CARTESIAN_POINT('',(60.5936554178878,-6.57033062350509,-117.711508939806));
#7029=CARTESIAN_POINT('',(42.5521590012468,-20.4864118110826,-117.222550584372));
#7030=CARTESIAN_POINT('',(97.6209250143852,22.3425884775088,-113.386493760484));
#7031=CARTESIAN_POINT('',(78.7439798186683,8.74609548564947,-113.00545917381));
#7032=CARTESIAN_POINT('',(59.8670346229515,-4.85039750620986,-112.624424587136));
#7033=CARTESIAN_POINT('',(40.9900894272346,-18.4468904980692,-112.243390000462));
#7034=CARTESIAN_POINT('',(98.7112116190057,23.2819407088803,-106.952221790497));
#7035=CARTESIAN_POINT('',(78.8216473089573,10.0756239908131,-106.689393604588));
#7036=CARTESIAN_POINT('',(58.9320829989089,-3.13069272725397,-106.426565418679));
#7037=CARTESIAN_POINT('',(39.0425186888605,-16.3370094453211,-106.16373723277));
#7038=CARTESIAN_POINT('',(99.6988159166314,23.8342653148958,-100.456127077658));
#7039=CARTESIAN_POINT('',(78.8078868567478,11.0343844635018,-100.30366601091));
#7040=CARTESIAN_POINT('',(57.9169577968641,-1.76549638789208,-100.151204944162));
#7041=CARTESIAN_POINT('',(37.0260287369805,-14.565377239286,-99.9987438774144));
#7042=CARTESIAN_POINT('',(100.606670736558,23.9503387049836,-93.9242254289481));
#7043=CARTESIAN_POINT('',(78.7193763602546,11.5893264020528,-93.8720600905431));
#7044=CARTESIAN_POINT('',(56.8320819839514,-0.771685900878123,-93.8198947521381));
#7045=CARTESIAN_POINT('',(34.9447876076483,-13.132698203809,-93.7677294137331));
#7046=CARTESIAN_POINT('',(101.425162090905,23.595264671041,-87.3906744668482));
#7047=CARTESIAN_POINT('',(78.551281716174,11.7167474776082,-87.4232792747811));
#7048=CARTESIAN_POINT('',(55.6774013414432,-0.161769715824528,-87.4558840827139));
#7049=CARTESIAN_POINT('',(32.8035209667124,-12.0402869092573,-87.4884888906468));
#7050=CARTESIAN_POINT('',(102.147522544406,22.7369064068929,-80.8892613892203));
#7051=CARTESIAN_POINT('',(78.3006665229441,11.3947849625959,-80.9857800451725));
#7052=CARTESIAN_POINT('',(54.4538105014827,0.0526635182989537,-81.0822987011247));
#7053=CARTESIAN_POINT('',(30.6069544800212,-11.289457925998,-81.1788173570769));
#7054=CARTESIAN_POINT('',(102.668097333126,21.5700446123865,-75.5435770489462));
#7055=CARTESIAN_POINT('',(78.0236819333695,10.7325090226607,-75.6655411178892));
#7056=CARTESIAN_POINT('',(53.3792665336134,-0.105026567065164,-75.7875051868321));
#7057=CARTESIAN_POINT('',(28.7348511338574,-10.942562156791,-75.9094692557751));
#7058=CARTESIAN_POINT('',(103.034844914229,20.3378086626627,-71.3418240427473));
#7059=CARTESIAN_POINT('',(77.7615168931852,9.94893629311181,-71.4597693924926));
#7060=CARTESIAN_POINT('',(52.4881888721418,-0.439936076439079,-71.5777147422379));
#7061=CARTESIAN_POINT('',(27.2148608510983,-10.82880844599,-71.6956600919832));
#7062=CARTESIAN_POINT('',(103.286524341775,19.3106170615696,-68.2198680806611));
#7063=CARTESIAN_POINT('',(77.5457870859336,9.2658317622831,-68.3257446300685));
#7064=CARTESIAN_POINT('',(51.8050498300919,-0.77895353700335,-68.431621179476));
#7065=CARTESIAN_POINT('',(26.0643125742501,-10.8237388362898,-68.5374977288834));
#7066=CARTESIAN_POINT('',(103.516417210148,18.2363037086923,-65.1144483470587));
#7067=CARTESIAN_POINT('',(77.3122137970182,8.52510943209203,-65.2039288069215));
#7068=CARTESIAN_POINT('',(51.1080103838881,-1.18608484450825,-65.2934092667843));
#7069=CARTESIAN_POINT('',(24.903806970758,-10.8972791211085,-65.3828897266472));
#7070=CARTESIAN_POINT('',(103.795393308492,16.8214846809136,-60.9797202354922));
#7071=CARTESIAN_POINT('',(76.9761434374677,7.51408407127031,-61.0441956864876));
#7072=CARTESIAN_POINT('',(50.1568935664433,-1.79331653837295,-61.1086711374829));
#7073=CARTESIAN_POINT('',(23.3376436954188,-11.1007171480162,-61.1731465884783));
#7074=CARTESIAN_POINT('',(104.033551568358,15.4006194449316,-56.8422944754215));
#7075=CARTESIAN_POINT('',(76.607676136848,6.44939604505422,-56.8886453000829));
#7076=CARTESIAN_POINT('',(49.1818007053384,-2.50182735482319,-56.9349961247444));
#7077=CARTESIAN_POINT('',(21.7559252738288,-11.4530507547006,-56.9813469494059));
#7078=CARTESIAN_POINT('',(104.231410114287,13.9733864125925,-52.7041766173096));
#7079=CARTESIAN_POINT('',(76.2097049237769,5.33287376468832,-52.7387961723042));
#7080=CARTESIAN_POINT('',(48.1879997332671,-3.30763888321585,-52.7734157272988));
#7081=CARTESIAN_POINT('',(20.1662945427572,-11.94815153112,-52.8080352822934));
#7082=CARTESIAN_POINT('',(104.359783697901,12.8996973431211,-49.6007435623209));
#7083=CARTESIAN_POINT('',(75.8972831153167,4.47692351152778,-49.6286418747228));
#7084=CARTESIAN_POINT('',(47.4347825327327,-3.9458503200655,-49.6565401871246));
#7085=CARTESIAN_POINT('',(18.9722819501486,-12.3686241516588,-49.6844384995265));
#7086=CARTESIAN_POINT('',(104.468266486818,11.8226635813941,-46.4979672335434));
#7087=CARTESIAN_POINT('',(75.5719109523786,3.61224908823338,-46.5197190360705));
#7088=CARTESIAN_POINT('',(46.6755554179395,-4.59816540492732,-46.5414708385977));
#7089=CARTESIAN_POINT('',(17.7791998835004,-12.808579898088,-46.5632226411249));
#7090=CARTESIAN_POINT('',(104.585721790595,10.3829035244257,-42.3616153955081));
#7091=CARTESIAN_POINT('',(75.120515628069,2.45159827962571,-42.3755235063915));
#7092=CARTESIAN_POINT('',(45.655309465543,-5.47970696517424,-42.3894316172749));
#7093=CARTESIAN_POINT('',(16.190103303017,-13.4110122099742,-42.4033397281582));
#7094=CARTESIAN_POINT('',(104.680311351641,8.57763377885734,-37.192096033692));
#7095=CARTESIAN_POINT('',(74.5223144908826,0.98733730698539,-37.1970389245928));
#7096=CARTESIAN_POINT('',(44.3643176301242,-6.60295916488656,-37.2019818154936));
#7097=CARTESIAN_POINT('',(14.2063207693657,-14.1932556367585,-37.2069247063944));
#7098=CARTESIAN_POINT('',(104.701924711876,6.76866054252011,-32.0228420797803));
#7099=CARTESIAN_POINT('',(73.8763213437203,-0.497575087315594,-32.0212129826986));
#7100=CARTESIAN_POINT('',(43.0507179755647,-7.7638107171513,-32.019583885617));
#7101=CARTESIAN_POINT('',(12.2251146074091,-15.030046346987,-32.0179547885354));
#7102=CARTESIAN_POINT('',(104.701880230629,5.31818796174436,-27.8885871653839));
#7103=CARTESIAN_POINT('',(73.3485421711817,-1.69841782815616,-27.882873572187));
#7104=CARTESIAN_POINT('',(41.9952041117348,-8.71502361805668,-27.8771599789901));
#7105=CARTESIAN_POINT('',(10.6418660522879,-15.7316294079572,-27.8714463857932));
#7106=CARTESIAN_POINT('',(104.698588207569,3.13978890330488,-21.688147563208));
#7107=CARTESIAN_POINT('',(72.5553237616339,-3.5120959156502,-21.6775822247474));
#7108=CARTESIAN_POINT('',(40.412059315699,-10.1639807346053,-21.6670168862868));
#7109=CARTESIAN_POINT('',(8.2687948697641,-16.8158655535604,-21.6564515478262));
#7110=CARTESIAN_POINT('',(104.699780636095,-0.136680671178158,-12.3906072056021));
#7111=CARTESIAN_POINT('',(71.3719417800625,-6.27799280749251,-12.3778095682939));
#7112=CARTESIAN_POINT('',(38.0441029240297,-12.4193049438069,-12.3650119309857));
#7113=CARTESIAN_POINT('',(4.71626406799682,-18.5606170801212,-12.3522142936775));
#7114=CARTESIAN_POINT('',(104.7,-3.05937125989204,-4.12975073548961));
#7115=CARTESIAN_POINT('',(70.3233128984329,-8.80100567893157,-4.12374855764991));
#7116=CARTESIAN_POINT('',(35.9466257968654,-14.5426400979711,-4.11774637981021));
#7117=CARTESIAN_POINT('',(1.56993869529786,-20.2842745170106,-4.11174420197051));
#7118=CARTESIAN_POINT('',(104.7,-4.52262384728399,7.04339025697886E-15));
#7119=CARTESIAN_POINT('',(69.8000000000003,-10.0785459016248,2.12446575414321E-14));
#7120=CARTESIAN_POINT('',(34.9000000000002,-15.6344679559656,3.54459248258853E-14));
#7121=CARTESIAN_POINT('',(0.,-21.1903900103063,4.96471921103386E-14));
#7122=CARTESIAN_POINT('',(24.8627526293554,-11.5297678839245,-53.2286122544151));
#7123=CARTESIAN_POINT('',(27.1150076044413,-10.6915584177257,-59.0640208437542));
#7124=CARTESIAN_POINT('',(29.3731609080259,-10.1493565014567,-64.9054185687503));
#7125=CARTESIAN_POINT('',(33.6600050428523,-9.91754417499537,-76.6959430013079));
#7126=CARTESIAN_POINT('',(35.7454948779054,-10.2346550860289,-82.6588035403722));
#7127=CARTESIAN_POINT('',(39.7824680199528,-11.770818503856,-94.4965603149908));
#7128=CARTESIAN_POINT('',(41.724604549256,-12.9672187685542,-100.324656618808));
#7129=CARTESIAN_POINT('',(44.4763010970024,-15.4265699469685,-108.939760496255));
#7130=CARTESIAN_POINT('',(45.3666768603344,-16.3591639385086,-111.789724815367));
#7131=CARTESIAN_POINT('',(47.1051340980934,-18.4424093004929,-117.444539119842));
#7132=CARTESIAN_POINT('',(47.9553497426838,-19.6166693405833,-120.242425878649));
#7133=CARTESIAN_POINT('',(49.6408013826461,-21.9511598516395,-125.846464545793));
#7134=CARTESIAN_POINT('',(50.4332680165251,-23.1041690043807,-128.66624339983));
#7135=CARTESIAN_POINT('',(52.0677938854728,-25.1727797344845,-134.362318649783));
#7136=CARTESIAN_POINT('',(52.8733603506334,-26.121128709739,-137.238823858031));
#7137=CARTESIAN_POINT('',(55.2425460694345,-28.7300364376222,-145.950697767727));
#7138=CARTESIAN_POINT('',(56.7692089066825,-30.1373640037909,-151.870607559472));
#7139=CARTESIAN_POINT('',(61.197465773026,-33.3949480213544,-169.955267108361));
#7140=CARTESIAN_POINT('',(63.8982397082282,-34.2830625739617,-182.210120981209));
#7141=CARTESIAN_POINT('',(66.4765085633787,-34.0020993957534,-194.551040184013));
#7142=CARTESIAN_POINT('',(89.37906748669,25.8997313907298,-195.794417473757));
#7143=CARTESIAN_POINT('',(89.3361062797498,21.8719319005082,-189.686387825767));
#7144=CARTESIAN_POINT('',(89.4134160303628,18.4557676366961,-183.141128037038));
#7145=CARTESIAN_POINT('',(89.8844809920892,13.5833764568432,-169.522223172972));
#7146=CARTESIAN_POINT('',(90.2762561333703,12.1123444135053,-162.425474671145));
#7147=CARTESIAN_POINT('',(91.4042419718437,11.5601727199434,-147.854039137262));
#7148=CARTESIAN_POINT('',(92.0998156629567,12.4655670622584,-140.806826982618));
#7149=CARTESIAN_POINT('',(93.3420117296234,15.3791925525132,-130.553190249355));
#7150=CARTESIAN_POINT('',(93.8282239168566,16.5670075611757,-127.184976893434));
#7151=CARTESIAN_POINT('',(94.8718492660847,18.4586596707384,-120.366321006505));
#7152=CARTESIAN_POINT('',(95.4472263146814,19.2672747944396,-116.937808526018));
#7153=CARTESIAN_POINT('',(97.1807938144166,21.2538210024002,-106.570559944606));
#7154=CARTESIAN_POINT('',(98.2200976344241,21.9514022183362,-99.5852853670731));
#7155=CARTESIAN_POINT('',(99.9689290481236,21.6309666285636,-85.4317460705509));
#7156=CARTESIAN_POINT('',(100.655323244517,20.6012742499834,-78.5032337013685));
#7157=CARTESIAN_POINT('',(101.433199217957,17.6221655479445,-68.4682385259429));
#7158=CARTESIAN_POINT('',(101.642996754615,16.4687239504127,-65.1578173074348));
#7159=CARTESIAN_POINT('',(102.050254098446,14.2675794083086,-58.5105576909901));
#7160=CARTESIAN_POINT('',(102.20513768588,13.1514632859455,-55.1860648895413));
#7161=CARTESIAN_POINT('',(102.597325742899,9.78571165634571,-45.2157025287138));
#7162=CARTESIAN_POINT('',(102.715639456182,7.5136026181861,-38.5753599634012));
#7163=CARTESIAN_POINT('',(102.728511036526,5.23091152422977,-31.9363615670325));
#7164=CARTESIAN_POINT('',(104.7,-4.52262384728399,7.04339025697886E-15));
#7165=CARTESIAN_POINT('',(75.2918446225788,-23.5773178940529,-4.5779145858545));
#7166=CARTESIAN_POINT('',(35.1694414288253,-23.9059895269767,-2.1480639476998));
#7167=CARTESIAN_POINT('',(0.,-21.1903900103063,4.96471921103386E-14));
#7168=CARTESIAN_POINT('',(104.700113518115,-3.0571522110383,-4.13770257439226));
#7169=CARTESIAN_POINT('',(75.8051342856142,-22.0298536153444,-8.60009522012109));
#7170=CARTESIAN_POINT('',(36.2835334799701,-22.6341129408408,-6.14025617410629));
#7171=CARTESIAN_POINT('',(1.5671969131063,-20.2908863212507,-4.10498579086456));
#7172=CARTESIAN_POINT('',(104.696920609184,-0.129012056035411,-12.4140334618445));
#7173=CARTESIAN_POINT('',(76.8418963869196,-18.9616499977913,-16.6546495978792));
#7174=CARTESIAN_POINT('',(38.5119138698044,-20.223832156467,-14.1173447110474));
#7175=CARTESIAN_POINT('',(4.70723439698571,-18.5614482962493,-12.3281890704555));
#7176=CARTESIAN_POINT('',(104.697780913444,4.24864263404148,-24.833786491619));
#7177=CARTESIAN_POINT('',(78.4447769666079,-14.476125631465,-28.7145228967946));
#7178=CARTESIAN_POINT('',(41.8811012622953,-16.7603187691458,-26.1569782273199));
#7179=CARTESIAN_POINT('',(9.43520241313899,-16.2430853571597,-24.7111024349098));
#7180=CARTESIAN_POINT('',(104.716463809324,7.87943676544769,-35.1900275007551));
#7181=CARTESIAN_POINT('',(79.8272029361064,-10.8162236929711,-38.8583889849206));
#7182=CARTESIAN_POINT('',(44.7085564093894,-14.0459080343284,-36.222724345592));
#7183=CARTESIAN_POINT('',(13.387252233725,-14.5205928590736,-35.0624063701857));
#7184=CARTESIAN_POINT('',(104.564327288057,10.7723818390088,-43.4775452247457));
#7185=CARTESIAN_POINT('',(80.8333234534873,-7.89496260291784,-47.1016136426868));
#7186=CARTESIAN_POINT('',(46.9231065581887,-11.9341624638931,-44.2994514771559));
#7187=CARTESIAN_POINT('',(16.5555394907111,-13.2616563056715,-43.3595855487588));
#7188=CARTESIAN_POINT('',(104.365876178015,12.9338933944191,-49.6939656839923));
#7189=CARTESIAN_POINT('',(81.5341149875292,-5.72342735013017,-53.2507271539219));
#7190=CARTESIAN_POINT('',(48.5574185499164,-10.3759441840224,-50.411504380221));
#7191=CARTESIAN_POINT('',(18.9358790734695,-12.3706150952911,-49.5886379670222));
#7192=CARTESIAN_POINT('',(104.08771569974,15.080724696468,-55.9124000118892));
#7193=CARTESIAN_POINT('',(82.1948106168574,-3.58950472511791,-59.3895715119225));
#7194=CARTESIAN_POINT('',(50.1799168675202,-8.93458073096033,-56.3488733968979));
#7195=CARTESIAN_POINT('',(21.3198685701534,-11.555814203318,-55.8275028519443));
#7196=CARTESIAN_POINT('',(103.78851902801,16.8564589632356,-61.0955742729742));
#7197=CARTESIAN_POINT('',(82.7182950976688,-1.88018243782356,-64.526080112321));
#7198=CARTESIAN_POINT('',(51.5150311407023,-7.88087649677979,-61.2332740238384));
#7199=CARTESIAN_POINT('',(23.2944153558539,-11.1078524315168,-61.056985421499));
#7200=CARTESIAN_POINT('',(103.507720201749,18.2864537440839,-65.2360527855599));
#7201=CARTESIAN_POINT('',(83.1240401546827,-0.548428861679932,-68.6616954770572));
#7202=CARTESIAN_POINT('',(52.5671727638636,-7.1444616113736,-65.1653809133695));
#7203=CARTESIAN_POINT('',(24.8564170670519,-10.9013722907135,-65.2566717332295));
#7204=CARTESIAN_POINT('',(103.277127530782,19.3498941777921,-68.3431972895029));
#7205=CARTESIAN_POINT('',(83.4229103745255,0.409281657468368,-71.7248065812099));
#7206=CARTESIAN_POINT('',(53.3454224735258,-6.6353522538012,-68.118484552608));
#7207=CARTESIAN_POINT('',(26.0185069287692,-10.8241129318477,-68.4127276950868));
#7208=CARTESIAN_POINT('',(103.024689499791,20.3726533975124,-71.4631849607285));
#7209=CARTESIAN_POINT('',(83.731118150199,1.26249895837449,-74.6359562584729));
#7210=CARTESIAN_POINT('',(54.1104725906838,-6.19065576769909,-71.0820752119339));
#7211=CARTESIAN_POINT('',(27.1705918058053,-10.8261104281361,-71.5733159850193));
#7212=CARTESIAN_POINT('',(102.656857833877,21.5995040266219,-75.6619281499688));
#7213=CARTESIAN_POINT('',(84.1256910120012,2.23678349172953,-78.3616697019685));
#7214=CARTESIAN_POINT('',(55.1048958056931,-5.70448302231646,-75.054928719656));
#7215=CARTESIAN_POINT('',(28.6925735782781,-10.9366577079499,-75.7911316090511));
#7216=CARTESIAN_POINT('',(102.13522201744,22.7562562006538,-81.0048895277982));
#7217=CARTESIAN_POINT('',(84.5331272109916,3.16975448091094,-83.125527110139));
#7218=CARTESIAN_POINT('',(56.2870059286762,-5.32992403436366,-80.0730852361058));
#7219=CARTESIAN_POINT('',(30.5670705171656,-11.2812644876913,-81.0659374593589));
#7220=CARTESIAN_POINT('',(101.412009005688,23.6045646404764,-87.5011193623234));
#7221=CARTESIAN_POINT('',(84.8731727135576,3.88685739974558,-89.0483035614251));
#7222=CARTESIAN_POINT('',(57.6177319645644,-5.27457271857122,-86.1453088000413));
#7223=CARTESIAN_POINT('',(32.7665127126409,-12.0290113058844,-87.3823205767642));
#7224=CARTESIAN_POINT('',(100.592736362849,23.9514738848103,-94.0288128002316));
#7225=CARTESIAN_POINT('',(85.0906447574378,4.18749951728002,-95.0821808458667));
#7226=CARTESIAN_POINT('',(58.8594367772223,-5.59684091517498,-92.24042711484));
#7227=CARTESIAN_POINT('',(34.9108150884623,-13.1149192011258,-93.6678777758122));
#7228=CARTESIAN_POINT('',(99.6850229854541,23.8287675833737,-100.553784464582));
#7229=CARTESIAN_POINT('',(85.1896872152619,4.08573252320148,-101.169976710422));
#7230=CARTESIAN_POINT('',(60.0106709083976,-6.28118664207183,-98.3406994832034));
#7231=CARTESIAN_POINT('',(36.9951288503322,-14.5407331617469,-99.9052646811899));
#7232=CARTESIAN_POINT('',(98.6960031858766,23.2715694761737,-107.042876813976));
#7233=CARTESIAN_POINT('',(85.1842953813017,3.59341104192188,-107.326521350818));
#7234=CARTESIAN_POINT('',(61.0735675971564,-7.32603802473861,-104.422804869544));
#7235=CARTESIAN_POINT('',(39.0146052039529,-16.3081981760794,-106.077136917584));
#7236=CARTESIAN_POINT('',(97.6056339576652,22.3273645257856,-113.470191089608));
#7237=CARTESIAN_POINT('',(85.0637832408865,2.73764252819924,-113.493043941992));
#7238=CARTESIAN_POINT('',(62.0480253146388,-8.73186442773933,-110.457951102621));
#7239=CARTESIAN_POINT('',(40.9649015857153,-18.4165744209659,-112.163673962401));
#7240=CARTESIAN_POINT('',(96.663709835589,21.2448798401156,-118.767950818332));
#7241=CARTESIAN_POINT('',(84.9419129050032,1.70849571157731,-118.5037492738));
#7242=CARTESIAN_POINT('',(62.7924446792706,-10.1787988400848,-115.433896618618));
#7243=CARTESIAN_POINT('',(42.5288797909607,-20.4570307978684,-117.148158404606));
#7244=CARTESIAN_POINT('',(95.9597426181231,20.2319055340194,-122.981123804815));
#7245=CARTESIAN_POINT('',(84.8860289496738,0.716791489886508,-122.448163836239));
#7246=CARTESIAN_POINT('',(63.3914719664215,-11.5133038606204,-119.428458002286));
#7247=CARTESIAN_POINT('',(43.7441536728123,-22.2378426735439,-121.080993269137));
#7248=CARTESIAN_POINT('',(95.4564059207289,19.3919441550653,-126.124452884472));
#7249=CARTESIAN_POINT('',(84.8353601009095,-0.0855668479956815,-125.394010943011));
#7250=CARTESIAN_POINT('',(63.8590969524103,-12.5913261975531,-122.489174576074));
#7251=CARTESIAN_POINT('',(44.6438288565431,-23.5977100137718,-124.023411949628));
#7252=CARTESIAN_POINT('',(94.9775606146479,18.4650147561275,-129.247198041967));
#7253=CARTESIAN_POINT('',(84.7874604278823,-0.941208038779648,-128.34152064912));
#7254=CARTESIAN_POINT('',(64.3447557491109,-13.7045562610277,-125.616099097753));
#7255=CARTESIAN_POINT('',(45.5396915919327,-24.9191252035588,-126.984388549849));
#7256=CARTESIAN_POINT('',(94.5217544144641,17.4883761939804,-132.35799655609));
#7257=CARTESIAN_POINT('',(84.7671627573168,-1.83682624221614,-131.416527092242));
#7258=CARTESIAN_POINT('',(64.8286584209406,-14.7984083184959,-128.752443103625));
#7259=CARTESIAN_POINT('',(46.4335570285409,-26.1842408878703,-129.970399778761));
#7260=CARTESIAN_POINT('',(94.0830122967625,16.5888211320921,-135.495076051633));
#7261=CARTESIAN_POINT('',(84.8199672763473,-2.70019461590094,-134.687068548503));
#7262=CARTESIAN_POINT('',(65.3120195701588,-15.8192239472272,-131.907370321767));
#7263=CARTESIAN_POINT('',(47.3254466501252,-27.3879553419785,-132.982325834398));
#7264=CARTESIAN_POINT('',(93.2364484333066,15.1124956300306,-141.857649326824));
#7265=CARTESIAN_POINT('',(84.9495813492963,-4.15647961934752,-141.289447005125));
#7266=CARTESIAN_POINT('',(66.2997006045331,-17.6828202557533,-138.261704344188));
#7267=CARTESIAN_POINT('',(49.1035800740974,-29.6782423069543,-139.053599852819));
#7268=CARTESIAN_POINT('',(92.0970475966519,14.0394546847094,-151.659254177657));
#7269=CARTESIAN_POINT('',(85.2315447630771,-5.38785902537813,-151.270507921764));
#7270=CARTESIAN_POINT('',(67.8349538994909,-19.8164196697975,-147.950815784828));
#7271=CARTESIAN_POINT('',(51.7432551787626,-32.6956174066375,-148.321813983609));
#7272=CARTESIAN_POINT('',(90.9436234385016,15.313244065872,-164.786583157984));
#7273=CARTESIAN_POINT('',(85.782063781331,-4.84394000390011,-164.424871342178));
#7274=CARTESIAN_POINT('',(70.0146288649634,-21.1486510098707,-161.009323426778));
#7275=CARTESIAN_POINT('',(55.1781632293823,-35.7632277284272,-160.974068840462));
#7276=CARTESIAN_POINT('',(90.1824378383829,19.140893279063,-177.424016560464));
#7277=CARTESIAN_POINT('',(86.4788359056546,-2.29381862560119,-177.06987388292));
#7278=CARTESIAN_POINT('',(72.3033535750797,-21.0269839382796,-173.987218553774));
#7279=CARTESIAN_POINT('',(58.5025590851565,-37.8694372037888,-173.850645415586));
#7280=CARTESIAN_POINT('',(89.8433788001182,24.042013059034,-187.27243098483));
#7281=CARTESIAN_POINT('',(87.1948498684101,1.1574651109074,-187.064093944547));
#7282=CARTESIAN_POINT('',(74.2513631380812,-19.8507194842511,-184.620897115342));
#7283=CARTESIAN_POINT('',(61.160632284988,-38.8217439807627,-184.70964425934));
#7284=CARTESIAN_POINT('',(89.7346042743447,28.1524280097904,-193.765022954285));
#7285=CARTESIAN_POINT('',(87.771586120752,4.10758935443245,-193.767732200363));
#7286=CARTESIAN_POINT('',(75.6151611527569,-18.5431045756363,-191.944479077983));
#7287=CARTESIAN_POINT('',(62.9539349314482,-39.0773762451309,-192.347869171745));
#7288=CARTESIAN_POINT('',(89.7043400376711,30.6637949308708,-197.365834953232));
#7289=CARTESIAN_POINT('',(88.1227483481617,5.92439159179029,-197.520359254734));
#7290=CARTESIAN_POINT('',(76.3902887750313,-17.6689447420716,-196.09407569168));
#7291=CARTESIAN_POINT('',(63.958635221971,-39.1090615387808,-196.719107593058));
#7292=CARTESIAN_POINT('',(89.7012198722034,31.9793701736263,-199.122830539716));
#7293=CARTESIAN_POINT('',(88.2999817290009,6.88221658411364,-199.363448499218));
#7294=CARTESIAN_POINT('',(76.7758788009352,-17.1838332973001,-198.159638333068));
#7295=CARTESIAN_POINT('',(64.4529876675292,-39.0811388659587,-198.906371664912));
#7296=CARTESIAN_POINT('',(89.7000000000003,32.6387896968321,-200.));
#7297=CARTESIAN_POINT('',(88.4076356426226,7.36072532820132,-200.291786131159));
#7298=CARTESIAN_POINT('',(76.9731230191069,-16.9436112064029,-199.168115841153));
#7299=CARTESIAN_POINT('',(64.7000000000004,-39.0663213276185,-200.));
#7300=CARTESIAN_POINT('',(66.6613709514,-33.9794151030519,-195.436346645659));
#7301=CARTESIAN_POINT('',(63.7255493921751,-39.3362186698663,-196.185697777625));
#7302=CARTESIAN_POINT('',(65.7733547322899,-33.5612338102863,-195.609535508256));
#7303=CARTESIAN_POINT('',(64.0676312498974,-34.3349174420403,-183.011264026654));
#7304=CARTESIAN_POINT('',(60.8864230219263,-39.340559732821,-183.867529136479));
#7305=CARTESIAN_POINT('',(63.2129124704014,-33.8568801056094,-183.209549889635));
#7306=CARTESIAN_POINT('',(61.3423118644021,-33.4770222528165,-170.575243179522));
#7307=CARTESIAN_POINT('',(57.7672078262086,-38.0226754873825,-171.197100235353));
#7308=CARTESIAN_POINT('',(60.5430116590314,-32.9195527957489,-170.809865674347));
#7309=CARTESIAN_POINT('',(56.8387720458267,-30.200207347315,-152.141141675331));
#7310=CARTESIAN_POINT('',(52.7269079532455,-33.921819163147,-152.433423338005));
#7311=CARTESIAN_POINT('',(56.1510159401242,-29.5491023257227,-152.454251202423));
#7312=CARTESIAN_POINT('',(55.2844270652411,-28.7747639678499,-146.106375169391));
#7313=CARTESIAN_POINT('',(51.0355066549051,-32.2481356198513,-146.368658498361));
#7314=CARTESIAN_POINT('',(54.6369105007779,-28.0983369094366,-146.449259074612));
#7315=CARTESIAN_POINT('',(52.8707867386698,-26.1189823443682,-137.228532646603));
#7316=CARTESIAN_POINT('',(48.4676048298452,-29.2381046666292,-137.44768176087));
#7317=CARTESIAN_POINT('',(52.2802047396557,-25.4168966434769,-137.616404295815));
#7318=CARTESIAN_POINT('',(52.0495636587379,-25.1521259330943,-134.297698731617));
#7319=CARTESIAN_POINT('',(47.6121371536364,-28.17250200361,-134.535910712079));
#7320=CARTESIAN_POINT('',(51.4774336119103,-24.4435319290122,-134.700864525703));
#7321=CARTESIAN_POINT('',(50.8001352079689,-23.5671819219761,-129.945299693236));
#7322=CARTESIAN_POINT('',(46.3119583370335,-26.4223677337895,-130.15407972019));
#7323=CARTESIAN_POINT('',(50.2544364521841,-22.8517387109871,-130.371622486477));
#7324=CARTESIAN_POINT('',(50.384597668129,-23.012799186281,-128.501894275551));
#7325=CARTESIAN_POINT('',(45.8778837815312,-25.8118684350653,-128.692326595709));
#7326=CARTESIAN_POINT('',(49.8474791657036,-22.2954765247133,-128.935800393444));
#7327=CARTESIAN_POINT('',(49.5588106771058,-21.8609724976901,-125.628278022111));
#7328=CARTESIAN_POINT('',(45.0193839888358,-24.5577698565667,-125.811499879924));
#7329=CARTESIAN_POINT('',(49.0386734027558,-21.1388349927965,-126.07461132952));
#7330=CARTESIAN_POINT('',(49.1463168613879,-21.2645707234577,-124.197726210519));
#7331=CARTESIAN_POINT('',(44.6018835510365,-23.9292582223872,-124.425568074241));
#7332=CARTESIAN_POINT('',(48.6351442911315,-20.5400858437479,-124.650500099772));
#7333=CARTESIAN_POINT('',(48.2864972331267,-20.0773869473844,-121.349076055203));
#7334=CARTESIAN_POINT('',(43.7363549866618,-22.6622102103872,-121.653887026899));
#7335=CARTESIAN_POINT('',(47.7918982395834,-19.3445092652696,-121.806609739325));
#7336=CARTESIAN_POINT('',(47.8529974739074,-19.4815657916763,-119.929481063334));
#7337=CARTESIAN_POINT('',(43.29407702278,-22.0113603474256,-120.244745139399));
#7338=CARTESIAN_POINT('',(47.3654136682661,-18.7420788568604,-120.383884411938));
#7339=CARTESIAN_POINT('',(46.9909568794145,-18.3294872614649,-117.082839333911));
#7340=CARTESIAN_POINT('',(42.4409313443602,-20.7747305589233,-117.489720573671));
#7341=CARTESIAN_POINT('',(46.5157562419578,-17.5743209480577,-117.524227271349));
#7342=CARTESIAN_POINT('',(46.5557752385039,-17.7786375615524,-115.655564554498));
#7343=CARTESIAN_POINT('',(42.018192542376,-20.1849992570614,-116.123996152662));
#7344=CARTESIAN_POINT('',(46.0862707833503,-17.0148697847894,-116.088102761293));
#7345=CARTESIAN_POINT('',(45.2317600182045,-16.2110205693513,-111.355909397537));
#7346=CARTESIAN_POINT('',(40.7339452670181,-18.4966189838483,-112.003082228545));
#7347=CARTESIAN_POINT('',(44.7798723176018,-15.4225830830247,-111.762474570051));
#7348=CARTESIAN_POINT('',(44.3275527352069,-15.278614425171,-108.466947044584));
#7349=CARTESIAN_POINT('',(39.8558239278266,-17.4729012014778,-109.218400019799));
#7350=CARTESIAN_POINT('',(43.8872149520246,-14.4740625374305,-108.854001287365));
#7351=CARTESIAN_POINT('',(41.5306087727042,-12.8282012080788,-99.7335592547062));
#7352=CARTESIAN_POINT('',(37.1695585650718,-14.7669475698198,-100.854753489014));
#7353=CARTESIAN_POINT('',(41.1254543516229,-11.978495267261,-100.060053961479));
#7354=CARTESIAN_POINT('',(39.5573503670622,-11.647498290362,-93.8245836123315));
#7355=CARTESIAN_POINT('',(35.2409986889186,-13.3607804360471,-95.0712893497455));
#7356=CARTESIAN_POINT('',(39.1760516986941,-10.7710700410348,-94.1064778592769));
#7357=CARTESIAN_POINT('',(36.4806978026027,-10.5370382612199,-84.8217888702958));
#7358=CARTESIAN_POINT('',(32.1965223363335,-11.9126180145983,-86.172440339094));
#7359=CARTESIAN_POINT('',(36.1383700020951,-9.62616983182393,-85.0287827686911));
#7360=CARTESIAN_POINT('',(35.4365383014996,-10.2808605921585,-81.8039075587322));
#7361=CARTESIAN_POINT('',(31.1737895220547,-11.5412615414705,-83.2083214526777));
#7362=CARTESIAN_POINT('',(35.1077661567913,-9.35953860829512,-81.98474107471));
#7363=CARTESIAN_POINT('',(33.3305947239091,-10.0007817801397,-75.8286273973798));
#7364=CARTESIAN_POINT('',(29.1108328190298,-11.0264629287818,-77.3188199193292));
#7365=CARTESIAN_POINT('',(33.0302925449868,-9.06114991507567,-75.9558519201526));
#7366=CARTESIAN_POINT('',(32.2684811110493,-9.9749647852069,-72.8573376438215));
#7367=CARTESIAN_POINT('',(28.0642120236898,-10.8781709886827,-74.3802705651471));
#7368=CARTESIAN_POINT('',(31.9833347779011,-9.02735248845332,-72.9565560883503));
#7369=CARTESIAN_POINT('',(30.1107039581993,-10.1337001136993,-66.9493455703044));
#7370=CARTESIAN_POINT('',(25.9561768750457,-10.7952519010271,-68.5311480057402));
#7371=CARTESIAN_POINT('',(29.8564925822351,-9.17345797143213,-66.99491182536));
#7372=CARTESIAN_POINT('',(29.0155337585237,-10.3151174194073,-64.0118925177599));
#7373=CARTESIAN_POINT('',(24.8939874792421,-10.8581895509341,-65.6149093814032));
#7374=CARTESIAN_POINT('',(28.7764825804046,-9.3503349367656,-64.0322439132874));
#7375=CARTESIAN_POINT('',(26.7837790954738,-10.8583151726731,-58.1724687978594));
#7376=CARTESIAN_POINT('',(22.7327179125901,-11.1852783577506,-59.7976239646786));
#7377=CARTESIAN_POINT('',(26.5721515761793,-9.88759944411986,-58.1434290220823));
#7378=CARTESIAN_POINT('',(25.6486685972953,-11.2275167765155,-55.2713063343952));
#7379=CARTESIAN_POINT('',(21.6128845188786,-11.4547640606388,-56.8703367691927));
#7380=CARTESIAN_POINT('',(25.4498463691837,-10.255509861387,-55.2164618239993));
#7381=CARTESIAN_POINT('',(24.5300282881703,-11.6553497614235,-52.3653875940632));
#7382=CARTESIAN_POINT('',(20.4979444219885,-11.8113805224039,-53.9277868565302));
#7383=CARTESIAN_POINT('',(24.3423679142,-10.682457803948,-52.2940552794528));
#7384=CARTESIAN_POINT('',(102.729904654196,4.88751611607104,-30.9380896247223));
#7385=CARTESIAN_POINT('',(104.802424295305,6.24967012041554,-30.473754746264));
#7386=CARTESIAN_POINT('',(102.337716155297,5.7376447939648,-30.6453703729993));
#7387=CARTESIAN_POINT('',(102.723985580111,7.20580496153049,-37.6743234257297));
#7388=CARTESIAN_POINT('',(104.797046317347,8.63725268018928,-37.2760807252312));
#7389=CARTESIAN_POINT('',(102.317290312554,8.04990412569791,-37.3822806374292));
#7390=CARTESIAN_POINT('',(102.619605477574,9.51360258671145,-44.4166148640114));
#7391=CARTESIAN_POINT('',(104.687892611022,11.0038885453013,-44.0383607935952));
#7392=CARTESIAN_POINT('',(102.196698164214,10.3491398561493,-44.1213309623263));
#7393=CARTESIAN_POINT('',(102.234447446231,12.9344247888337,-54.5401575234469));
#7394=CARTESIAN_POINT('',(104.287528766486,14.502770489799,-54.1265606984967));
#7395=CARTESIAN_POINT('',(101.782905467626,13.75513607731,-54.2444914703173));
#7396=CARTESIAN_POINT('',(102.080402374023,14.0687909608681,-57.9162122662543));
#7397=CARTESIAN_POINT('',(104.125142355193,15.6719410980463,-57.5069297999575));
#7398=CARTESIAN_POINT('',(101.61821370491,14.883971626802,-57.6209451505625));
#7399=CARTESIAN_POINT('',(101.778856252797,15.7483289306914,-62.9799720644185));
#7400=CARTESIAN_POINT('',(103.808272142379,17.4111903398823,-62.5737521801249));
#7401=CARTESIAN_POINT('',(101.298344167887,16.552788554815,-62.683750546705));
#7402=CARTESIAN_POINT('',(101.661619696331,16.3028353009141,-64.6679574561432));
#7403=CARTESIAN_POINT('',(103.685680456517,17.9816058696785,-64.2480599995595));
#7404=CARTESIAN_POINT('',(101.174799808809,17.1029438810772,-64.3698888697038));
#7405=CARTESIAN_POINT('',(101.446279787303,17.4273331917419,-68.0387936823115));
#7406=CARTESIAN_POINT('',(103.452681912694,19.1442183658969,-67.6048833981282));
#7407=CARTESIAN_POINT('',(100.945137724174,18.2197349096706,-67.7433431442852));
#7408=CARTESIAN_POINT('',(101.333919977336,17.9859839441759,-69.7232992160988));
#7409=CARTESIAN_POINT('',(103.32789602834,19.7357130673866,-69.3171281729011));
#7410=CARTESIAN_POINT('',(100.824619170379,18.7756776554435,-69.434031558459));
#7411=CARTESIAN_POINT('',(100.945924906024,19.5159518204975,-74.797678121084));
#7412=CARTESIAN_POINT('',(102.897515540084,21.3705347868114,-74.5020798401607));
#7413=CARTESIAN_POINT('',(100.410175861213,20.3016953820668,-74.5456822379638));
#7414=CARTESIAN_POINT('',(100.64458880759,20.3095463794041,-78.2223837670557));
#7415=CARTESIAN_POINT('',(102.563114365413,22.2325224090007,-78.0338492640833));
#7416=CARTESIAN_POINT('',(100.089979692473,21.0954298229168,-78.0140918488165));
#7417=CARTESIAN_POINT('',(99.9526163501005,21.3915023204648,-85.1985428063177));
#7418=CARTESIAN_POINT('',(101.81069986527,23.4268510914071,-85.2013826378739));
#7419=CARTESIAN_POINT('',(99.3651276055584,22.1678435481313,-85.052050215536));
#7420=CARTESIAN_POINT('',(99.5576173694069,21.6986294470342,-88.7490475814068));
#7421=CARTESIAN_POINT('',(101.385552246696,23.7791040826244,-88.8501792980455));
#7422=CARTESIAN_POINT('',(98.9547771957236,22.4678639711405,-88.6298224487605));
#7423=CARTESIAN_POINT('',(98.233898852923,21.9637182160412,-99.4957611680301));
#7424=CARTESIAN_POINT('',(99.961142223126,24.1702307038962,-99.9541542884994));
#7425=CARTESIAN_POINT('',(97.5864817341651,22.7067151075565,-99.4507074930592));
#7426=CARTESIAN_POINT('',(97.1807851077346,21.2589355363159,-106.574038913141));
#7427=CARTESIAN_POINT('',(98.8386220664882,23.4994365273272,-107.241354669309));
#7428=CARTESIAN_POINT('',(96.5069513376322,21.9790834047209,-106.560627083398));
#7429=CARTESIAN_POINT('',(95.4242386196924,19.2383196492404,-117.07353412254));
#7430=CARTESIAN_POINT('',(96.9928951276846,21.5735757032264,-117.897573817136));
#7431=CARTESIAN_POINT('',(94.7092161204336,19.9166054408115,-117.104593678575));
#7432=CARTESIAN_POINT('',(94.8434962099261,18.4162421459043,-120.542561658509));
#7433=CARTESIAN_POINT('',(96.382195096904,20.781962808126,-121.406018044593));
#7434=CARTESIAN_POINT('',(94.114213851143,19.0784989122747,-120.591706303995));
#7435=CARTESIAN_POINT('',(94.0537194490042,16.9708131826806,-125.716613466738));
#7436=CARTESIAN_POINT('',(95.5471190155887,19.3724465452095,-126.659182032099));
#7437=CARTESIAN_POINT('',(93.3053813054006,17.6087211589544,-125.79333672069));
#7438=CARTESIAN_POINT('',(93.8005016880275,16.4470856933566,-127.434180964411));
#7439=CARTESIAN_POINT('',(95.279355838811,18.8549860962595,-128.412433389869));
#7440=CARTESIAN_POINT('',(93.0464109923344,17.0769327289047,-127.521104096179));
#7441=CARTESIAN_POINT('',(93.3183778337074,15.3520097939474,-130.867119186489));
#7442=CARTESIAN_POINT('',(94.7702805696392,17.7913966923333,-131.871497879832));
#7443=CARTESIAN_POINT('',(92.5530897837836,15.96693194209,-130.964516037271));
#7444=CARTESIAN_POINT('',(93.093607731459,14.7923747388301,-132.588247131724));
#7445=CARTESIAN_POINT('',(94.5353215525347,17.2792565087676,-133.546329770404));
#7446=CARTESIAN_POINT('',(92.3221726015565,15.4011574854668,-132.677928892177));
#7447=CARTESIAN_POINT('',(92.0497779697829,12.3672181210041,-141.290297723855));
#7448=CARTESIAN_POINT('',(93.3746494742026,15.063284719944,-141.993192893964));
#7449=CARTESIAN_POINT('',(91.2452377860797,12.9429569137488,-141.306955711519));
#7450=CARTESIAN_POINT('',(91.3456216027505,11.5036254813286,-148.474448416508));
#7451=CARTESIAN_POINT('',(92.5629986188686,14.3577876447988,-148.848995949791));
#7452=CARTESIAN_POINT('',(90.5160746824127,12.0407766955491,-148.427623725969));
#7453=CARTESIAN_POINT('',(90.2184666919628,12.2350663538073,-163.323613560465));
#7454=CARTESIAN_POINT('',(91.2213413240301,15.228786592516,-162.994490918487));
#7455=CARTESIAN_POINT('',(89.3441847003048,12.6807576170499,-163.193738089298));
#7456=CARTESIAN_POINT('',(89.8376224440651,13.8241989090398,-170.476500188708));
#7457=CARTESIAN_POINT('',(90.7382532174684,16.8408273316456,-169.793888255632));
#7458=CARTESIAN_POINT('',(88.9445265747065,14.2211000742225,-170.32347339151));
#7459=CARTESIAN_POINT('',(89.5025896175415,17.6850213652226,-180.811996979157));
#7460=CARTESIAN_POINT('',(90.2305412017797,20.6203695403116,-179.609738797992));
#7461=CARTESIAN_POINT('',(88.5842492738374,18.0127461255753,-180.648424270276));
#7462=CARTESIAN_POINT('',(89.4304978478583,19.2319648322349,-184.213016222353));
#7463=CARTESIAN_POINT('',(90.0971526163026,22.1389576524394,-182.862584965224));
#7464=CARTESIAN_POINT('',(88.5042488507091,19.5370778418683,-184.049840951732));
#7465=CARTESIAN_POINT('',(89.3594103145213,22.675246757427,-190.723834430139));
#7466=CARTESIAN_POINT('',(89.8999133054051,25.5110211797191,-189.111919742251));
#7467=CARTESIAN_POINT('',(88.4189638710439,22.938173469782,-190.567172253251));
#7468=CARTESIAN_POINT('',(89.3598713294633,24.5786555424538,-193.854780929682));
#7469=CARTESIAN_POINT('',(89.834733711255,27.3701952935862,-192.123787400502));
#7470=CARTESIAN_POINT('',(88.4130645634245,24.8217533330073,-193.704282474323));
#7471=CARTESIAN_POINT('',(89.3879668430929,26.6286275012908,-196.885755394345));
#7472=CARTESIAN_POINT('',(89.7993292169,29.3715773900006,-195.037577450985));
#7473=CARTESIAN_POINT('',(88.4355880380697,26.8535146801854,-196.742958637547));
#7474=CARTESIAN_POINT('',(66.4765085633786,86.8459559827319,-177.381030353996));
#7475=CARTESIAN_POINT('',(72.0952921441815,95.1599270659042,-173.310500572486));
#7476=CARTESIAN_POINT('',(77.0216329051803,103.57054390574,-168.46634077582));
#7477=CARTESIAN_POINT('',(85.0070579916966,120.17690210322,-157.051831381231));
#7478=CARTESIAN_POINT('',(88.0776692044404,128.243593635796,-150.583665904267));
#7479=CARTESIAN_POINT('',(89.37906748669,136.038393917117,-143.177530990206));
#7480=CARTESIAN_POINT('',(66.4765085633786,86.8459559827319,-177.381030353996));
#7481=CARTESIAN_POINT('',(89.37906748669,136.038393917117,-143.177530990206));
#7482=CARTESIAN_POINT('',(66.4765085633786,86.8459559827319,-177.381030353996));
#7483=CARTESIAN_POINT('',(66.4451420949997,86.7995438176551,-177.40375380327));
#7484=CARTESIAN_POINT('',(66.4043840411918,86.7573745117615,-177.424376681311));
#7485=CARTESIAN_POINT('',(66.3576788625449,86.722893668588,-177.441228900577));
#7486=CARTESIAN_POINT('',(66.3109734730121,86.6884126697245,-177.458081195934));
#7487=CARTESIAN_POINT('',(66.2570043729599,86.6606551063911,-177.471635151714));
#7488=CARTESIAN_POINT('',(66.2001938041753,86.6420880545015,-177.48069916911));
#7489=CARTESIAN_POINT('',(66.1436140997911,86.6235964546166,-177.489726352533));
#7490=CARTESIAN_POINT('',(66.0825748791236,86.6137175329299,-177.494546212356));
#7491=CARTESIAN_POINT('',(66.0223694972393,86.6136589634386,-177.494574793049));
#7492=CARTESIAN_POINT('',(65.9638689542816,86.6136020524626,-177.494602564421));
#7493=CARTESIAN_POINT('',(65.9044471384127,86.6228477570175,-177.490091696251));
#7494=CARTESIAN_POINT('',(65.8495068214607,86.6409074821588,-177.481275493129));
#7495=CARTESIAN_POINT('',(65.7967350343419,86.6582543782717,-177.472807271245));
#7496=CARTESIAN_POINT('',(65.7465834248019,86.6842475569652,-177.460115333151));
#7497=CARTESIAN_POINT('',(65.7035844161268,86.7167483275423,-177.444232251989));
#7498=CARTESIAN_POINT('',(65.6619560299487,86.7482131140656,-177.428855454786));
#7499=CARTESIAN_POINT('',(65.6258648366988,86.7866501739463,-177.410060461399));
#7500=CARTESIAN_POINT('',(65.5983317801215,86.8287910365507,-177.389433301792));
#7501=CARTESIAN_POINT('',(65.5710755010472,86.870508275912,-177.369013497796));
#7502=CARTESIAN_POINT('',(65.5514503665643,86.9169697044015,-177.346252186622));
#7503=CARTESIAN_POINT('',(65.5408218875882,86.964370420726,-177.323005493723));
#7504=CARTESIAN_POINT('',(65.5300333211149,87.0124850926467,-177.299408656189));
#7505=CARTESIAN_POINT('',(65.5282025775875,87.0628305530265,-177.274692147589));
#7506=CARTESIAN_POINT('',(65.5351522716109,87.1114924846175,-177.250776802536));
#7507=CARTESIAN_POINT('',(65.5409037180666,87.1517642567324,-177.23098487701));
#7508=CARTESIAN_POINT('',(65.5527135188145,87.1916637305899,-177.211358353102));
#7509=CARTESIAN_POINT('',(65.5698352981655,87.2292325050866,-177.192863842124));
#7510=CARTESIAN_POINT('',(65.5698352981699,87.2292325050962,-177.192863842119));
#7511=CARTESIAN_POINT('',(88.4292750314989,136.257898450389,-142.968650794093));
#7512=CARTESIAN_POINT('',(84.3302437364736,129.09299655421,-149.797242024087));
#7513=CARTESIAN_POINT('',(80.6835247823549,121.279054070193,-156.200524133383));
#7514=CARTESIAN_POINT('',(73.3287165279544,104.800146193008,-167.7025403911));
#7515=CARTESIAN_POINT('',(69.6208375957024,96.1179810797009,-172.817074099343));
#7516=CARTESIAN_POINT('',(65.5698352981699,87.2292325050962,-177.192863842119));
#7517=CARTESIAN_POINT('',(88.4292750314989,136.257898450389,-142.968650794093));
#7518=CARTESIAN_POINT('',(88.4292750314989,136.257898450389,-142.968650794093));
#7519=CARTESIAN_POINT('',(88.4528546788243,136.29911449576,-142.929369373352));
#7520=CARTESIAN_POINT('',(88.4859591326736,136.338158755032,-142.892122253283));
#7521=CARTESIAN_POINT('',(88.5267394301627,136.371579697401,-142.86021927337));
#7522=CARTESIAN_POINT('',(88.5676492875,136.405106818796,-142.82821493703));
#7523=CARTESIAN_POINT('',(88.6176270748322,136.433916403409,-142.800690709839));
#7524=CARTESIAN_POINT('',(88.6724867354445,136.454521885795,-142.780998234776));
#7525=CARTESIAN_POINT('',(88.7229163051426,136.473463410378,-142.76289598929));
#7526=CARTESIAN_POINT('',(88.7790612846627,136.486006075322,-142.750902568789));
#7527=CARTESIAN_POINT('',(88.8355503765977,136.490496355453,-142.746609082815));
#7528=CARTESIAN_POINT('',(88.887220468965,136.494603576532,-142.74268186768));
#7529=CARTESIAN_POINT('',(88.9406475813833,136.492107207932,-142.745069333177));
#7530=CARTESIAN_POINT('',(88.9911757494637,136.483284427586,-142.753504586958));
#7531=CARTESIAN_POINT('',(89.0403323193597,136.474701143544,-142.76171086393));
#7532=CARTESIAN_POINT('',(89.0880462696765,136.459947889174,-142.775814990771));
#7533=CARTESIAN_POINT('',(89.1308620303374,136.440491072796,-142.794406038242));
#7534=CARTESIAN_POINT('',(89.1753200313595,136.420287971203,-142.813710163516));
#7535=CARTESIAN_POINT('',(89.2156295859379,136.394552657184,-142.838291854643));
#7536=CARTESIAN_POINT('',(89.249435249875,136.365486898904,-142.866035091707));
#7537=CARTESIAN_POINT('',(89.2860787187501,136.33398122545,-142.896107225352));
#7538=CARTESIAN_POINT('',(89.3160097625899,136.29782139452,-142.930600807771));
#7539=CARTESIAN_POINT('',(89.3378162227759,136.259763029384,-142.966873712676));
#7540=CARTESIAN_POINT('',(89.3617652671513,136.21796525626,-143.006710595956));
#7541=CARTESIAN_POINT('',(89.3765383590437,136.172840718464,-143.049681345937));
#7542=CARTESIAN_POINT('',(89.3815461323078,136.127696051284,-143.092628628345));
#7543=CARTESIAN_POINT('',(89.3848372219209,136.098027147081,-143.120853419602));
#7544=CARTESIAN_POINT('',(89.3840038189622,136.06796036477,-143.149438788694));
#7545=CARTESIAN_POINT('',(89.37906748669,136.038393917117,-143.177530990206));
#7546=CARTESIAN_POINT('',(0.,0.,0.));
#7547=CARTESIAN_POINT('',(65.5698352981649,87.2292325050846,-177.19286384212));
#7548=CARTESIAN_POINT('',(63.0234673269956,79.8131346067482,-167.348046278779));
#7549=CARTESIAN_POINT('',(60.3736437066543,73.4084722447158,-156.877278125965));
#7550=CARTESIAN_POINT('',(56.0421242689576,65.5302068611865,-140.295388851673));
#7551=CARTESIAN_POINT('',(54.549349520109,63.2254455021946,-134.668396053197));
#7552=CARTESIAN_POINT('',(52.2264884044583,60.2631217367086,-126.076627126111));
#7553=CARTESIAN_POINT('',(51.4351072646887,59.3541743232631,-123.189733342208));
#7554=CARTESIAN_POINT('',(49.8293326374362,57.7085540129158,-117.361627842018));
#7555=CARTESIAN_POINT('',(49.0514031393709,56.9984410626608,-114.401239497445));
#7556=CARTESIAN_POINT('',(47.3939573466509,55.6134022220923,-108.495584618161));
#7557=CARTESIAN_POINT('',(46.5629717853401,54.9234268799906,-105.542529967741));
#7558=CARTESIAN_POINT('',(44.8585517760533,53.2943256089688,-99.7447086341402));
#7559=CARTESIAN_POINT('',(43.9857256281919,52.3785480493232,-96.8908920757765));
#7560=CARTESIAN_POINT('',(41.2878316569002,49.3205941058638,-88.4730801323181));
#7561=CARTESIAN_POINT('',(39.3842196896311,46.8756133114673,-83.049475073055));
#7562=CARTESIAN_POINT('',(35.4316545614333,41.1887544861676,-72.5517377190894));
#7563=CARTESIAN_POINT('',(33.3923330421221,37.9558689192567,-67.5272429058917));
#7564=CARTESIAN_POINT('',(29.2046474421997,30.8665154892165,-58.0903893908682));
#7565=CARTESIAN_POINT('',(26.9987528024455,27.0075477293212,-53.6628076488164));
#7566=CARTESIAN_POINT('',(24.7809971081987,22.9093119150315,-49.4234628198572));
#7567=CARTESIAN_POINT('',(102.332887623698,23.7751261426689,-22.2066006915304));
#7568=CARTESIAN_POINT('',(102.303218879402,29.5195855463031,-26.2407253908585));
#7569=CARTESIAN_POINT('',(102.163429768053,35.2554669072887,-30.2826068496629));
#7570=CARTESIAN_POINT('',(101.736784701075,43.8276696550122,-36.3815437179388));
#7571=CARTESIAN_POINT('',(101.569543576172,46.6802560774965,-38.4191511852486));
#7572=CARTESIAN_POINT('',(101.130915465662,52.3561736687948,-42.5134052474771));
#7573=CARTESIAN_POINT('',(100.907321821497,55.2301236052878,-44.5180488113588));
#7574=CARTESIAN_POINT('',(100.075234528055,63.4936797613841,-50.9291559941696));
#7575=CARTESIAN_POINT('',(99.3602412128168,68.3693850465105,-55.9579105424005));
#7576=CARTESIAN_POINT('',(97.5631966464474,76.8964422776797,-67.2429599495852));
#7577=CARTESIAN_POINT('',(96.5034652225941,80.4176214494709,-73.309659332275));
#7578=CARTESIAN_POINT('',(94.7392905363972,84.8730605775097,-82.8697461831603));
#7579=CARTESIAN_POINT('',(94.1534361680155,86.2235194528364,-86.1197215596895));
#7580=CARTESIAN_POINT('',(93.0907453588558,88.6835264353103,-92.7473834252132));
#7581=CARTESIAN_POINT('',(92.5964676331,89.6969584947017,-96.1675994405095));
#7582=CARTESIAN_POINT('',(91.3049426976448,93.2926450566415,-106.195011461903));
#7583=CARTESIAN_POINT('',(90.5788884317249,96.6532610991442,-112.448114249576));
#7584=CARTESIAN_POINT('',(89.4007752240193,105.591941122963,-123.955394408635));
#7585=CARTESIAN_POINT('',(88.989895421443,110.926262064654,-128.852961387061));
#7586=CARTESIAN_POINT('',(88.4866744764013,122.830921984215,-137.054617430534));
#7587=CARTESIAN_POINT('',(88.396488044893,129.423966573715,-140.367287352497));
#7588=CARTESIAN_POINT('',(88.4292750314993,136.257898450402,-142.968650794097));
#7589=CARTESIAN_POINT('',(89.7000000000003,143.962385999062,-142.618799638516));
#7590=CARTESIAN_POINT('',(81.366666666667,124.625501531621,-156.667868563238));
#7591=CARTESIAN_POINT('',(73.0333333333337,105.28861706418,-170.71693748796));
#7592=CARTESIAN_POINT('',(64.7000000000004,85.9517325967386,-184.766006412683));
#7593=CARTESIAN_POINT('',(89.6999999999995,139.753393631002,-141.358253876635));
#7594=CARTESIAN_POINT('',(81.0390802644415,120.940823995807,-154.664948491792));
#7595=CARTESIAN_POINT('',(72.3781605288834,102.128254360611,-167.971643106948));
#7596=CARTESIAN_POINT('',(63.7172407933254,83.3156847254151,-181.278337722104));
#7597=CARTESIAN_POINT('',(89.7757743645031,131.465639936051,-138.387598703289));
#7598=CARTESIAN_POINT('',(80.415415201646,113.741097853209,-150.301662139862));
#7599=CARTESIAN_POINT('',(71.0550560387889,96.0165557703661,-162.215725576434));
#7600=CARTESIAN_POINT('',(61.6946968759319,78.2920136875235,-174.129789013007));
#7601=CARTESIAN_POINT('',(90.1835590025144,119.747784214792,-132.273754292255));
#7602=CARTESIAN_POINT('',(79.6251807353282,103.685885037757,-142.491782879677));
#7603=CARTESIAN_POINT('',(69.0668024681419,87.6239858607216,-152.7098114671));
#7604=CARTESIAN_POINT('',(58.5084242009557,71.5620866836862,-162.927840054522));
#7605=CARTESIAN_POINT('',(90.9459968216304,109.221223267955,-124.291351561725));
#7606=CARTESIAN_POINT('',(79.0267693611996,94.7134970691641,-133.289992137875));
#7607=CARTESIAN_POINT('',(67.1075419007689,80.2057708703737,-142.288632714025));
#7608=CARTESIAN_POINT('',(55.1883144403381,65.6980446715833,-151.287273290174));
#7609=CARTESIAN_POINT('',(92.1019899544049,100.47086748294,-114.402732126943));
#7610=CARTESIAN_POINT('',(78.6534288937855,87.2299776619212,-122.687994604283));
#7611=CARTESIAN_POINT('',(65.2048678331661,73.9890878409024,-130.973257081622));
#7612=CARTESIAN_POINT('',(51.7563067725468,60.7481980198836,-139.258519558961));
#7613=CARTESIAN_POINT('',(93.2433209232786,95.5821569417596,-105.831550912968));
#7614=CARTESIAN_POINT('',(78.5353099525728,82.9679822103031,-113.886704611545));
#7615=CARTESIAN_POINT('',(63.8272989818671,70.3538074788467,-121.941858310123));
#7616=CARTESIAN_POINT('',(49.1192880111613,57.7396327473902,-129.9970120087));
#7617=CARTESIAN_POINT('',(94.0915267222842,93.0387527575183,-99.8073557236071));
#7618=CARTESIAN_POINT('',(78.5087493767427,80.7009051462811,-107.786570683661));
#7619=CARTESIAN_POINT('',(62.9259720312012,68.363057535044,-115.765785643715));
#7620=CARTESIAN_POINT('',(47.3431946856597,56.0252099238068,-123.74500060377));
#7621=CARTESIAN_POINT('',(94.5309194588307,91.9245016915426,-96.7371847465544));
#7622=CARTESIAN_POINT('',(78.5046729761802,79.6923584812895,-104.692800556399));
#7623=CARTESIAN_POINT('',(62.4784264935296,67.4602152710364,-112.648416366243));
#7624=CARTESIAN_POINT('',(46.4521800108791,55.2280720607833,-120.604032176088));
#7625=CARTESIAN_POINT('',(94.9876296632801,90.886510494957,-93.6426873636675));
#7626=CARTESIAN_POINT('',(78.5113682673938,78.7552816045314,-101.578015877642));
#7627=CARTESIAN_POINT('',(62.0351068715075,66.6240527141057,-109.513344391616));
#7628=CARTESIAN_POINT('',(45.5588454756212,54.49282382368,-117.44867290559));
#7629=CARTESIAN_POINT('',(95.4674576499966,89.79731273101,-90.5699278056403));
#7630=CARTESIAN_POINT('',(78.532740359412,77.8036757997856,-98.4735418779237));
#7631=CARTESIAN_POINT('',(61.5980230688274,65.8100388685612,-106.377155950207));
#7632=CARTESIAN_POINT('',(44.6633057782429,53.8164019373367,-114.280770022491));
#7633=CARTESIAN_POINT('',(95.9715573467519,88.6259897415558,-87.5311864679565));
#7634=CARTESIAN_POINT('',(78.5695967702017,76.8159075365682,-95.3881812309728));
#7635=CARTESIAN_POINT('',(61.1676361936514,65.0058253315806,-103.245175993989));
#7636=CARTESIAN_POINT('',(43.7656756171012,53.1957431265929,-111.102170757005));
#7637=CARTESIAN_POINT('',(96.6766482511697,86.9650772191559,-83.5243712636538));
#7638=CARTESIAN_POINT('',(78.6351518345287,75.4193285329948,-91.3084629363286));
#7639=CARTESIAN_POINT('',(60.5936554178878,63.8735798468336,-99.0925546090034));
#7640=CARTESIAN_POINT('',(42.5521590012468,52.3278311606725,-106.876646281678));
#7641=CARTESIAN_POINT('',(97.6209250143852,84.7224426181952,-78.5989563797008));
#7642=CARTESIAN_POINT('',(78.7439798186683,73.4986822132208,-86.2825109871498));
#7643=CARTESIAN_POINT('',(59.8670346229515,62.2749218082464,-93.9660655945988));
#7644=CARTESIAN_POINT('',(40.9900894272346,51.051161403272,-101.649620202048));
#7645=CARTESIAN_POINT('',(98.7112116190057,81.7004243638819,-72.8413836212433));
#7646=CARTESIAN_POINT('',(78.8216473089573,70.8618031743034,-80.3912293562254));
#7647=CARTESIAN_POINT('',(58.9320829989089,60.0231819847249,-87.9410750912075));
#7648=CARTESIAN_POINT('',(39.0425186888605,49.1845607951465,-95.4909208261897));
#7649=CARTESIAN_POINT('',(99.6988159166314,78.328955686858,-67.2612843435931));
#7650=CARTESIAN_POINT('',(78.8078868567478,67.8840201855226,-74.6615219451636));
#7651=CARTESIAN_POINT('',(57.9169577968641,57.4390846841873,-82.0617595467342));
#7652=CARTESIAN_POINT('',(37.0260287369805,46.9941491828519,-89.4619971483048));
#7653=CARTESIAN_POINT('',(100.606670736558,74.5835055734972,-61.9086386773237));
#7654=CARTESIAN_POINT('',(78.7193763602546,64.552574536153,-69.1320567671053));
#7655=CARTESIAN_POINT('',(56.8320819839514,54.5216434988087,-76.3554748568869));
#7656=CARTESIAN_POINT('',(34.9447876076483,44.4907124614645,-83.5788929466685));
#7657=CARTESIAN_POINT('',(101.425162090905,70.4559197451527,-56.8315921959936));
#7658=CARTESIAN_POINT('',(78.551281716174,60.8651620929473,-63.8399872651119));
#7659=CARTESIAN_POINT('',(55.6774013414432,51.274404440742,-70.8483823342303));
#7660=CARTESIAN_POINT('',(32.8035209667124,41.6836467885366,-77.8567774033486));
#7661=CARTESIAN_POINT('',(102.147522544406,65.9400585961036,-52.0763688575907));
#7662=CARTESIAN_POINT('',(78.3006665229441,56.8208218379426,-58.8211858051982));
#7663=CARTESIAN_POINT('',(54.4538105014827,47.7015850797816,-65.5660027528057));
#7664=CARTESIAN_POINT('',(30.6069544800212,38.5823483216206,-72.3108197004132));
#7665=CARTESIAN_POINT('',(102.668097333126,61.8539331556371,-48.4374835340193));
#7666=CARTESIAN_POINT('',(78.0236819333695,53.1578713674399,-54.9062981293329));
#7667=CARTESIAN_POINT('',(53.3792665336134,44.4618095792426,-61.3751127246465));
#7668=CARTESIAN_POINT('',(28.7348511338574,35.7657477910453,-67.8439273199602));
#7669=CARTESIAN_POINT('',(103.034844914229,58.3873048804115,-45.7624840644306));
#7670=CARTESIAN_POINT('',(77.7615168931852,50.0518571182093,-51.9643298235528));
#7671=CARTESIAN_POINT('',(52.4881888721418,41.7164093560071,-58.166175582675));
#7672=CARTESIAN_POINT('',(27.2148608510983,33.3809615938048,-64.3680213417972));
#7673=CARTESIAN_POINT('',(103.286524341775,55.7212497458272,-43.8405367098139));
#7674=CARTESIAN_POINT('',(77.5457870859336,47.6570804081621,-49.8303692989551));
#7675=CARTESIAN_POINT('',(51.8050498300919,39.592911070497,-55.8202018880963));
#7676=CARTESIAN_POINT('',(26.0643125742501,31.5287417328319,-61.8100344772375));
#7677=CARTESIAN_POINT('',(103.516417210148,53.026792064476,-41.9596649158244));
#7678=CARTESIAN_POINT('',(77.3122137970182,45.2228661537054,-47.7401529064506));
#7679=CARTESIAN_POINT('',(51.1080103838881,37.4189402429347,-53.5206408970768));
#7680=CARTESIAN_POINT('',(24.903806970758,29.6150143321641,-59.301128887703));
#7681=CARTESIAN_POINT('',(103.795393308492,49.4518472208201,-39.4462093656384));
#7682=CARTESIAN_POINT('',(76.9761434374677,41.9598996733929,-44.9691239167399));
#7683=CARTESIAN_POINT('',(50.1568935664433,34.4679521259657,-50.4920384678414));
#7684=CARTESIAN_POINT('',(23.3376436954188,26.9760045785386,-56.0149530189429));
#7685=CARTESIAN_POINT('',(104.033551568358,45.8704252539696,-36.9341252439817));
#7686=CARTESIAN_POINT('',(76.607676136848,38.6559777341897,-42.2330209532593));
#7687=CARTESIAN_POINT('',(49.1818007053384,31.4415302144098,-47.531916662537));
#7688=CARTESIAN_POINT('',(21.7559252738288,24.2270826946299,-52.8308123718147));
#7689=CARTESIAN_POINT('',(104.231410114287,42.2834448266276,-34.4252241000363));
#7690=CARTESIAN_POINT('',(76.2097049237769,35.3134721182282,-39.5319978150493));
#7691=CARTESIAN_POINT('',(48.1879997332671,28.3434994098289,-44.6387715300623));
#7692=CARTESIAN_POINT('',(20.1662945427572,21.3735267014295,-49.7455452450753));
#7693=CARTESIAN_POINT('',(104.359783697901,39.5906599415513,-32.5455926182285));
#7694=CARTESIAN_POINT('',(75.8972831153167,32.7928909886094,-37.5189450686815));
#7695=CARTESIAN_POINT('',(47.4347825327327,25.9951220356675,-42.4922975191344));
#7696=CARTESIAN_POINT('',(18.9722819501486,19.1973530827256,-47.4656499695874));
#7697=CARTESIAN_POINT('',(104.468266486818,36.895555157581,-30.6684583998673));
#7698=CARTESIAN_POINT('',(75.5719109523786,30.2659756904879,-35.5120165320583));
#7699=CARTESIAN_POINT('',(46.6755554179395,23.6363962233947,-40.3555746642493));
#7700=CARTESIAN_POINT('',(17.7791998835004,17.0068167563016,-45.1991327964403));
#7701=CARTESIAN_POINT('',(104.585721790595,33.2994781949813,-28.1683491965086));
#7702=CARTESIAN_POINT('',(75.120515628069,26.8910924468275,-32.8415053488962));
#7703=CARTESIAN_POINT('',(45.655309465543,20.4827066986737,-37.5146615012839));
#7704=CARTESIAN_POINT('',(16.190103303017,14.0743209505199,-42.1878176536715));
#7705=CARTESIAN_POINT('',(104.680311351641,28.8004170490697,-25.0472311129039));
#7706=CARTESIAN_POINT('',(74.5223144908826,22.6626435693563,-29.5126943223379));
#7707=CARTESIAN_POINT('',(44.3643176301242,16.5248700896428,-33.9781575317718));
#7708=CARTESIAN_POINT('',(14.2063207693657,10.3870966099294,-38.4436207412058));
#7709=CARTESIAN_POINT('',(104.701924711876,24.2985157190396,-21.9285046060601));
#7710=CARTESIAN_POINT('',(73.8763213437203,18.4190500501306,-26.1981727817352));
#7711=CARTESIAN_POINT('',(43.0507179755647,12.5395843812216,-30.4678409574102));
#7712=CARTESIAN_POINT('',(12.2251146074091,6.66011871231264,-34.7375091330852));
#7713=CARTESIAN_POINT('',(104.701880230629,20.6950046834173,-19.43638851307));
#7714=CARTESIAN_POINT('',(73.3485421711817,15.0150929907393,-23.5560235235282));
#7715=CARTESIAN_POINT('',(41.9952041117348,9.33518129806144,-27.6756585339865));
#7716=CARTESIAN_POINT('',(10.6418660522879,3.65526960538352,-31.7952935444448));
#7717=CARTESIAN_POINT('',(104.698588207569,15.2881158687201,-15.7005583424727));
#7718=CARTESIAN_POINT('',(72.5553237616339,9.90041785542809,-19.6018906006367));
#7719=CARTESIAN_POINT('',(40.412059315699,4.5127198421361,-23.5032228588008));
#7720=CARTESIAN_POINT('',(8.2687948697641,-0.874978171155897,-27.4045551169648));
#7721=CARTESIAN_POINT('',(104.699780636095,7.17243919661605,-10.1045506827487));
#7722=CARTESIAN_POINT('',(71.3719417800625,2.19649104810268,-13.7039698801289));
#7723=CARTESIAN_POINT('',(38.0441029240297,-2.77945710041069,-17.3033890775091));
#7724=CARTESIAN_POINT('',(4.71626406799682,-7.75540524892406,-20.9028082748893));
#7725=CARTESIAN_POINT('',(104.7,-0.0476767633901735,-5.13929183539552));
#7726=CARTESIAN_POINT('',(70.3233128984329,-4.6962845754971,-8.50928400708623));
#7727=CARTESIAN_POINT('',(35.9466257968654,-9.34489238760402,-11.8792761787769));
#7728=CARTESIAN_POINT('',(1.56993869529786,-13.9935001997109,-15.2492683504677));
#7729=CARTESIAN_POINT('',(104.7,-3.65887955161816,-2.65833159909976));
#7730=CARTESIAN_POINT('',(69.8000000000003,-8.15371491300244,-5.92402064552776));
#7731=CARTESIAN_POINT('',(34.9000000000002,-12.6485502743867,-9.18970969195576));
#7732=CARTESIAN_POINT('',(0.,-17.143385635771,-12.4553987383838));
#7733=CARTESIAN_POINT('',(24.8627526293554,21.9592151238461,-49.8398794253426));
#7734=CARTESIAN_POINT('',(27.1150076044414,26.0673079367612,-54.0681369806758));
#7735=CARTESIAN_POINT('',(29.3731609080252,29.939445936933,-58.4752287209537));
#7736=CARTESIAN_POINT('',(33.6600050428531,37.0572824267973,-67.8777074926913));
#7737=CARTESIAN_POINT('',(35.7454948779052,40.305615797008,-72.8881561207292));
#7738=CARTESIAN_POINT('',(39.7824680199529,46.0208923381951,-83.3680367287825));
#7739=CARTESIAN_POINT('',(41.7246045492558,48.4786532483032,-88.7862921148526));
#7740=CARTESIAN_POINT('',(44.4763010970025,51.5528273559613,-97.2016279128929));
#7741=CARTESIAN_POINT('',(45.3666768603343,52.4735099642873,-100.055462475021));
#7742=CARTESIAN_POINT('',(47.1051340980936,54.111945515612,-105.854804248056));
#7743=CARTESIAN_POINT('',(47.9553497426836,54.8065057617746,-108.80855491819));
#7744=CARTESIAN_POINT('',(49.6408013826462,56.2118345469475,-114.714496531059));
#7745=CARTESIAN_POINT('',(50.4332680165252,56.9364549728391,-117.673467320094));
#7746=CARTESIAN_POINT('',(52.0677938854727,58.6109827653088,-123.497587878433));
#7747=CARTESIAN_POINT('',(52.8733603506332,59.5345196672804,-126.382155017995));
#7748=CARTESIAN_POINT('',(55.2425460694343,62.5445799826177,-134.963686550832));
#7749=CARTESIAN_POINT('',(56.7692089066826,64.8856637354247,-140.580200566059));
#7750=CARTESIAN_POINT('',(61.1974657730256,72.8801190801783,-157.125757322224));
#7751=CARTESIAN_POINT('',(63.898239708228,79.3648416896269,-167.562163005308));
#7752=CARTESIAN_POINT('',(66.4765085633787,86.8459559827321,-177.381030353996));
#7753=CARTESIAN_POINT('',(89.37906748669,136.038393917117,-143.177530990206));
#7754=CARTESIAN_POINT('',(89.3361062797498,129.189625931939,-140.603512342379));
#7755=CARTESIAN_POINT('',(89.4134160303627,122.5786838107,-137.316256914375));
#7756=CARTESIAN_POINT('',(89.8844809920893,110.631845111485,-129.162251113487));
#7757=CARTESIAN_POINT('',(90.2762561333704,105.270391080552,-124.285511911429));
#7758=CARTESIAN_POINT('',(91.4042419718438,96.2587998851003,-112.821531310287));
#7759=CARTESIAN_POINT('',(92.0998156629576,92.8490319203686,-106.588039472292));
#7760=CARTESIAN_POINT('',(93.3420117296231,89.1792680030515,-96.5800870070602));
#7761=CARTESIAN_POINT('',(93.8282239168564,88.1604443940481,-93.1569650168958));
#7762=CARTESIAN_POINT('',(94.871849266085,85.6829177273363,-86.5286713131068));
#7763=CARTESIAN_POINT('',(95.4472263146814,84.3218720309881,-83.2796544064741));
#7764=CARTESIAN_POINT('',(97.1807938144164,79.835305850335,-73.7247115551656));
#7765=CARTESIAN_POINT('',(98.2200976344242,76.293819529097,-67.6634777605626));
#7766=CARTESIAN_POINT('',(99.9689290481235,67.7153400251305,-56.4013712531007));
#7767=CARTESIAN_POINT('',(100.655323244518,62.8098240009495,-51.4013249952222));
#7768=CARTESIAN_POINT('',(101.433199217957,54.5012522619683,-45.0339195198672));
#7769=CARTESIAN_POINT('',(101.642996754615,51.622281636431,-43.0337084559645));
#7770=CARTESIAN_POINT('',(102.050254098446,45.9343571240876,-38.9497627602513));
#7771=CARTESIAN_POINT('',(102.20513768588,43.0773123733559,-36.916228182773));
#7772=CARTESIAN_POINT('',(102.597325742899,34.4939301504582,-30.8283747635452));
#7773=CARTESIAN_POINT('',(102.715639456182,28.7526598954534,-26.7917369639667));
#7774=CARTESIAN_POINT('',(102.728511036526,23.0036186601554,-22.7624065962432));
#7775=CARTESIAN_POINT('',(104.7,-3.65887955161816,-2.65833159909977));
#7776=CARTESIAN_POINT('',(75.2918446225788,-16.3836201782494,-17.5620104454889));
#7777=CARTESIAN_POINT('',(35.1694414288253,-18.0777514852346,-15.7894083241085));
#7778=CARTESIAN_POINT('',(0.,-17.143385635771,-12.4553987383838));
#7779=CARTESIAN_POINT('',(104.700113518115,-0.0412075415205668,-5.14442068401395));
#7780=CARTESIAN_POINT('',(75.8051342856142,-12.7675168197079,-19.9064462515822));
#7781=CARTESIAN_POINT('',(36.2835334799701,-14.7022299973047,-18.2715693800161));
#7782=CARTESIAN_POINT('',(1.5671969131063,-14.0028217560816,-15.2476870020513));
#7783=CARTESIAN_POINT('',(104.696920609184,7.19241284452557,-10.118995423277));
#7784=CARTESIAN_POINT('',(76.8418963869196,-5.55093967387073,-24.6192727878775));
#7785=CARTESIAN_POINT('',(38.5119138698044,-8.06345688328552,-23.3084420730962));
#7786=CARTESIAN_POINT('',(4.70723439698571,-7.77019938879059,-20.8838600375906));
#7787=CARTESIAN_POINT('',(104.697780913444,18.0341575523191,-17.5936658238481));
#7788=CARTESIAN_POINT('',(78.4447769666079,5.16654143678846,-31.7393901653835));
#7789=CARTESIAN_POINT('',(41.8811012622953,1.81530333117358,-31.0129081036219));
#7790=CARTESIAN_POINT('',(9.43520241313899,1.38388948410354,-29.5391478442484));
#7791=CARTESIAN_POINT('',(104.716463809324,27.0587774420604,-23.8379135535314));
#7792=CARTESIAN_POINT('',(79.8272029361064,14.089879190606,-37.7947138350579));
#7793=CARTESIAN_POINT('',(44.7085564093894,9.92780486699517,-37.5607771757777));
#7794=CARTESIAN_POINT('',(13.387252233725,8.86175898289072,-36.9010729542676));
#7795=CARTESIAN_POINT('',(104.564327288057,34.2704998666387,-28.842225783492));
#7796=CARTESIAN_POINT('',(80.8333234534873,21.298474942634,-42.7465484848122));
#7797=CARTESIAN_POINT('',(46.9231065581887,16.3836240159971,-42.8537337812462));
#7798=CARTESIAN_POINT('',(16.5555394907111,14.7572196062263,-42.8736475754455));
#7799=CARTESIAN_POINT('',(104.365876178015,39.6731197164978,-32.6009109642727));
#7800=CARTESIAN_POINT('',(81.5341149875292,26.6696421025999,-46.4448894193202));
#7801=CARTESIAN_POINT('',(48.5574185499164,21.2368236430112,-46.8825907255841));
#7802=CARTESIAN_POINT('',(18.9358790734695,19.1394322353245,-47.3893159580264));
#7803=CARTESIAN_POINT('',(104.08771569974,45.0650467141985,-36.3698542354417));
#7804=CARTESIAN_POINT('',(82.1948106168574,32.0043439506676,-50.15703058225));
#7805=CARTESIAN_POINT('',(50.1799168675202,25.8928091170304,-50.8388109810478));
#7806=CARTESIAN_POINT('',(21.3198685701534,23.4657327743651,-51.9577357276811));
#7807=CARTESIAN_POINT('',(103.78851902801,49.5482393042351,-39.5193798834698));
#7808=CARTESIAN_POINT('',(82.7182950976688,36.4063787335403,-53.307838899839));
#7809=CARTESIAN_POINT('',(51.5150311407023,29.616252404331,-54.1710222864489));
#7810=CARTESIAN_POINT('',(23.2944153558539,26.9019541920874,-55.9251706751828));
#7811=CARTESIAN_POINT('',(103.507720201749,53.1388415909407,-42.0285675219582));
#7812=CARTESIAN_POINT('',(83.1240401546827,39.9146437295062,-55.8708369003638));
#7813=CARTESIAN_POINT('',(52.5671727638636,32.5232590016393,-56.9193097745679));
#7814=CARTESIAN_POINT('',(24.8564170670519,29.537513813288,-59.2014222907612));
#7815=CARTESIAN_POINT('',(103.277127530782,55.8255166904753,-43.9172256260015));
#7816=CARTESIAN_POINT('',(83.4229103745255,42.4898993483431,-57.7860177201612));
#7817=CARTESIAN_POINT('',(53.3454224735258,34.6709278915463,-59.0091738326772));
#7818=CARTESIAN_POINT('',(26.0185069287692,31.4551010973744,-61.7093132873592));
#7819=CARTESIAN_POINT('',(103.024689499791,58.4868290208635,-45.8401858882657));
#7820=CARTESIAN_POINT('',(83.731118150199,44.891297492182,-59.6396787357627));
#7821=CARTESIAN_POINT('',(54.1104725906838,36.7726497895252,-61.1453830041656));
#7822=CARTESIAN_POINT('',(27.1705918058053,33.3112322743215,-64.2674570249969));
#7823=CARTESIAN_POINT('',(102.656857833877,61.9473313541716,-48.5159157768208));
#7824=CARTESIAN_POINT('',(84.1256910120012,47.8694296533774,-62.0811741474791));
#7825=CARTESIAN_POINT('',(55.1048958056931,39.5011565040991,-64.0737238382725));
#7826=CARTESIAN_POINT('',(28.6925735782781,35.7009674669649,-67.7447196047344));
#7827=CARTESIAN_POINT('',(102.13522201744,66.0236774226999,-52.1585404633206));
#7828=CARTESIAN_POINT('',(84.5331272109916,51.4243441674309,-65.3868291612105));
#7829=CARTESIAN_POINT('',(56.2870059286762,42.7537794848134,-67.9133374912815));
#7830=CARTESIAN_POINT('',(30.5670705171656,38.5226278132942,-72.2146819626338));
#7831=CARTESIAN_POINT('',(101.412009005688,70.5283614592244,-56.9154776084941));
#7832=CARTESIAN_POINT('',(84.8731727135576,55.4858132661751,-69.7569534441178));
#7833=CARTESIAN_POINT('',(57.6177319645644,46.3677230994546,-72.7933348610315));
#7834=CARTESIAN_POINT('',(32.7665127126409,41.6303647741261,-77.7642577997802));
#7835=CARTESIAN_POINT('',(100.592736362849,74.6458988676851,-61.9925843961282));
#7836=CARTESIAN_POINT('',(85.0906447574378,59.2756619304227,-74.4617497062993));
#7837=CARTESIAN_POINT('',(58.8594367772223,49.689623308072,-77.9138136536763));
#7838=CARTESIAN_POINT('',(34.9108150884623,44.4464046565912,-83.4876610390967));
#7839=CARTESIAN_POINT('',(99.6850229854541,78.3819095004374,-67.3435223147504));
#7840=CARTESIAN_POINT('',(85.1896872152619,62.7716473308993,-79.4466971572994));
#7841=CARTESIAN_POINT('',(60.0106709083976,52.7216261180759,-83.2512859957375));
#7842=CARTESIAN_POINT('',(36.9951288503322,46.9591409674548,-89.3718854646048));
#7843=CARTESIAN_POINT('',(98.6960031858766,81.745319546217,-72.9208211334963));
#7844=CARTESIAN_POINT('',(85.1842953813017,65.9920770305533,-84.7168257040908));
#7845=CARTESIAN_POINT('',(61.0735675971564,55.4512954418817,-88.7859608484351));
#7846=CARTESIAN_POINT('',(39.0146052039529,49.1569672134824,-95.403924860326));
#7847=CARTESIAN_POINT('',(97.6056339576652,84.7593222382453,-78.675617355651));
#7848=CARTESIAN_POINT('',(85.0637832408865,68.9243367967211,-90.20865538829));
#7849=CARTESIAN_POINT('',(62.0480253146388,57.8613279419446,-94.4948207415));
#7850=CARTESIAN_POINT('',(40.9649015857153,51.028831713308,-101.567309229504));
#7851=CARTESIAN_POINT('',(96.663709835589,86.9975187701207,-83.5978635423733));
#7852=CARTESIAN_POINT('',(84.9419129050032,71.036958229987,-94.8673184767818));
#7853=CARTESIAN_POINT('',(62.7924446792706,59.615520803125,-99.3709319356365));
#7854=CARTESIAN_POINT('',(42.5288797909607,52.3078742735227,-106.799192017735));
#7855=CARTESIAN_POINT('',(95.9597426181231,88.6544462884352,-87.6018034467537));
#7856=CARTESIAN_POINT('',(84.8860289496738,72.5531213699752,-98.6413260068012));
#7857=CARTESIAN_POINT('',(63.3914719664215,60.8838278331299,-103.387002350279));
#7858=CARTESIAN_POINT('',(43.7441536728123,53.1788295353896,-111.02765721684));
#7859=CARTESIAN_POINT('',(95.4564059207289,89.8225057343671,-90.6385270021537));
#7860=CARTESIAN_POINT('',(84.8353601009095,73.635525323919,-101.496180777071));
#7861=CARTESIAN_POINT('',(63.8590969524103,61.8107335057552,-106.496819704729));
#7862=CARTESIAN_POINT('',(44.6438288565431,53.8081840535123,-114.207433901584));
#7863=CARTESIAN_POINT('',(94.9775606146479,90.9081076482843,-93.7097163342816));
#7864=CARTESIAN_POINT('',(84.7874604278823,74.6757997957273,-104.383699493595));
#7865=CARTESIAN_POINT('',(64.3447557491109,62.74807158463,-109.680894996614));
#7866=CARTESIAN_POINT('',(45.5396915919327,54.4795550863421,-117.379622651821));
#7867=CARTESIAN_POINT('',(94.5217544144641,91.9464719436002,-96.8004589419336));
#7868=CARTESIAN_POINT('',(84.7671627573168,75.7586728866474,-107.397863135558));
#7869=CARTESIAN_POINT('',(64.8286584209406,63.7066234335735,-112.86120070514));
#7870=CARTESIAN_POINT('',(46.4335570285409,55.211188361418,-120.538972823087));
#7871=CARTESIAN_POINT('',(94.0830122967625,93.0626456739057,-99.8671547655358));
#7872=CARTESIAN_POINT('',(84.8199672763473,76.9825692349317,-110.551261951829));
#7873=CARTESIAN_POINT('',(65.3120195701588,64.7351859326866,-116.013610812511));
#7874=CARTESIAN_POINT('',(47.3254466501252,56.0077286281687,-123.683197791995));
#7875=CARTESIAN_POINT('',(93.2364484333066,95.6080999912965,-105.882347030816));
#7876=CARTESIAN_POINT('',(84.9495813492963,79.685190605346,-116.748681174691));
#7877=CARTESIAN_POINT('',(66.2997006045331,66.9624886749536,-122.249769450963));
#7878=CARTESIAN_POINT('',(49.1035800740974,57.7234528821623,-129.941158551935));
#7879=CARTESIAN_POINT('',(92.0970475966519,100.501230410989,-114.442729570054));
#7880=CARTESIAN_POINT('',(85.2315447630771,84.5557041483773,-125.547315732986));
#7881=CARTESIAN_POINT('',(67.8349538994909,70.9314873024301,-131.342523536709));
#7882=CARTESIAN_POINT('',(51.7432551787626,60.7300647292815,-139.212869875478));
#7883=CARTESIAN_POINT('',(90.9436234385016,109.247798044232,-124.314247193115));
#7884=CARTESIAN_POINT('',(85.782063781331,92.7276847021315,-135.869711711018));
#7885=CARTESIAN_POINT('',(70.0146288649634,77.5292877167587,-142.690144074558));
#7886=CARTESIAN_POINT('',(55.1781632293823,65.6851246599377,-151.251855178763));
#7887=CARTESIAN_POINT('',(90.1824378383829,119.772528287015,-132.28830982254));
#7888=CARTESIAN_POINT('',(86.4788359056546,102.223322243543,-144.600809922673));
#7889=CARTESIAN_POINT('',(72.3033535750797,85.2559338067784,-153.117967673143));
#7890=CARTESIAN_POINT('',(58.5025590851565,71.5498272115291,-162.907223325265));
#7891=CARTESIAN_POINT('',(89.8433788001182,129.526370237586,-137.375038533114));
#7892=CARTESIAN_POINT('',(87.1948498684101,110.889924599178,-150.657690116256));
#7893=CARTESIAN_POINT('',(74.2513631380812,92.4578711760746,-161.029403443298));
#7894=CARTESIAN_POINT('',(61.160632284988,77.1621542201187,-172.252089810924));
#7895=CARTESIAN_POINT('',(89.7346042743447,136.668015595479,-140.211614485088));
#7896=CARTESIAN_POINT('',(87.771586120752,117.21692495118,-154.347007866579));
#7897=CARTESIAN_POINT('',(75.6151611527569,97.8204473308378,-166.185708951811));
#7898=CARTESIAN_POINT('',(62.9539349314482,81.4449793311388,-178.581800446923));
#7899=CARTESIAN_POINT('',(89.7043400376711,140.816258303003,-141.64858814648));
#7900=CARTESIAN_POINT('',(88.1227483481617,120.892487676534,-156.315057365665));
#7901=CARTESIAN_POINT('',(76.3902887750313,100.966729184485,-169.028984873777));
#7902=CARTESIAN_POINT('',(63.958635221971,83.9886948684062,-182.136830764552));
#7903=CARTESIAN_POINT('',(89.7012198722034,142.913317125849,-142.296751709014));
#7904=CARTESIAN_POINT('',(88.2999817290009,122.750725049527,-157.243152481837));
#7905=CARTESIAN_POINT('',(76.7758788009352,102.573299845766,-170.414918800651));
#7906=CARTESIAN_POINT('',(64.4529876675292,85.2969263495528,-183.889952034578));
#7907=CARTESIAN_POINT('',(89.7000000000003,143.962385999062,-142.618799638516));
#7908=CARTESIAN_POINT('',(88.4076356426226,123.683509924654,-157.712933019728));
#7909=CARTESIAN_POINT('',(76.9731230191069,103.360411806247,-171.089595240832));
#7910=CARTESIAN_POINT('',(64.7000000000004,85.9517325967386,-184.766006412683));
#7911=CARTESIAN_POINT('',(66.6613709514,87.3846780429479,-178.08392483399));
#7912=CARTESIAN_POINT('',(63.7255493921716,83.4913904660168,-181.838812770503));
#7913=CARTESIAN_POINT('',(65.7733547322898,87.8247916748211,-177.978236770395));
#7914=CARTESIAN_POINT('',(64.0676312496429,79.7937902869071,-168.240780871179));
#7915=CARTESIAN_POINT('',(60.8864230545596,76.2474406879348,-171.875756566509));
#7916=CARTESIAN_POINT('',(63.212912470642,80.2970801228346,-168.120214206811));
#7917=CARTESIAN_POINT('',(61.3423118647345,73.1781324237235,-157.67557052228));
#7918=CARTESIAN_POINT('',(57.7672078239755,69.8661401137406,-160.850531391873));
#7919=CARTESIAN_POINT('',(60.5430116594776,73.7670423309378,-157.537711782291));
#7920=CARTESIAN_POINT('',(56.8387720456606,64.9938383659769,-140.836005654109));
#7921=CARTESIAN_POINT('',(52.7269079569872,62.1547900150034,-143.259975030916));
#7922=CARTESIAN_POINT('',(56.1510159399012,65.704634555801,-140.70660665329));
#7923=CARTESIAN_POINT('',(55.2844270657444,62.5998995315544,-135.11592239627));
#7924=CARTESIAN_POINT('',(51.0355066549843,59.9440491110376,-137.369710714247));
#7925=CARTESIAN_POINT('',(54.6369105012514,63.3486826202081,-134.995727453873));
#7926=CARTESIAN_POINT('',(52.8707867384183,59.5302070909397,-126.372567651541));
#7927=CARTESIAN_POINT('',(48.4676048310613,57.1355967429767,-128.383237107548));
#7928=CARTESIAN_POINT('',(52.2802047394191,60.326191589555,-126.273686786376));
#7929=CARTESIAN_POINT('',(52.0495636588775,58.5897094067891,-123.43316926646));
#7930=CARTESIAN_POINT('',(47.612137155255,56.2861913267158,-125.401219319968));
#7931=CARTESIAN_POINT('',(51.4774336120403,59.3999489062325,-123.342836139939));
#7932=CARTESIAN_POINT('',(50.8001352078991,57.3136800799756,-118.980397762876));
#7933=CARTESIAN_POINT('',(46.3119583361356,55.1265040561868,-120.827540463969));
#7934=CARTESIAN_POINT('',(50.2544364521191,58.1430720467404,-118.904773179437));
#7935=CARTESIAN_POINT('',(50.3845976681032,56.9137727169653,-117.486800253977));
#7936=CARTESIAN_POINT('',(45.8778837818283,54.7612114358063,-119.286114860926));
#7937=CARTESIAN_POINT('',(49.8474791656596,57.7491425575746,-117.416205995608));
#7938=CARTESIAN_POINT('',(49.5588106771317,56.1565508281115,-114.484969128843));
#7939=CARTESIAN_POINT('',(45.0193839884457,54.08249104005,-116.218336442096));
#7940=CARTESIAN_POINT('',(49.0386734027998,57.0031204775744,-114.421598584292));
#7941=CARTESIAN_POINT('',(49.1463168614046,55.7981927414364,-112.977072234543));
#7942=CARTESIAN_POINT('',(44.6018835513141,53.7763373576839,-114.727664187955));
#7943=CARTESIAN_POINT('',(48.6351442911646,56.6504471360368,-112.91753247778));
#7944=CARTESIAN_POINT('',(48.2864972331099,55.0842500414897,-109.974656732672));
#7945=CARTESIAN_POINT('',(43.7363549863178,53.1722474878886,-111.740574982587));
#7946=CARTESIAN_POINT('',(47.7918982395501,55.9460920930509,-109.914034565319));
#7947=CARTESIAN_POINT('',(47.8529974739236,54.7318624816215,-108.475965370693));
#7948=CARTESIAN_POINT('',(43.2940770222709,52.8705232674913,-110.217995294129));
#7949=CARTESIAN_POINT('',(47.3654136682674,55.5972115659053,-108.408925887513));
#7950=CARTESIAN_POINT('',(46.9909568793983,53.9906995642939,-105.495809065204));
#7951=CARTESIAN_POINT('',(42.4409313448165,52.2516149741336,-107.262260854206));
#7952=CARTESIAN_POINT('',(46.5157562419565,54.8610832655874,-105.409023785607));
#7953=CARTESIAN_POINT('',(46.5557752384946,53.5974152665647,-104.017338183171));
#7954=CARTESIAN_POINT('',(42.0181925436915,51.925964946207,-105.810731224074));
#7955=CARTESIAN_POINT('',(46.0862707833277,54.4695559567135,-103.918337507792));
#7956=CARTESIAN_POINT('',(45.2317600182234,52.3383701627233,-99.6174219419195));
#7957=CARTESIAN_POINT('',(40.7339452639312,50.8696808468207,-101.484436797609));
#7958=CARTESIAN_POINT('',(44.7798723176471,53.2152025006944,-99.4829081490577));
#7959=CARTESIAN_POINT('',(44.3275527351566,51.3946131135098,-96.7321477216115));
#7960=CARTESIAN_POINT('',(39.8558239302839,50.0610907989881,-98.6298553552217));
#7961=CARTESIAN_POINT('',(43.8872149519966,52.2730140392873,-96.5723774474087));
#7962=CARTESIAN_POINT('',(41.530608772805,48.2436825039965,-88.2263718301141));
#7963=CARTESIAN_POINT('',(37.1695585574981,47.3342251798463,-90.2730035307695));
#7964=CARTESIAN_POINT('',(41.1254543516792,49.1230178239413,-87.9910669757469));
#7965=CARTESIAN_POINT('',(39.5573503672654,45.7256824910016,-82.7519103536762));
#7966=CARTESIAN_POINT('',(35.2409986918843,45.0724033652779,-84.7675584590116));
#7967=CARTESIAN_POINT('',(39.1760516988194,46.600421120204,-82.4648159906454));
#7968=CARTESIAN_POINT('',(36.4806978025011,41.3323535472961,-74.8157843821547));
#7969=CARTESIAN_POINT('',(32.1965223339377,41.0133791628327,-76.7170298644931));
#7970=CARTESIAN_POINT('',(36.1383700020324,42.1909295470655,-74.4478509340002));
#7971=CARTESIAN_POINT('',(35.43653830139,39.7657395070315,-72.2236896582299));
#7972=CARTESIAN_POINT('',(31.1737895215809,39.5715474933077,-74.1007294536434));
#7973=CARTESIAN_POINT('',(35.1077661567106,40.6173959230684,-71.8284475710793));
#7974=CARTESIAN_POINT('',(33.3305947240187,36.4801464686247,-67.224960266375));
#7975=CARTESIAN_POINT('',(29.1108328193422,36.5262661767798,-69.0334315957494));
#7976=CARTESIAN_POINT('',(33.0302925450676,37.3151053141452,-66.7755853145321));
#7977=CARTESIAN_POINT('',(32.2684811110131,34.754552558814,-64.8059615116674));
#7978=CARTESIAN_POINT('',(28.0642120249959,34.919000903564,-66.5689314137395));
#7979=CARTESIAN_POINT('',(31.9833347778915,35.5795061494135,-64.3292383865185));
#7980=CARTESIAN_POINT('',(30.1107039582356,31.1535023689689,-60.1195978066238));
#7981=CARTESIAN_POINT('',(25.9561768734543,31.5480558720832,-61.7881532409362));
#7982=CARTESIAN_POINT('',(29.8564925822447,31.9571377535041,-59.5920455114848));
#7983=CARTESIAN_POINT('',(29.0155337584931,29.2801411019741,-57.8497827837413));
#7984=CARTESIAN_POINT('',(24.8939874778966,29.7830161889798,-59.465860457444));
#7985=CARTESIAN_POINT('',(28.7764825804144,30.0726287764871,-57.2991624936365));
#7986=CARTESIAN_POINT('',(26.7837790955045,25.4083577438765,-53.4448733854777));
#7987=CARTESIAN_POINT('',(22.7327179142629,26.0990812119782,-54.9518356739698));
#7988=CARTESIAN_POINT('',(26.5721515761695,26.1766141130256,-52.8508073239282));
#7989=CARTESIAN_POINT('',(25.6486685968594,23.404406861531,-51.3147949070554));
#7990=CARTESIAN_POINT('',(21.612884524929,24.1604464523992,-52.7420103019406));
#7991=CARTESIAN_POINT('',(25.449846368732,24.1585401800825,-50.6990934363698));
#7992=CARTESIAN_POINT('',(24.5300282881704,21.3502265259942,-49.2153311807037));
#7993=CARTESIAN_POINT('',(20.497944421989,22.1423502333872,-50.5710513162473));
#7994=CARTESIAN_POINT('',(24.3423679142001,22.0953845707426,-48.5857705812578));
#7995=CARTESIAN_POINT('',(102.729904654196,22.1390364136975,-22.1566303865273));
#7996=CARTESIAN_POINT('',(104.802424295305,22.9681129584853,-20.9803215436686));
#7997=CARTESIAN_POINT('',(102.337716155297,22.6547489022941,-21.4201224378858));
#7998=CARTESIAN_POINT('',(102.723985580925,27.974030372136,-26.2437020152758));
#7999=CARTESIAN_POINT('',(104.79704632214,28.8980147156837,-25.0801330419098));
#8000=CARTESIAN_POINT('',(102.317290313606,28.4852624966814,-25.5112853965533));
#8001=CARTESIAN_POINT('',(102.619605477488,33.8040973441077,-30.34184096097));
#8002=CARTESIAN_POINT('',(104.687892610868,34.7874318478108,-29.1598588816201));
#8003=CARTESIAN_POINT('',(102.196698163923,34.3064976718741,-29.6118347816487));
#8004=CARTESIAN_POINT('',(102.234447446274,42.5220697166674,-36.5212501745834));
#8005=CARTESIAN_POINT('',(104.287528766596,43.5477819265031,-35.2647928403679));
#8006=CARTESIAN_POINT('',(101.782905467771,43.0122509508832,-35.7996493211738));
#8007=CARTESIAN_POINT('',(102.080402374094,45.4241864164508,-38.5857721288092));
#8008=CARTESIAN_POINT('',(104.125142353423,46.4805919257162,-37.312347652349));
#8009=CARTESIAN_POINT('',(101.618213704955,45.910127772685,-37.8677448410661));
#8010=CARTESIAN_POINT('',(101.778856252762,49.7593645071655,-41.6952322116795));
#8011=CARTESIAN_POINT('',(103.808272143158,50.8658775901409,-40.3891880089341));
#8012=CARTESIAN_POINT('',(101.298344167864,50.236071374797,-40.9827344665643));
#8013=CARTESIAN_POINT('',(101.661619696361,51.2001425035395,-42.7349104130792));
#8014=CARTESIAN_POINT('',(103.68568045637,52.3114868912155,-41.4084496531217));
#8015=CARTESIAN_POINT('',(101.174799808903,51.6722436230002,-42.0234758375281));
#8016=CARTESIAN_POINT('',(101.446279787274,54.0912082289805,-44.8010109288943));
#8017=CARTESIAN_POINT('',(103.452681912818,55.2251514463605,-43.4408103493016));
#8018=CARTESIAN_POINT('',(100.94513772408,54.5586132160787,-44.0962243789238));
#8019=CARTESIAN_POINT('',(101.333919977273,55.5332936917536,-45.8354378594014));
#8020=CARTESIAN_POINT('',(103.327896028353,56.7101129389333,-44.4783736088474));
#8021=CARTESIAN_POINT('',(100.82461917034,56.0021420614575,-45.1372450911297));
#8022=CARTESIAN_POINT('',(100.94592490615,59.7537087895532,-49.0414040751178));
#8023=CARTESIAN_POINT('',(102.897515540058,61.0803496165786,-47.7121635253154));
#8024=CARTESIAN_POINT('',(100.41017586129,60.2412692202203,-48.3756866456004));
#8025=CARTESIAN_POINT('',(100.644588807493,62.408731746224,-51.3455859654689));
#8026=CARTESIAN_POINT('',(102.563114366175,63.8536342331765,-50.0627613974808));
#8027=CARTESIAN_POINT('',(100.089979692491,62.9220938901341,-50.7151435657514));
#8028=CARTESIAN_POINT('',(99.9526163501969,67.384535891027,-56.3534594379775));
#8029=CARTESIAN_POINT('',(101.810699864651,69.0328368466374,-55.1594089184583));
#8030=CARTESIAN_POINT('',(99.365127605541,67.9265029529885,-55.7786225180696));
#8031=CARTESIAN_POINT('',(99.5576173694128,69.7199413005752,-59.0453533439403));
#8032=CARTESIAN_POINT('',(101.385552246908,71.4625243683007,-57.90429831301));
#8033=CARTESIAN_POINT('',(98.9547771958677,70.2721863286584,-58.4967534766334));
#8034=CARTESIAN_POINT('',(98.2338988529111,76.2511623767699,-67.583812000476));
#8035=CARTESIAN_POINT('',(99.9611422224609,78.3057051956716,-66.6577043266937));
#8036=CARTESIAN_POINT('',(97.5864817338769,76.8257776028773,-67.1106401964649));
#8037=CARTESIAN_POINT('',(97.1807851075981,79.8414884813833,-73.7245198522774));
#8038=CARTESIAN_POINT('',(98.8386220669129,82.046330218941,-72.9474561982841));
#8039=CARTESIAN_POINT('',(96.5069513374935,80.4162170697368,-73.2903771575063));
#8040=CARTESIAN_POINT('',(95.4242386197608,84.3782243305447,-83.4064781279322));
#8041=CARTESIAN_POINT('',(96.9928951276808,86.7518445437747,-82.7005111754659));
#8042=CARTESIAN_POINT('',(94.709216120503,84.9452254119087,-83.0329194515096));
#8043=CARTESIAN_POINT('',(94.8434962100009,85.7521928851351,-86.6961853912163));
#8044=CARTESIAN_POINT('',(96.3821950965748,88.173628035252,-86.004200568445));
#8045=CARTESIAN_POINT('',(94.11421385135,86.3168563616913,-86.3466794841529));
#8046=CARTESIAN_POINT('',(94.053719448967,87.6240476369796,-91.731683061666));
#8047=CARTESIAN_POINT('',(95.5471190156951,90.1210377433036,-91.0825923762057));
#8048=CARTESIAN_POINT('',(93.3053813052973,88.1852228277749,-91.4188005771737));
#8049=CARTESIAN_POINT('',(93.8005016881051,88.2099040428623,-93.4290636506991));
#8050=CARTESIAN_POINT('',(95.2793558384194,90.732938738176,-92.8051581418614));
#8051=CARTESIAN_POINT('',(93.0464109923754,88.7705531333272,-93.1291711428644));
#8052=CARTESIAN_POINT('',(93.31837783363,89.3417994887885,-96.8500384768456));
#8053=CARTESIAN_POINT('',(94.7702805699804,91.905663929326,-96.2287622654085));
#8054=CARTESIAN_POINT('',(92.5530897837427,89.89653038945,-96.5673920142853));
#8055=CARTESIAN_POINT('',(93.0936077314333,89.9006988422216,-98.5714054661817));
#8056=CARTESIAN_POINT('',(94.5353215521626,92.4757753024989,-97.8847581743958));
#8057=CARTESIAN_POINT('',(92.322172601486,90.4459280462714,-98.2861260141031));
#8058=CARTESIAN_POINT('',(92.0497779698855,93.053642927094,-107.036983575084));
#8059=CARTESIAN_POINT('',(93.3746494752878,95.6479580400604,-106.020929529603));
#8060=CARTESIAN_POINT('',(91.2452377863614,93.5292167144495,-106.712049398838));
#8061=CARTESIAN_POINT('',(91.3456216030059,96.577719633356,-113.356690593199));
#8062=CARTESIAN_POINT('',(92.5629986202996,99.106938846536,-111.982071487261));
#8063=CARTESIAN_POINT('',(90.5160746830382,96.9847612316632,-113.003079060681));
#8064=CARTESIAN_POINT('',(90.2184666917077,105.897588008938,-124.939987389937));
#8065=CARTESIAN_POINT('',(91.2213413227798,108.126105119961,-122.914056970026));
#8066=CARTESIAN_POINT('',(89.3441846996794,106.181820928563,-124.572945175146));
#8067=CARTESIAN_POINT('',(89.8376224438083,111.387584523485,-129.792725551419));
#8068=CARTESIAN_POINT('',(90.7382532197262,113.426858951986,-127.467351191212));
#8069=CARTESIAN_POINT('',(88.9445265742209,111.61873741686,-129.435631620223));
#8070=CARTESIAN_POINT('',(89.50258961767,120.586108092701,-135.884983597714));
#8071=CARTESIAN_POINT('',(90.23054120097,122.254185018479,-133.186981929776));
#8072=CARTESIAN_POINT('',(88.5842492740802,120.755097367219,-135.560018715545));
#8073=CARTESIAN_POINT('',(89.43049784783,123.836680600297,-137.727195408113));
#8074=CARTESIAN_POINT('',(90.0971526172353,125.394723616863,-134.925986062388));
#8075=CARTESIAN_POINT('',(88.5042488507446,123.987610192453,-137.415842913426));
#8076=CARTESIAN_POINT('',(89.3594103145494,130.449317117126,-140.970647650072));
#8077=CARTESIAN_POINT('',(89.8999133044984,131.796047134634,-137.999754890013));
#8078=CARTESIAN_POINT('',(88.4189638710083,130.569945578761,-140.689360842984));
#8079=CARTESIAN_POINT('',(89.3598713293345,133.829531349264,-142.384840964895));
#8080=CARTESIAN_POINT('',(89.8347337134526,135.070481982707,-139.343611877248));
#8081=CARTESIAN_POINT('',(88.4130645629015,133.937740820279,-142.120195860765));
#8082=CARTESIAN_POINT('',(89.387966843093,137.269555592683,-143.632007530325));
#8083=CARTESIAN_POINT('',(89.7993292168994,138.402316928646,-140.524534673158));
#8084=CARTESIAN_POINT('',(88.4355880380697,137.367559314505,-143.38429716015));
#8085=CARTESIAN_POINT('',(66.4765085633786,174.521807961291,-92.4574958882305));
#8086=CARTESIAN_POINT('',(72.0952921441815,178.855354483731,-84.2775385282047));
#8087=CARTESIAN_POINT('',(77.0216329051803,182.812360752105,-75.4148943880957));
#8088=CARTESIAN_POINT('',(85.0070579916966,189.537906464251,-56.4193898626561));
#8089=CARTESIAN_POINT('',(88.0776692044405,192.262104725739,-46.4450517517217));
#8090=CARTESIAN_POINT('',(89.37906748669,194.215013742113,-35.8716940936868));
#8091=CARTESIAN_POINT('',(66.4765085633786,174.521807961291,-92.4574958882304));
#8092=CARTESIAN_POINT('',(89.37906748669,194.215013742113,-35.8716940936868));
#8093=CARTESIAN_POINT('',(66.4765085633786,174.521807961291,-92.4574958882304));
#8094=CARTESIAN_POINT('',(66.4451420949997,174.497616239363,-92.5031599310226));
#8095=CARTESIAN_POINT('',(66.4043840411918,174.475622377826,-92.5446306859346));
#8096=CARTESIAN_POINT('',(66.3576788625449,174.457632275671,-92.5785317488173));
#8097=CARTESIAN_POINT('',(66.3109734730121,174.439642092286,-92.6124329647719));
#8098=CARTESIAN_POINT('',(66.2570043729599,174.425152567144,-92.6397138317056));
#8099=CARTESIAN_POINT('',(66.2001938041753,174.415459202382,-92.6579602150955));
#8100=CARTESIAN_POINT('',(66.1436140997911,174.405805229108,-92.6761324496));
#8101=CARTESIAN_POINT('',(66.0825748791236,174.400646056099,-92.6858384825831));
#8102=CARTESIAN_POINT('',(66.0223694972393,174.400615471695,-92.6858960311327));
#8103=CARTESIAN_POINT('',(65.9638689542816,174.400585753351,-92.685951950077));
#8104=CARTESIAN_POINT('',(65.9044471384127,174.405414263676,-92.6768680922841));
#8105=CARTESIAN_POINT('',(65.8495068214607,174.414842854053,-92.6591203940339));
#8106=CARTESIAN_POINT('',(65.7967350343419,174.423899291871,-92.642073208909));
#8107=CARTESIAN_POINT('',(65.7465834248019,174.437468081137,-92.6165268082032));
#8108=CARTESIAN_POINT('',(65.7035844161268,174.454425915996,-92.5845736519867));
#8109=CARTESIAN_POINT('',(65.6619560299487,174.470843208395,-92.5536390242458));
#8110=CARTESIAN_POINT('',(65.6258648366988,174.490892023122,-92.5158408182468));
#8111=CARTESIAN_POINT('',(65.5983317801215,174.512860356913,-92.4743833180219));
#8112=CARTESIAN_POINT('',(65.5710755010472,174.534607852871,-92.4333425715038));
#8113=CARTESIAN_POINT('',(65.5514503665643,174.558817175071,-92.3876189414833));
#8114=CARTESIAN_POINT('',(65.5408218875882,174.583501096873,-92.3409505298613));
#8115=CARTESIAN_POINT('',(65.5300333211149,174.608556811032,-92.2935791927092));
#8116=CARTESIAN_POINT('',(65.5282025775875,174.634759144826,-92.2439907980788));
#8117=CARTESIAN_POINT('',(65.5351522716109,174.660070387337,-92.1960401117676));
#8118=CARTESIAN_POINT('',(65.5409037180666,174.681017533432,-92.1563569539328));
#8119=CARTESIAN_POINT('',(65.5527135188145,174.701760704543,-92.117026440243));
#8120=CARTESIAN_POINT('',(65.5698352981655,174.721283680767,-92.0799816949635));
#8121=CARTESIAN_POINT('',(65.5698352981699,174.721283680772,-92.079981694954));
#8122=CARTESIAN_POINT('',(88.4292750314989,194.269819941101,-35.5736849377748));
#8123=CARTESIAN_POINT('',(84.3302437364736,192.487037762987,-45.3095549591758));
#8124=CARTESIAN_POINT('',(80.6835247823549,189.929180290461,-55.0828391597404));
#8125=CARTESIAN_POINT('',(73.3287165279544,183.358179296994,-74.0742248059063));
#8126=CARTESIAN_POINT('',(69.6208375957024,179.340407658417,-83.3152181057479));
#8127=CARTESIAN_POINT('',(65.5698352981699,174.721283680772,-92.079981694954));
#8128=CARTESIAN_POINT('',(88.4292750314989,194.269819941101,-35.5736849377748));
#8129=CARTESIAN_POINT('',(88.4292750314989,194.269819941101,-35.5736849377748));
#8130=CARTESIAN_POINT('',(88.4528546788243,194.280075382446,-35.5176794172046));
#8131=CARTESIAN_POINT('',(88.4859591326736,194.289769543863,-35.464596224291));
#8132=CARTESIAN_POINT('',(88.5267394301627,194.298055553111,-35.4191418343274));
#8133=CARTESIAN_POINT('',(88.5676492875,194.306367887181,-35.3735430348272));
#8134=CARTESIAN_POINT('',(88.6176270748322,194.313496995911,-35.3343416183119));
#8135=CARTESIAN_POINT('',(88.6724867354445,194.318592234915,-35.3062984726629));
#8136=CARTESIAN_POINT('',(88.7229163051426,194.323276017272,-35.2805198996225));
#8137=CARTESIAN_POINT('',(88.7790612846627,194.326373690672,-35.2634446251376));
#8138=CARTESIAN_POINT('',(88.8355503765977,194.327482755871,-35.2573318015802));
#8139=CARTESIAN_POINT('',(88.887220468965,194.328497208384,-35.2517404538171));
#8140=CARTESIAN_POINT('',(88.9406475813833,194.327880920772,-35.2551392826247));
#8141=CARTESIAN_POINT('',(88.9911757494637,194.325701259306,-35.2671494464576));
#8142=CARTESIAN_POINT('',(89.0403323193597,194.323580765229,-35.278833591764));
#8143=CARTESIAN_POINT('',(89.0880462696765,194.319935329475,-35.2989158154111));
#8144=CARTESIAN_POINT('',(89.1308620303374,194.315121977897,-35.3253927184823));
#8145=CARTESIAN_POINT('',(89.1753200313595,194.310124005513,-35.3528851690574));
#8146=CARTESIAN_POINT('',(89.2156295859379,194.303752454638,-35.3878990129729));
#8147=CARTESIAN_POINT('',(89.249435249875,194.296544827832,-35.4274281873009));
#8148=CARTESIAN_POINT('',(89.2860787187501,194.28873215925,-35.470275624696));
#8149=CARTESIAN_POINT('',(89.3160097625898,194.279753060558,-35.5194357344165));
#8150=CARTESIAN_POINT('',(89.3378162227759,194.270283874946,-35.5711512766731));
#8151=CARTESIAN_POINT('',(89.3617652671513,194.259884298651,-35.6279481068707));
#8152=CARTESIAN_POINT('',(89.3765383590437,194.248635353829,-35.6892357116987));
#8153=CARTESIAN_POINT('',(89.3815461323078,194.237356330101,-35.7505161626172));
#8154=CARTESIAN_POINT('',(89.3848372219209,194.229943798446,-35.7907894427489));
#8155=CARTESIAN_POINT('',(89.3840038189622,194.222421318974,-35.8315883033608));
#8156=CARTESIAN_POINT('',(89.37906748669,194.215013742113,-35.8716940936868));
#8157=CARTESIAN_POINT('',(0.,0.,0.));
#8158=CARTESIAN_POINT('',(65.5698352981649,174.721283680763,-92.0799816949612));
#8159=CARTESIAN_POINT('',(63.0234673269976,162.93489587382,-88.4744299538915));
#8160=CARTESIAN_POINT('',(60.3736437066542,151.598852079303,-83.7679666564258));
#8161=CARTESIAN_POINT('',(56.0421242689576,135.478611527257,-74.9836646407647));
#8162=CARTESIAN_POINT('',(54.549349520109,130.306557038154,-71.786036576441));
#8163=CARTESIAN_POINT('',(52.2264884044583,122.859871702589,-66.576359724554));
#8164=CARTESIAN_POINT('',(51.4351072646889,120.427644207005,-64.7750794771535));
#8165=CARTESIAN_POINT('',(49.829332637436,115.670634947829,-61.0273144317853));
#8166=CARTESIAN_POINT('',(49.0514031393698,113.356068893149,-59.0497038706988));
#8167=CARTESIAN_POINT('',(47.3939573466518,108.764292090088,-55.0860341147819));
#8168=CARTESIAN_POINT('',(46.5629717853398,106.470328339897,-53.1025200478076));
#8169=CARTESIAN_POINT('',(44.8585517760537,101.744483850765,-49.369545760172));
#8170=CARTESIAN_POINT('',(43.9857256281918,99.3261729561903,-47.5990402095673));
#8171=CARTESIAN_POINT('',(41.2878316569003,91.9043705309795,-42.5863075220121));
#8172=CARTESIAN_POINT('',(39.3842196896312,86.7384244492987,-39.635642511375));
#8173=CARTESIAN_POINT('',(35.4316545614333,75.9672438159192,-34.4854463389125));
#8174=CARTESIAN_POINT('',(33.3923330421226,70.3984605000011,-32.3207871054661));
#8175=CARTESIAN_POINT('',(29.2046474421992,59.1162097717935,-28.8532296328521));
#8176=CARTESIAN_POINT('',(26.9987528024455,53.3917720219953,-27.5394850978863));
#8177=CARTESIAN_POINT('',(24.7809971081987,47.5844052314343,-26.5186656582991));
#8178=CARTESIAN_POINT('',(102.332887623698,32.2871934828566,-3.99084882869259));
#8179=CARTESIAN_POINT('',(102.303218879402,39.3057577680676,-3.87801574802763));
#8180=CARTESIAN_POINT('',(102.163429768053,46.3219415798231,-3.77650006456289));
#8181=CARTESIAN_POINT('',(101.736784701075,56.8418644277945,-3.67202928384505));
#8182=CARTESIAN_POINT('',(101.569543576172,60.3473309407533,-3.64378012273802));
#8183=CARTESIAN_POINT('',(101.130915465662,67.3457868877019,-3.61988058497694));
#8184=CARTESIAN_POINT('',(100.907321821497,70.8491611502602,-3.5524059073244));
#8185=CARTESIAN_POINT('',(100.075234528056,81.3028727674366,-3.88190413093297));
#8186=CARTESIAN_POINT('',(99.3602412128168,88.2032289635165,-5.08438435987067));
#8187=CARTESIAN_POINT('',(97.5631966464473,101.734948788475,-9.20210262670922));
#8188=CARTESIAN_POINT('',(96.5034652225944,108.149559005931,-12.0404683392106));
#8189=CARTESIAN_POINT('',(94.739290536397,117.373363039502,-17.1558996573297));
#8190=CARTESIAN_POINT('',(94.153436168015,120.376194816483,-18.9914051574975));
#8191=CARTESIAN_POINT('',(93.0907453588562,126.262024173322,-22.9073404148419));
#8192=CARTESIAN_POINT('',(92.5964676330999,129.09226046546,-25.0786728769395));
#8193=CARTESIAN_POINT('',(91.3049426976446,137.89519690535,-31.0775280788721));
#8194=CARTESIAN_POINT('',(90.5788884317249,144.289473994967,-34.161073953272));
#8195=CARTESIAN_POINT('',(89.4007752240192,158.284827613009,-38.2166348680229));
#8196=CARTESIAN_POINT('',(88.9898954214431,165.47910155032,-39.0434146041374));
#8197=CARTESIAN_POINT('',(88.4866744764013,179.930986204228,-38.68131019105));
#8198=CARTESIAN_POINT('',(88.3964880448929,187.212009847648,-37.4860220772576));
#8199=CARTESIAN_POINT('',(88.4292750314993,194.269819941114,-35.5736849377705));
#8200=CARTESIAN_POINT('',(89.7000000000003,200.297243951182,-30.7620652498305));
#8201=CARTESIAN_POINT('',(81.366666666667,192.911211321149,-53.4939362803209));
#8202=CARTESIAN_POINT('',(73.0333333333337,185.525178691117,-76.2258073108112));
#8203=CARTESIAN_POINT('',(64.7000000000004,178.139146061084,-98.9576783413016));
#8204=CARTESIAN_POINT('',(89.6999999999995,196.151167387554,-32.2162459472384));
#8205=CARTESIAN_POINT('',(81.0390802644415,188.752957696367,-54.0393390191505));
#8206=CARTESIAN_POINT('',(72.3781605288834,181.35474800518,-75.8624320910627));
#8207=CARTESIAN_POINT('',(63.7172407933254,173.956538313993,-97.6855251629747));
#8208=CARTESIAN_POINT('',(89.7757743645031,187.700126502605,-34.6843548240978));
#8209=CARTESIAN_POINT('',(80.415415201646,180.363581522966,-54.7412590562785));
#8210=CARTESIAN_POINT('',(71.0550560387889,173.027036543327,-74.7981632884592));
#8211=CARTESIAN_POINT('',(61.6946968759319,165.690491563688,-94.8550675206399));
#8212=CARTESIAN_POINT('',(90.1835590025144,174.626554506857,-36.6257335760541));
#8213=CARTESIAN_POINT('',(79.6251807353282,167.638211621888,-54.3332398123579));
#8214=CARTESIAN_POINT('',(69.0668024681419,160.649868736919,-72.0407460486616));
#8215=CARTESIAN_POINT('',(58.5084242009557,153.66152585195,-89.7482522849654));
#8216=CARTESIAN_POINT('',(90.9459968216304,161.418449205677,-36.3551913930199));
#8217=CARTESIAN_POINT('',(79.0267693611996,154.970720382458,-52.1626720493431));
#8218=CARTESIAN_POINT('',(67.1075419007689,148.522991559239,-67.9701527056662));
#8219=CARTESIAN_POINT('',(55.1883144403381,142.075262736021,-83.7776333619894));
#8220=CARTESIAN_POINT('',(92.1019899544049,148.526877999475,-33.4984603021183));
#8221=CARTESIAN_POINT('',(78.6534288937855,142.684728209177,-47.9841782131674));
#8222=CARTESIAN_POINT('',(65.2048678331661,136.842578418879,-62.4698961242164));
#8223=CARTESIAN_POINT('',(51.7563067725468,131.000428628581,-76.9556140352655));
#8224=CARTESIAN_POINT('',(93.2433209232786,139.533814178779,-29.4377409969776));
#8225=CARTESIAN_POINT('',(78.5353099525728,134.063432999989,-43.3689231084194));
#8226=CARTESIAN_POINT('',(63.8272989818671,128.593051821199,-57.3001052198611));
#8227=CARTESIAN_POINT('',(49.1192880111613,123.122670642408,-71.2312873313028));
#8228=CARTESIAN_POINT('',(94.0915267222842,133.935223880926,-26.059040181469));
#8229=CARTESIAN_POINT('',(78.5087493767427,128.643760367818,-39.7663655568408));
#8230=CARTESIAN_POINT('',(62.9259720312012,123.352296854711,-53.4736909322125));
#8231=CARTESIAN_POINT('',(47.3431946856597,118.060833341603,-67.1810163075842));
#8232=CARTESIAN_POINT('',(94.5309194588307,131.229174610224,-24.2301600293283));
#8233=CARTESIAN_POINT('',(78.5046729761802,126.009356521432,-37.8562618031267));
#8234=CARTESIAN_POINT('',(62.4784264935296,120.789538432641,-51.4823635769251));
#8235=CARTESIAN_POINT('',(46.4521800108791,115.569720343849,-65.1084653507235));
#8236=CARTESIAN_POINT('',(94.9876296632801,128.570522167256,-22.3367749748864));
#8237=CARTESIAN_POINT('',(78.5113682673938,123.420420904859,-35.887148032616));
#8238=CARTESIAN_POINT('',(62.0351068715075,118.270319642462,-49.4375210903457));
#8239=CARTESIAN_POINT('',(45.5588454756212,113.120218380065,-62.9878941480754));
#8240=CARTESIAN_POINT('',(95.4674576499966,125.883219913938,-20.4910746552923));
#8241=CARTESIAN_POINT('',(78.532740359412,120.825791603714,-33.9349156662746));
#8242=CARTESIAN_POINT('',(61.5980230688274,115.76836329349,-47.3787566772569));
#8243=CARTESIAN_POINT('',(44.6633057782429,110.710934983266,-60.8225976882393));
#8244=CARTESIAN_POINT('',(95.9715573467519,123.149472365746,-18.7211676504688));
#8245=CARTESIAN_POINT('',(78.5695967702017,118.213140805986,-32.0194020869174));
#8246=CARTESIAN_POINT('',(61.1676361936514,113.276809246226,-45.317636523366));
#8247=CARTESIAN_POINT('',(43.7656756171012,108.340477686466,-58.6158709598146));
#8248=CARTESIAN_POINT('',(96.6766482511697,119.450619023204,-16.4558459428825));
#8249=CARTESIAN_POINT('',(78.6351518345287,114.685286411008,-29.5397291962497));
#8250=CARTESIAN_POINT('',(60.5936554178878,109.919953798812,-42.6236124496168));
#8251=CARTESIAN_POINT('',(42.5521590012468,105.154621186617,-55.707495702984));
#8252=CARTESIAN_POINT('',(97.6209250143852,114.741203288644,-13.7892891421427));
#8253=CARTESIAN_POINT('',(78.7439798186683,110.177270463669,-26.6025762380851));
#8254=CARTESIAN_POINT('',(59.8670346229515,105.613337638695,-39.4158633340274));
#8255=CARTESIAN_POINT('',(40.9900894272346,101.04940481372,-52.2291504299697));
#8256=CARTESIAN_POINT('',(98.7112116190057,108.912122807171,-10.9076126962443));
#8257=CARTESIAN_POINT('',(78.8216473089573,104.581182049315,-23.386347891173));
#8258=CARTESIAN_POINT('',(58.9320829989089,100.250241291459,-35.8650830861017));
#8259=CARTESIAN_POINT('',(39.0425186888605,95.9193005336037,-48.3438182810304));
#8260=CARTESIAN_POINT('',(99.6988159166314,102.904647289725,-8.37491711724664));
#8261=CARTESIAN_POINT('',(78.8078868567478,98.8042674896578,-20.5012141481607));
#8262=CARTESIAN_POINT('',(57.9169577968641,94.7038876895907,-32.6275111790749));
#8263=CARTESIAN_POINT('',(37.0260287369805,90.6035078895236,-44.753808209989));
#8264=CARTESIAN_POINT('',(100.606670736558,96.7283083130521,-6.24605614819798));
#8265=CARTESIAN_POINT('',(78.7193763602546,92.8589332587538,-17.9859574708205));
#8266=CARTESIAN_POINT('',(56.8320819839514,88.9895582044555,-29.725858793443));
#8267=CARTESIAN_POINT('',(34.9447876076483,85.1201831501572,-41.4657601160655));
#8268=CARTESIAN_POINT('',(101.425162090905,90.404808185251,-4.5647733410427));
#8269=CARTESIAN_POINT('',(78.551281716174,86.7651535195523,-15.8719899615305));
#8270=CARTESIAN_POINT('',(55.6774013414432,83.1254988538537,-27.1792065820183));
#8271=CARTESIAN_POINT('',(32.8035209667124,79.485844188155,-38.4864232025061));
#8272=CARTESIAN_POINT('',(102.147522544406,83.9563496217624,-3.37207343303793));
#8273=CARTESIAN_POINT('',(78.3006665229441,80.5432360398975,-14.188897846211));
#8274=CARTESIAN_POINT('',(54.4538105014827,77.1301224580326,-25.0057222593841));
#8275=CARTESIAN_POINT('',(30.6069544800212,73.7170088761677,-35.8225466725572));
#8276=CARTESIAN_POINT('',(102.668097333126,78.5117215712985,-2.82991763861038));
#8277=CARTESIAN_POINT('',(78.0236819333695,75.278733619452,-13.1747154518063));
#8278=CARTESIAN_POINT('',(53.3792665336134,72.0457456676054,-23.5195132650021));
#8279=CARTESIAN_POINT('',(28.7348511338574,68.8127577157589,-33.864311078198));
#8280=CARTESIAN_POINT('',(103.034844914229,74.1348351453459,-2.70343058312685));
#8281=CARTESIAN_POINT('',(77.7615168931852,71.0366697242043,-12.6202824646257));
#8282=CARTESIAN_POINT('',(52.4881888721418,67.9385043030627,-22.5371343461245));
#8283=CARTESIAN_POINT('',(27.2148608510983,64.8403388819211,-32.4539862276234));
#8284=CARTESIAN_POINT('',(103.286524341775,70.8482589228003,-2.71561040085532));
#8285=CARTESIAN_POINT('',(77.5457870859336,67.8449441427099,-12.3014865676001));
#8286=CARTESIAN_POINT('',(51.8050498300919,64.8416293626195,-21.8873627343449));
#8287=CARTESIAN_POINT('',(26.0643125742501,61.8383145825291,-31.4732389010898));
#8288=CARTESIAN_POINT('',(103.516417210148,67.5628481660031,-2.77771564330162));
#8289=CARTESIAN_POINT('',(77.3122137970182,64.6470250732906,-12.0412612238326));
#8290=CARTESIAN_POINT('',(51.1080103838881,61.731201980578,-21.3048068043636));
#8291=CARTESIAN_POINT('',(24.903806970758,58.8153788878654,-30.5683523848946));
#8292=CARTESIAN_POINT('',(103.795393308492,63.1932849288405,-2.8455872454551));
#8293=CARTESIAN_POINT('',(76.9761434374677,60.3784597648151,-11.7173752551034));
#8294=CARTESIAN_POINT('',(50.1568935664433,57.5636346007898,-20.5891632647516));
#8295=CARTESIAN_POINT('',(23.3376436954188,54.7488094367645,-29.4609512743999));
#8296=CARTESIAN_POINT('',(104.033551568358,58.8192876944027,-2.91837551408643));
#8297=CARTESIAN_POINT('',(76.607676136848,56.0972897972239,-11.4458180498772));
#8298=CARTESIAN_POINT('',(49.1818007053384,53.375291900045,-19.9732605856679));
#8299=CARTESIAN_POINT('',(21.7559252738288,50.6532940028661,-28.5007031214587));
#8300=CARTESIAN_POINT('',(104.231410114287,54.442664478322,-2.99700604688122));
#8301=CARTESIAN_POINT('',(76.2097049237769,51.8055243833768,-11.2253199356322));
#8302=CARTESIAN_POINT('',(48.1879997332671,49.1683842884316,-19.4536338243832));
#8303=CARTESIAN_POINT('',(20.1662945427572,46.5312441934864,-27.6819477131342));
#8304=CARTESIAN_POINT('',(104.359783697901,51.159336079348,-3.05913147798044));
#8305=CARTESIAN_POINT('',(75.8972831153167,48.5830886974125,-11.0782864684441));
#8306=CARTESIAN_POINT('',(47.4347825327327,46.006841315477,-19.0974414589077));
#8307=CARTESIAN_POINT('',(18.9722819501486,43.4305939335415,-27.1165964493714));
#8308=CARTESIAN_POINT('',(104.468266486818,47.8755986973685,-3.12464084000419));
#8309=CARTESIAN_POINT('',(75.5719109523786,45.3591282816541,-10.939930721848));
#8310=CARTESIAN_POINT('',(46.6755554179395,42.8426578659397,-18.7552206036919));
#8311=CARTESIAN_POINT('',(17.7791998835004,40.3261874502253,-26.5705104855357));
#8312=CARTESIAN_POINT('',(104.585721790595,43.4967840026902,-3.21573101141854));
#8313=CARTESIAN_POINT('',(75.120515628069,41.0591032939568,-10.7631483898341));
#8314=CARTESIAN_POINT('',(45.655309465543,38.6214225852234,-18.3105657682496));
#8315=CARTESIAN_POINT('',(16.190103303017,36.1837418764901,-25.8579831466651));
#8316=CARTESIAN_POINT('',(104.680311351641,38.0224198967095,-3.33517523106027));
#8317=CARTESIAN_POINT('',(74.5223144908826,35.6815902631573,-10.5555035885359));
#8318=CARTESIAN_POINT('',(44.3643176301242,33.3407606296052,-17.7758319460115));
#8319=CARTESIAN_POINT('',(14.2063207693657,30.9999309960531,-24.9961603034871));
#8320=CARTESIAN_POINT('',(104.701924711876,32.5471637670595,-3.45822369528369));
#8321=CARTESIAN_POINT('',(73.8763213437203,30.3002241089124,-10.3683210212912));
#8322=CARTESIAN_POINT('',(43.0507179755647,28.0532844507652,-17.2784183472988));
#8323=CARTESIAN_POINT('',(12.2251146074091,25.8063447926181,-24.1885156733063));
#8324=CARTESIAN_POINT('',(104.701880230629,28.167033013363,-3.5601500673113));
#8325=CARTESIAN_POINT('',(73.3485421711817,25.9933486314127,-10.2315731286737));
#8326=CARTESIAN_POINT('',(41.9952041117348,23.8196642494625,-16.9029961900361));
#8327=CARTESIAN_POINT('',(10.6418660522879,21.6459798675122,-23.5744192513985));
#8328=CARTESIAN_POINT('',(104.698588207569,21.5969021962309,-3.71588947726357));
#8329=CARTESIAN_POINT('',(72.5553237616339,19.5313085085592,-10.03894301084));
#8330=CARTESIAN_POINT('',(40.412059315699,17.4657148208876,-16.3619965444163));
#8331=CARTESIAN_POINT('',(8.2687948697641,15.4001211332159,-22.6850500779927));
#8332=CARTESIAN_POINT('',(104.699780636095,11.7419310735449,-3.95889924013132));
#8333=CARTESIAN_POINT('',(71.3719417800625,9.83198997930753,-9.79567947855952));
#8334=CARTESIAN_POINT('',(38.0441029240297,7.92204888507015,-15.6324597169877));
#8335=CARTESIAN_POINT('',(4.71626406799682,6.01210779083277,-21.4692399554159));
#8336=CARTESIAN_POINT('',(104.7,2.98222863625316,-4.18579813228517));
#8337=CARTESIAN_POINT('',(70.3233128984329,1.2022576149354,-9.64456218574152));
#8338=CARTESIAN_POINT('',(35.9466257968654,-0.577713406382362,-15.1033262391979));
#8339=CARTESIAN_POINT('',(1.56993869529786,-2.35768442770012,-20.5620902926542));
#8340=CARTESIAN_POINT('',(104.7,-1.39756762797617,-4.30127088071129));
#8341=CARTESIAN_POINT('',(69.8000000000003,-3.11444196219006,-9.58526675452004));
#8342=CARTESIAN_POINT('',(34.9000000000002,-4.83131629640396,-14.8692626283288));
#8343=CARTESIAN_POINT('',(0.,-6.54819063061785,-20.1532585021375));
#8344=CARTESIAN_POINT('',(24.8627526293554,47.0605243205783,-27.4140066509859));
#8345=CARTESIAN_POINT('',(27.1150076044411,52.8693486546154,-28.4200624993646));
#8346=CARTESIAN_POINT('',(29.3731609080261,58.5923976317545,-29.7094890016761));
#8347=CARTESIAN_POINT('',(33.6600050428521,69.8774866722578,-33.132494800291));
#8348=CARTESIAN_POINT('',(35.7454948779055,75.450511383083,-35.2767104402763));
#8349=CARTESIAN_POINT('',(39.7824680199526,86.2341864996554,-40.3957566875295));
#8350=CARTESIAN_POINT('',(41.7246045492562,91.4073274531297,-43.3345817581009));
#8351=CARTESIAN_POINT('',(44.4763010970023,98.8407968250695,-48.335777228627));
#8352=CARTESIAN_POINT('',(45.3666768603343,101.263086569732,-50.1034142293069));
#8353=CARTESIAN_POINT('',(47.1051340980937,105.997376342136,-53.8321320259807));
#8354=CARTESIAN_POINT('',(47.9553497426838,108.295458467752,-55.813514245742));
#8355=CARTESIAN_POINT('',(49.6408013826463,112.903818718586,-59.765489843793));
#8356=CARTESIAN_POINT('',(50.4332680165251,115.229288349363,-61.7334262981321));
#8357=CARTESIAN_POINT('',(52.0677938854727,120.007341962789,-65.4609760661495));
#8358=CARTESIAN_POINT('',(52.8733603506335,122.450005035298,-67.2517985325435));
#8359=CARTESIAN_POINT('',(55.242546069434,129.929292661584,-72.4251343185078));
#8360=CARTESIAN_POINT('',(56.7692089066827,135.124573310305,-75.5929351016895));
#8361=CARTESIAN_POINT('',(61.1974657730259,151.317457797224,-84.2795487470647));
#8362=CARTESIAN_POINT('',(63.8982397082277,162.698073939533,-88.9111539898315));
#8363=CARTESIAN_POINT('',(66.4765085633787,174.521807961291,-92.4574958882302));
#8364=CARTESIAN_POINT('',(89.37906748669,194.215013742112,-35.8716940936868));
#8365=CARTESIAN_POINT('',(89.3361062797498,187.161273851254,-37.8148740818173));
#8366=CARTESIAN_POINT('',(89.4134160303628,179.880709065244,-39.0412428583339));
#8367=CARTESIAN_POINT('',(89.8844809920892,165.422709171653,-39.4666891921003));
#8368=CARTESIAN_POINT('',(90.2762561333703,158.218726363822,-38.6727079107263));
#8369=CARTESIAN_POINT('',(91.4042419718438,144.189837210424,-34.6950331855928));
#8370=CARTESIAN_POINT('',(92.0998156629562,137.76732240742,-31.6562436777674));
#8371=CARTESIAN_POINT('',(93.3420117296236,128.915894168261,-25.7166731644904));
#8372=CARTESIAN_POINT('',(93.8282239168565,126.07958793169,-23.5461587926889));
#8373=CARTESIAN_POINT('',(94.8718492660848,120.179213467352,-19.6400101794699));
#8374=CARTESIAN_POINT('',(95.4472263146814,117.168380146718,-17.8115028750021));
#8375=CARTESIAN_POINT('',(97.1807938144163,107.922417365686,-12.7185291624341));
#8376=CARTESIAN_POINT('',(98.2200976344243,101.494590911293,-9.89652144653985));
#8377=CARTESIAN_POINT('',(99.9689290481234,87.9347550918537,-5.82758962906729));
#8378=CARTESIAN_POINT('',(100.655323244518,81.0271558109516,-4.66585720768057));
#8379=CARTESIAN_POINT('',(101.433199217957,70.5627130413524,-4.39817390382946));
#8380=CARTESIAN_POINT('',(101.642996754615,67.0578823141523,-4.47218563626944));
#8381=CARTESIAN_POINT('',(102.050254098446,60.0557716698411,-4.51148230884136));
#8382=CARTESIAN_POINT('',(102.20513768588,56.5490922781408,-4.54564704663206));
#8383=CARTESIAN_POINT('',(102.597325742899,46.0266397326604,-4.66565565662185));
#8384=CARTESIAN_POINT('',(102.715639456182,39.0091783596235,-4.77458106194381));
#8385=CARTESIAN_POINT('',(102.728511036526,31.9897253321431,-4.89398597143387));
#8386=CARTESIAN_POINT('',(104.7,-1.39756762797617,-4.30127088071129));
#8387=CARTESIAN_POINT('',(75.2918446225788,-2.93193641312335,-23.8380152257273));
#8388=CARTESIAN_POINT('',(35.1694414288253,-5.34442681630676,-23.3997353829583));
#8389=CARTESIAN_POINT('',(0.,-6.54819063061785,-20.1532585021375));
#8390=CARTESIAN_POINT('',(104.700113518115,2.9904770082652,-4.18614494477029));
#8391=CARTESIAN_POINT('',(75.8051342856142,1.37157744912113,-23.6092114101619));
#8392=CARTESIAN_POINT('',(36.2835334799701,-1.15459490521642,-23.4237641105617));
#8393=CARTESIAN_POINT('',(1.5671969131063,-2.3661552184959,-20.5662900282745));
#8394=CARTESIAN_POINT('',(104.696920609184,11.7665804995991,-3.95884506502234));
#8395=CARTESIAN_POINT('',(76.8418963869196,9.98004093596822,-23.180170551212));
#8396=CARTESIAN_POINT('',(38.5119138698044,7.17688485249173,-23.5965067880303));
#8397=CARTESIAN_POINT('',(4.70723439698571,5.98900158582247,-21.4626062866617));
#8398=CARTESIAN_POINT('',(104.697780913444,24.9312372440815,-3.63336279807475));
#8399=CARTESIAN_POINT('',(78.4447769666079,22.8357652804734,-22.6408891729901));
#8400=CARTESIAN_POINT('',(41.8811012622953,19.6975412588756,-24.0229611743174));
#8401=CARTESIAN_POINT('',(9.43520241313899,18.4822655791128,-23.0842427757924));
#8402=CARTESIAN_POINT('',(104.716463809324,35.9025848298249,-3.38052684974051));
#8403=CARTESIAN_POINT('',(79.8272029361064,33.6141271207515,-22.2947425952789));
#8404=CARTESIAN_POINT('',(44.7085564093894,30.1094337428033,-24.5518897686777));
#8405=CARTESIAN_POINT('',(13.387252233725,28.8592200935005,-24.6447838911587));
#8406=CARTESIAN_POINT('',(104.564327288057,44.6784517566614,-3.19015640414292));
#8407=CARTESIAN_POINT('',(80.8333234534873,42.3566189686377,-22.0637547074847));
#8408=CARTESIAN_POINT('',(46.9231065581887,38.4434229806755,-25.0393463257401));
#8409=CARTESIAN_POINT('',(16.5555394907111,37.139339207992,-26.0114334499965));
#8410=CARTESIAN_POINT('',(104.365876178015,51.258562746618,-3.05541632040998));
#8411=CARTESIAN_POINT('',(81.5341149875292,48.8758147399321,-21.8986825302686));
#8412=CARTESIAN_POINT('',(48.5574185499164,44.737846651502,-25.4461208944248));
#8413=CARTESIAN_POINT('',(18.9358790734695,43.3388669774214,-27.0888859566724));
#8414=CARTESIAN_POINT('',(104.08771569974,57.836052591707,-2.93526030693473));
#8415=CARTESIAN_POINT('',(82.1948106168574,55.3736210249403,-21.766208744926));
#8416=CARTESIAN_POINT('',(50.1799168675202,50.8300259465287,-25.9100507180688));
#8417=CARTESIAN_POINT('',(21.3198685701534,49.5241674031632,-28.2418795339284));
#8418=CARTESIAN_POINT('',(103.78851902801,63.3142763137303,-2.84812559279889));
#8419=CARTESIAN_POINT('',(82.7182950976688,60.7869406359932,-21.7278150944224));
#8420=CARTESIAN_POINT('',(51.5150311407023,55.8009795063832,-26.4172812409639));
#8421=CARTESIAN_POINT('',(23.2944153558539,54.636128678107,-29.4318415575857));
#8422=CARTESIAN_POINT('',(103.507720201749,67.6939980728547,-2.76759796343832));
#8423=CARTESIAN_POINT('',(83.1240401546827,65.1316790648638,-21.7392176076332));
#8424=CARTESIAN_POINT('',(52.5671727638636,59.768200100942,-26.9319969180655));
#8425=CARTESIAN_POINT('',(24.8564170670519,58.694073583783,-30.5332417155578));
#8426=CARTESIAN_POINT('',(103.277127530782,70.9776892669216,-2.71636646496549));
#8427=CARTESIAN_POINT('',(83.4229103745255,68.3408196667128,-21.7749341645147));
#8428=CARTESIAN_POINT('',(53.3454224735258,62.7340920038199,-27.3603643567147));
#8429=CARTESIAN_POINT('',(26.0185069287692,61.7195356269636,-31.4350386262759));
#8430=CARTESIAN_POINT('',(103.024689499791,74.2610238524485,-2.70779385709861));
#8431=CARTESIAN_POINT('',(83.731118150199,71.373146183059,-21.8630710141155));
#8432=CARTESIAN_POINT('',(54.1104725906838,65.6900529835476,-27.8532327439362));
#8433=CARTESIAN_POINT('',(27.1705918058053,64.7248164551308,-32.4136138519489));
#8434=CARTESIAN_POINT('',(102.656857833877,78.6333836167799,-2.83847257225451));
#8435=CARTESIAN_POINT('',(84.1256910120012,75.2175807095073,-22.087780130154));
#8436=CARTESIAN_POINT('',(55.1048958056931,69.6186968408779,-28.6185342364432));
#8437=CARTESIAN_POINT('',(28.6925735782781,68.7020365007533,-33.8221272697405));
#8438=CARTESIAN_POINT('',(102.13522201744,84.0722979315338,-3.38940174544118));
#8439=CARTESIAN_POINT('',(84.5331272109916,80.0365822311647,-22.6725848892824));
#8440=CARTESIAN_POINT('',(56.2870059286762,74.5069923883098,-29.8130031142302));
#8441=CARTESIAN_POINT('',(30.5670705171656,73.6121856255634,-35.7798724429465));
#8442=CARTESIAN_POINT('',(101.412009005688,90.5127213713869,-4.59005789415353));
#8443=CARTESIAN_POINT('',(84.8731727135576,85.8910743583557,-23.8208180628016));
#8444=CARTESIAN_POINT('',(57.6177319645644,80.2991246744325,-31.6367811595604));
#8445=CARTESIAN_POINT('',(32.7665127126409,79.3883564744769,-38.4428916531893));
#8446=CARTESIAN_POINT('',(100.592736362849,96.8281276038915,-6.27729580315021));
#8447=CARTESIAN_POINT('',(85.0906447574378,91.7225361917922,-25.3994610407131));
#8448=CARTESIAN_POINT('',(58.8594367772223,85.9963403158146,-33.8267715699339));
#8449=CARTESIAN_POINT('',(34.9108150884623,85.030712613222,-41.4179954266766));
#8450=CARTESIAN_POINT('',(99.6850229854541,102.995826091452,-8.41032356282122));
#8451=CARTESIAN_POINT('',(85.1896872152619,97.4809263880153,-27.3774795840083));
#8452=CARTESIAN_POINT('',(60.0106709083976,91.5865696432829,-36.3627108650381));
#8453=CARTESIAN_POINT('',(36.9951288503322,90.5222193295865,-44.7014836392034));
#8454=CARTESIAN_POINT('',(98.6960031858766,108.995135970827,-10.9454902675724));
#8455=CARTESIAN_POINT('',(85.1842953813017,103.184012581715,-29.7481820574017));
#8456=CARTESIAN_POINT('',(61.0735675971564,97.0481187699154,-39.2358975070419));
#8457=CARTESIAN_POINT('',(39.0146052039529,95.8458419113582,-48.2896561665647));
#8458=CARTESIAN_POINT('',(97.6056339576652,114.8160997191,-13.8296318777162));
#8459=CARTESIAN_POINT('',(85.0637832408865,108.784277060941,-32.4676265556877));
#8460=CARTESIAN_POINT('',(62.0480253146388,102.35345967201,-42.4378806179544));
#8461=CARTESIAN_POINT('',(40.9649015857153,100.982958539297,-52.1756845168071));
#8462=CARTESIAN_POINT('',(96.663709835589,119.520062466847,-16.4962337801033));
#8463=CARTESIAN_POINT('',(84.9419129050032,113.231717161948,-34.9947964431942));
#8464=CARTESIAN_POINT('',(62.7924446792706,106.638737756568,-45.3516487469941));
#8465=CARTESIAN_POINT('',(42.5288797909607,105.092949251685,-55.6565642511152));
#8466=CARTESIAN_POINT('',(95.9597426181231,123.214001814471,-18.7615716478203));
#8467=CARTESIAN_POINT('',(84.8860289496738,116.67662487663,-37.1568543381244));
#8468=CARTESIAN_POINT('',(63.3914719664215,110.025406659822,-47.8552257954303));
#8469=CARTESIAN_POINT('',(43.7441536728123,108.282996343741,-58.5655297989827));
#8470=CARTESIAN_POINT('',(95.4564059207289,125.943923077823,-20.5317644952378));
#8471=CARTESIAN_POINT('',(84.8353601009095,119.23034960155,-38.8302592825937));
#8472=CARTESIAN_POINT('',(63.8590969524103,112.603193879427,-49.8262993999474));
#8473=CARTESIAN_POINT('',(44.6438288565431,110.661180685265,-60.7680978710414));
#8474=CARTESIAN_POINT('',(94.9775606146479,128.627393271731,-22.3783080630113));
#8475=CARTESIAN_POINT('',(84.7874604278823,121.769190245349,-40.5548530029721));
#8476=CARTESIAN_POINT('',(64.3447557491109,115.233068813471,-51.8513169232773));
#8477=CARTESIAN_POINT('',(45.5396915919327,113.068897025233,-62.9398304874343));
#8478=CARTESIAN_POINT('',(94.5217544144641,131.284140556404,-24.2684361385468));
#8479=CARTESIAN_POINT('',(84.7671627573168,124.416933915397,-42.3568657802003));
#8480=CARTESIAN_POINT('',(64.8286584209406,117.877890342508,-53.8608156484156));
#8481=CARTESIAN_POINT('',(46.4335570285409,115.517820215917,-65.0657552179942));
#8482=CARTESIAN_POINT('',(94.0830122967625,133.989702651276,-26.0933747187499));
#8483=CARTESIAN_POINT('',(84.8199672763473,127.260608179313,-44.1886307887488));
#8484=CARTESIAN_POINT('',(65.3120195701588,120.562955054358,-55.8065951304786));
#8485=CARTESIAN_POINT('',(47.3254466501252,118.010363895036,-67.1412920303251));
#8486=CARTESIAN_POINT('',(93.2364484333066,139.584659755686,-29.4635869776481));
#8487=CARTESIAN_POINT('',(84.9495813492963,133.089826418811,-47.6138872772508));
#8488=CARTESIAN_POINT('',(66.2997006045331,126.030402903108,-59.5425777443088));
#8489=CARTESIAN_POINT('',(49.1035800740974,123.076751018296,-71.1956112217504));
#8490=CARTESIAN_POINT('',(92.0970475966519,148.574952031456,-33.5129720320025));
#8491=CARTESIAN_POINT('',(85.2315447630771,142.201862280133,-51.869316130521));
#8492=CARTESIAN_POINT('',(67.8349538994909,134.585976997711,-64.5658514657496));
#8493=CARTESIAN_POINT('',(51.7432551787626,130.958926277596,-76.9293411463308));
#8494=CARTESIAN_POINT('',(90.9436234385016,161.45340636578,-36.3580940863322));
#8495=CARTESIAN_POINT('',(85.782063781331,154.880485550033,-55.4169402478994));
#8496=CARTESIAN_POINT('',(70.0146288649634,146.593673659156,-69.8681795454767));
#8497=CARTESIAN_POINT('',(55.1781632293823,142.04399198348,-83.7565737002537));
#8498=CARTESIAN_POINT('',(90.1824378383829,174.655128407836,-36.6229650466827));
#8499=CARTESIAN_POINT('',(86.4788359056546,167.694628458588,-56.8991513727284));
#8500=CARTESIAN_POINT('',(72.3033535750797,158.973982580258,-73.7628574296789));
#8501=CARTESIAN_POINT('',(58.5025590851565,153.639489521225,-89.7387789375627));
#8502=CARTESIAN_POINT('',(89.8433788001182,185.536056424783,-35.0050505675746));
#8503=CARTESIAN_POINT('',(87.1948498684101,178.266201900476,-56.7051693301042));
#8504=CARTESIAN_POINT('',(74.2513631380812,169.450697574599,-75.9301508440336));
#8505=CARTESIAN_POINT('',(61.160632284988,163.672732154076,-94.0000916879338));
#8506=CARTESIAN_POINT('',(89.7346042743447,192.981066398695,-33.1021349000848));
#8507=CARTESIAN_POINT('',(87.771586120752,185.553379273323,-55.9709725896087));
#8508=CARTESIAN_POINT('',(75.6151611527569,176.819913151651,-76.949646450545));
#8509=CARTESIAN_POINT('',(62.9539349314482,170.858121015946,-96.6035537235277));
#8510=CARTESIAN_POINT('',(89.7043400376711,197.181697171973,-31.8263951262071));
#8511=CARTESIAN_POINT('',(88.1227483481617,189.68376245337,-55.4027165163017));
#8512=CARTESIAN_POINT('',(76.3902887750313,181.036544295475,-77.4005669179827));
#8513=CARTESIAN_POINT('',(63.958635221971,175.005624506606,-97.9844751871745));
#8514=CARTESIAN_POINT('',(89.7012198722034,199.25923438099,-31.118150214173));
#8515=CARTESIAN_POINT('',(88.2999817290009,191.732628689714,-55.0613167145773));
#8516=CARTESIAN_POINT('',(76.7758788009352,183.150918785984,-77.5774924764386));
#8517=CARTESIAN_POINT('',(64.4529876675292,177.094464835432,-98.6338209166234));
#8518=CARTESIAN_POINT('',(89.7000000000003,200.297243951182,-30.7620652498305));
#8519=CARTESIAN_POINT('',(88.4076356426226,192.763397577774,-54.8930999601961));
#8520=CARTESIAN_POINT('',(76.9731230191069,184.184270600096,-77.6606643799758));
#8521=CARTESIAN_POINT('',(64.7000000000004,178.139146061084,-98.9576783413016));
#8522=CARTESIAN_POINT('',(66.6613709514001,175.370794272509,-92.7094965857176));
#8523=CARTESIAN_POINT('',(63.7255493921754,174.428126211888,-98.0356817589842));
#8524=CARTESIAN_POINT('',(65.7733547322899,175.664731795026,-92.3653008440193));
#8525=CARTESIAN_POINT('',(64.0676312511722,163.443982218389,-89.2080377137252));
#8526=CARTESIAN_POINT('',(60.8864230075335,162.711510184239,-94.2332869381517));
#8527=CARTESIAN_POINT('',(63.212912471518,163.780284941803,-88.8146708906971));
#8528=CARTESIAN_POINT('',(61.3423118648034,151.881727747268,-84.5491891212887));
#8529=CARTESIAN_POINT('',(57.7672078292355,151.068464861623,-89.0645266560785));
#8530=CARTESIAN_POINT('',(60.5430116592,152.277134535708,-84.0915064996184));
#8531=CARTESIAN_POINT('',(56.8387720456261,135.36244688297,-75.7363023126739));
#8532=CARTESIAN_POINT('',(52.726907952386,134.49038196282,-79.3660854799672));
#8533=CARTESIAN_POINT('',(56.15101594004,135.861434255925,-75.2138208040952));
#8534=CARTESIAN_POINT('',(55.2844270658712,130.063529101844,-72.5157796897017));
#8535=CARTESIAN_POINT('',(51.0355066559989,129.239644497394,-75.9002024318741));
#8536=CARTESIAN_POINT('',(54.6369105014507,130.598658531198,-71.9784162819431));
#8537=CARTESIAN_POINT('',(52.8707867383548,122.440880775023,-67.2465770588678));
#8538=CARTESIAN_POINT('',(48.4676048284545,121.685442163192,-70.2807594707481));
#8539=CARTESIAN_POINT('',(52.2802047393194,123.026725047348,-66.6987128092137));
#8540=CARTESIAN_POINT('',(52.0495636588676,119.952267144171,-65.4213644807668));
#8541=CARTESIAN_POINT('',(47.6121371534414,119.245472669437,-68.3675243796413));
#8542=CARTESIAN_POINT('',(51.4774336120228,120.554668189175,-64.8720366176838));
#8543=CARTESIAN_POINT('',(50.8001352079041,116.302664311758,-62.5690278820123));
#8544=CARTESIAN_POINT('',(46.3119583374305,115.618924977686,-65.3489875281478));
#8545=CARTESIAN_POINT('',(50.2544364521279,116.929205493011,-62.0203419423708));
#8546=CARTESIAN_POINT('',(50.3845976682307,115.101217870327,-61.5957417647374));
#8547=CARTESIAN_POINT('',(45.8778837804768,114.417369802009,-64.3166616364923));
#8548=CARTESIAN_POINT('',(49.8474791657744,115.735552004048,-61.0476117375032));
#8549=CARTESIAN_POINT('',(49.5588106770038,112.724180428525,-59.6122932294557));
#8550=CARTESIAN_POINT('',(45.0193839900653,112.065078557545,-62.2337185990507));
#8551=CARTESIAN_POINT('',(49.0386734026847,113.371821390301,-59.0634242269669));
#8552=CARTESIAN_POINT('',(49.1463168613723,111.547943089904,-58.6030166145353));
#8553=CARTESIAN_POINT('',(44.6018835512573,110.941199856633,-61.2076920313186));
#8554=CARTESIAN_POINT('',(48.6351442911224,112.202434787697,-58.0539053751319));
#8555=CARTESIAN_POINT('',(48.2864972331422,109.205575759328,-56.5936564392506));
#8556=CARTESIAN_POINT('',(43.7363549863611,108.696713904838,-59.146161218008));
#8557=CARTESIAN_POINT('',(47.7918982395924,109.867187809595,-56.0380340279071));
#8558=CARTESIAN_POINT('',(47.8529974737771,108.0395795545,-55.588317869009));
#8559=CARTESIAN_POINT('',(43.2940770230099,107.557663998798,-58.0917174235563));
#8560=CARTESIAN_POINT('',(47.3654136681523,108.700256850189,-55.0254423579884));
#8561=CARTESIAN_POINT('',(46.9909568795447,105.688274232902,-53.6129654041518));
#8562=CARTESIAN_POINT('',(42.4409313441022,105.319619552555,-56.0642631936415));
#8563=CARTESIAN_POINT('',(46.5157562420715,106.341418331441,-53.031155934648));
#8564=CARTESIAN_POINT('',(46.5557752385892,104.501077171982,-52.648024045067));
#8565=CARTESIAN_POINT('',(42.0181925433179,104.202975438113,-55.0813633408121));
#8566=CARTESIAN_POINT('',(46.0862707834317,105.148462674907,-52.0552993806585));
#8567=CARTESIAN_POINT('',(45.231760018034,100.896282408441,-49.8284651763238));
#8568=CARTESIAN_POINT('',(40.7339452647931,100.805491591633,-52.2021858440648));
#8569=CARTESIAN_POINT('',(44.7798723174392,101.526589447275,-49.2042521148854));
#8570=CARTESIAN_POINT('',(44.327552735022,98.4368452815133,-48.0489557738528));
#8571=CARTESIAN_POINT('',(39.8558239287136,98.4734476277416,-50.3680582519792));
#8572=CARTESIAN_POINT('',(43.8872149518652,99.0535759474572,-47.4033877971479));
#8573=CARTESIAN_POINT('',(41.5306087730737,90.8881192419386,-43.0197090703162));
#8574=CARTESIAN_POINT('',(37.1695585629549,91.3553327462816,-45.2100345006443));
#8575=CARTESIAN_POINT('',(41.1254543519415,91.4612077362452,-42.3124831112045));
#8576=CARTESIAN_POINT('',(39.5573503668514,85.6332067196892,-40.0708199741197));
#8577=CARTESIAN_POINT('',(35.240998691098,86.2894610336937,-42.0855013800097));
#8578=CARTESIAN_POINT('',(39.1760516984791,86.1721353033641,-39.3243972894125));
#8579=CARTESIAN_POINT('',(36.4806978027079,77.4141911357214,-36.2326931549043));
#8580=CARTESIAN_POINT('',(32.1965223342092,78.2736594937891,-37.9583215003413));
#8581=CARTESIAN_POINT('',(36.1383700022024,77.8925278560371,-35.4303704319968));
#8582=CARTESIAN_POINT('',(35.4365383016604,74.6231787023129,-35.056477101157));
#8583=CARTESIAN_POINT('',(31.1737895228819,75.5693703754076,-36.6891773976876));
#8584=CARTESIAN_POINT('',(35.1077661569456,75.0798657464144,-34.2361284543777));
#8585=CARTESIAN_POINT('',(33.3305947237479,69.0268986809448,-32.9436432060265));
#8586=CARTESIAN_POINT('',(29.1108328180272,70.1272030825112,-34.3796187598723));
#8587=CARTESIAN_POINT('',(33.0302925448321,69.4382586070602,-32.0893147374866));
#8588=CARTESIAN_POINT('',(32.268481111038,66.2090120891441,-32.0009107556393));
#8589=CARTESIAN_POINT('',(28.0642120245875,67.3783013020502,-33.3305230547479));
#8590=CARTESIAN_POINT('',(31.9833347779057,66.5962027410889,-31.1303380913836));
#8591=CARTESIAN_POINT('',(30.1107039582103,60.5411258153084,-30.3262070708205));
#8592=CARTESIAN_POINT('',(25.9561768738023,61.8410785826455,-31.4441840432422));
#8593=CARTESIAN_POINT('',(29.8564925822302,60.8811930398142,-29.4270432713999));
#8594=CARTESIAN_POINT('',(29.0155337585956,57.6913809178003,-29.5910222681499));
#8595=CARTESIAN_POINT('',(24.8939874777364,59.0481220335746,-30.6028740110929));
#8596=CARTESIAN_POINT('',(28.7764825804806,58.0088704281708,-28.6797485282915));
#8597=CARTESIAN_POINT('',(26.7837790954014,51.9699016005743,-28.3031528642595));
#8598=CARTESIAN_POINT('',(22.7327179147627,53.4144788333583,-29.1163138972408));
#8599=CARTESIAN_POINT('',(26.5721515761027,52.242250789393,-27.3709735609326));
#8600=CARTESIAN_POINT('',(25.6486685971935,49.0966425649314,-27.7577759507652));
#8601=CARTESIAN_POINT('',(21.6128845183067,50.5471876063906,-28.4680285406278));
#8602=CARTESIAN_POINT('',(25.449846369033,49.3448489913898,-26.8163945545387));
#8603=CARTESIAN_POINT('',(24.53002828817,46.2007419479906,-27.2666910238975));
#8604=CARTESIAN_POINT('',(20.4979444219889,47.6384557908276,-27.8978930199717));
#8605=CARTESIAN_POINT('',(24.3423679141997,46.4335410339086,-26.3193728906266));
#8606=CARTESIAN_POINT('',(102.729904654196,30.9341972794631,-4.91209141684754));
#8607=CARTESIAN_POINT('',(104.802424295305,30.9135173038606,-3.47311860629346));
#8608=CARTESIAN_POINT('',(102.337716155297,30.9185089365415,-4.01311577468415));
#8609=CARTESIAN_POINT('',(102.723985580584,38.0571269822465,-4.78887842598587));
#8610=CARTESIAN_POINT('',(104.797046308667,38.1207173335469,-3.30442698579202));
#8611=CARTESIAN_POINT('',(102.317290312574,38.0402187721965,-3.89584623115755));
#8612=CARTESIAN_POINT('',(102.61960547737,45.182575875302,-4.67751509220569));
#8613=CARTESIAN_POINT('',(104.687892611994,45.2833585635856,-3.14328198356496));
#8614=CARTESIAN_POINT('',(102.196698163959,45.1599394119619,-3.79162418363436));
#8615=CARTESIAN_POINT('',(102.234447446333,55.8677292846083,-4.5524665706052));
#8616=CARTESIAN_POINT('',(104.2875287661,55.959020801385,-2.93307272454436));
#8617=CARTESIAN_POINT('',(101.782905467753,55.8401478938343,-3.68055791666559));
#8618=CARTESIAN_POINT('',(102.080402374112,59.4290865721691,-4.51687852029802));
#8619=CARTESIAN_POINT('',(104.125142354215,59.5352364538094,-2.86571689887058));
#8620=CARTESIAN_POINT('',(101.618213705067,59.4001755371191,-3.6503530793939));
#8621=CARTESIAN_POINT('',(101.778856252753,64.7640141005434,-4.48433082290804));
#8622=CARTESIAN_POINT('',(103.808272142801,64.8915284678232,-2.77732679591828));
#8623=CARTESIAN_POINT('',(101.298344167809,64.7308823909393,-3.62770677220645));
#8624=CARTESIAN_POINT('',(101.661619696361,66.5407354986515,-4.47858009841748));
#8625=CARTESIAN_POINT('',(103.685680456324,66.6601579221841,-2.75221895972273));
#8626=CARTESIAN_POINT('',(101.174799808824,66.5045025758526,-3.62552336083004));
#8627=CARTESIAN_POINT('',(101.446279787274,70.0940802152962,-4.45076473097825));
#8628=CARTESIAN_POINT('',(103.452681912871,70.2119537081222,-2.68382424644251));
#8629=CARTESIAN_POINT('',(100.945137724159,70.0579556530537,-3.60584667635181));
#8630=CARTESIAN_POINT('',(101.333919977378,71.8687727563387,-4.43999712953915));
#8631=CARTESIAN_POINT('',(103.327896027539,72.0231771741656,-2.65039209077604));
#8632=CARTESIAN_POINT('',(100.824619170449,71.8376916427062,-3.5995651574363));
#8633=CARTESIAN_POINT('',(100.94592490594,77.1675799548092,-4.5529805286887));
#8634=CARTESIAN_POINT('',(102.897515541387,77.4595469403928,-2.69782242009973));
#8635=CARTESIAN_POINT('',(100.410175861071,77.1707257418604,-3.72782298390612));
#8636=CARTESIAN_POINT('',(100.644588807648,80.6699027809998,-4.85651949734348));
#8637=CARTESIAN_POINT('',(102.563114366286,81.0848280850604,-2.96940024783905));
#8638=CARTESIAN_POINT('',(100.089979692604,80.7146567345737,-4.04473418481648));
#8639=CARTESIAN_POINT('',(99.9526163500424,87.6389670671156,-5.98326994797769));
#8640=CARTESIAN_POINT('',(101.810699864564,88.2706252667126,-4.04841579283676));
#8641=CARTESIAN_POINT('',(99.3651276054285,87.7395469667831,-5.19965686443423));
#8642=CARTESIAN_POINT('',(99.5576173694426,91.110605271044,-6.7883410069251));
#8643=CARTESIAN_POINT('',(101.385552246702,91.8496892683783,-4.84094346722074));
#8644=CARTESIAN_POINT('',(98.9547771958179,91.2349219723419,-6.01991290805682));
#8645=CARTESIAN_POINT('',(98.2338988528516,101.41325419106,-9.85714373784525));
#8646=CARTESIAN_POINT('',(99.9611422229966,102.531061812299,-7.90027692185612));
#8647=CARTESIAN_POINT('',(97.5864817339765,101.600004266145,-9.13658935138461));
#8648=CARTESIAN_POINT('',(97.1807851078254,107.927306539295,-12.7147400118959));
#8649=CARTESIAN_POINT('',(98.8386220680839,109.254314417358,-10.7901088513273));
#8650=CARTESIAN_POINT('',(96.5069513377425,108.137089061055,-12.0256942056998));
#8651=CARTESIAN_POINT('',(95.424238619647,117.28851522777,-17.8809823704864));
#8652=CARTESIAN_POINT('',(96.9928951274133,118.793857354316,-15.9146641526006));
#8653=CARTESIAN_POINT('',(94.7092161203785,117.527656457553,-17.2454921791233));
#8654=CARTESIAN_POINT('',(94.8434962099418,120.333720551907,-19.7348129994336));
#8655=CARTESIAN_POINT('',(96.3821950967447,121.885964264814,-17.7517016459127));
#8656=CARTESIAN_POINT('',(94.1142138511481,120.58510848259,-19.120155916937));
#8657=CARTESIAN_POINT('',(94.0537194489963,124.80787412588,-22.7083675722749));
#8658=CARTESIAN_POINT('',(95.5471190157191,126.446455624109,-20.7155482175594));
#8659=CARTESIAN_POINT('',(93.305381305398,125.077966682066,-22.1253898239865));
#8660=CARTESIAN_POINT('',(93.8005016880011,126.279537192126,-23.737219559572));
#8661=CARTESIAN_POINT('',(95.2793558384962,127.953992681926,-21.7494668156363));
#8662=CARTESIAN_POINT('',(93.046410992265,126.556839440881,-23.1650601571017));
#8663=CARTESIAN_POINT('',(93.3183778337337,129.206058395227,-25.8395348807087));
#8664=CARTESIAN_POINT('',(94.770280569931,130.915091303228,-23.8299101597826));
#8665=CARTESIAN_POINT('',(92.5530897838528,129.488709698795,-25.2848064467577));
#8666=CARTESIAN_POINT('',(93.0936077315008,130.670011600364,-26.9036372312115));
#8667=CARTESIAN_POINT('',(94.5353215522425,132.349691067068,-24.8345359364325));
#8668=CARTESIAN_POINT('',(92.3221726016069,130.943428237572,-26.3523636210955));
#8669=CARTESIAN_POINT('',(92.0497779696155,138.196738911591,-31.899179754674));
#8670=CARTESIAN_POINT('',(93.3746494748062,139.6983623436,-29.5522746009243));
#8671=CARTESIAN_POINT('',(91.2452377858775,138.390494670809,-31.3567672253688));
#8672=CARTESIAN_POINT('',(91.345621602965,144.762407440671,-34.940529815575));
#8673=CARTESIAN_POINT('',(92.5629986198979,146.000607923732,-32.3418018441014));
#8674=CARTESIAN_POINT('',(90.516074682922,144.883863367343,-34.4151990278558));
#8675=CARTESIAN_POINT('',(90.2184666917482,159.110830372017,-38.8335325903552));
#8676=CARTESIAN_POINT('',(91.2213413228885,159.72292657219,-35.8846309603478));
#8677=CARTESIAN_POINT('',(89.3441846997953,159.125037633454,-38.3695212825154));
#8678=CARTESIAN_POINT('',(89.8376224438582,166.404698776627,-39.5325412456259));
#8679=CARTESIAN_POINT('',(90.7382532179393,166.687685701656,-36.4526184384537));
#8680=CARTESIAN_POINT('',(88.9445265743839,166.381810848831,-39.1077779249793));
#8681=CARTESIAN_POINT('',(89.502589617645,177.42740009888,-39.0545250428406));
#8682=CARTESIAN_POINT('',(90.230541201592,177.191057088934,-35.8913248241407));
#8683=CARTESIAN_POINT('',(88.5842492739988,177.373105728778,-38.6922935272185));
#8684=CARTESIAN_POINT('',(89.4304978477391,181.139993433452,-38.6342671234733));
#8685=CARTESIAN_POINT('',(90.0971526175393,180.753967171816,-35.4522464475506));
#8686=CARTESIAN_POINT('',(88.5042488504687,181.07908963363,-38.2936634757101));
#8687=CARTESIAN_POINT('',(89.3594103146404,188.396182146858,-37.371464883461));
#8688=CARTESIAN_POINT('',(89.8999133043441,187.739462659918,-34.1763741128652));
#8689=CARTESIAN_POINT('',(88.4189638712843,188.328436385644,-37.0729954453944));
#8690=CARTESIAN_POINT('',(89.3598713295908,191.962074879545,-36.5287312316516));
#8691=CARTESIAN_POINT('',(89.8347337158813,191.178435425456,-33.3389127305413));
#8692=CARTESIAN_POINT('',(88.4130645638897,191.894063691067,-36.2510249136028));
#8693=CARTESIAN_POINT('',(89.3879668430929,195.478179068265,-35.5157146621026));
#8694=CARTESIAN_POINT('',(89.7993292168996,194.568075522288,-32.3358959034484));
#8695=CARTESIAN_POINT('',(88.4355880380697,195.411865242302,-35.2577076205914));
#8696=CARTESIAN_POINT('',(66.4765085633786,195.53626107672,27.7816594921359));
#8697=CARTESIAN_POINT('',(72.0952921441815,194.234115558683,36.9465787456724));
#8698=CARTESIAN_POINT('',(77.0216329051803,192.226069354774,46.4424783978976));
#8699=CARTESIAN_POINT('',(85.0070579916966,186.501872712437,65.7633409589225));
#8700=CARTESIAN_POINT('',(88.0776692044405,182.843026559041,75.4339935607334));
#8701=CARTESIAN_POINT('',(89.37906748669,178.208099443149,85.1359107125817));
#8702=CARTESIAN_POINT('',(66.4765085633786,195.536261076719,27.7816594921359));
#8703=CARTESIAN_POINT('',(89.37906748669,178.208099443149,85.1359107125817));
#8704=CARTESIAN_POINT('',(66.4765085633786,195.536261076719,27.7816594921359));
#8705=CARTESIAN_POINT('',(66.4451420949997,195.543530213469,27.730496968108));
#8706=CARTESIAN_POINT('',(66.4043840411918,195.550112703853,27.6840187551625));
#8707=CARTESIAN_POINT('',(66.3576788625449,195.555484950278,27.646017902429));
#8708=CARTESIAN_POINT('',(66.3109734730121,195.560857220961,27.6080168781119));
#8709=CARTESIAN_POINT('',(66.2570043729599,195.565170240134,27.5774294639502));
#8710=CARTESIAN_POINT('',(66.2001938041753,195.568053098373,27.5569702128496));
#8711=CARTESIAN_POINT('',(66.1436140997911,195.570924241374,27.5365941031932));
#8712=CARTESIAN_POINT('',(66.0825748791236,195.572455445779,27.5257092717533));
#8713=CARTESIAN_POINT('',(66.0223694972393,195.572464528665,27.5256447369371));
#8714=CARTESIAN_POINT('',(65.9638689542816,195.572473354351,27.5255820295566));
#8715=CARTESIAN_POINT('',(65.9044471384127,195.571040343616,27.535769152045));
#8716=CARTESIAN_POINT('',(65.8495068214607,195.56823639817,27.5556693279137));
#8717=CARTESIAN_POINT('',(65.7967350343419,195.565543126264,27.5747840309739));
#8718=CARTESIAN_POINT('',(65.7465834248019,195.56150470979,27.6034270375121));
#8719=CARTESIAN_POINT('',(65.7035844161268,195.55644229239,27.6392452491563));
#8720=CARTESIAN_POINT('',(65.6619560299487,195.551541242971,27.6739217310677));
#8721=CARTESIAN_POINT('',(65.6258648366988,195.545543846753,27.7162855197003));
#8722=CARTESIAN_POINT('',(65.5983317801215,195.538948494899,27.7627380045467));
#8723=CARTESIAN_POINT('',(65.5710755010472,195.532419443168,27.8087235233398));
#8724=CARTESIAN_POINT('',(65.5514503665643,195.525129520843,27.8599445996281));
#8725=CARTESIAN_POINT('',(65.5408218875882,195.517668228969,27.9122089829344));
#8726=CARTESIAN_POINT('',(65.5300333211149,195.510094554171,27.9652605790054));
#8727=CARTESIAN_POINT('',(65.5282025775875,195.502145360453,28.0207797783646));
#8728=CARTESIAN_POINT('',(65.5351522716109,195.494437879542,28.0744502735474));
#8729=CARTESIAN_POINT('',(65.5409037180666,195.488059301777,28.1188670461789));
#8730=CARTESIAN_POINT('',(65.5527135188145,195.481722983811,28.162878630216));
#8731=CARTESIAN_POINT('',(65.5698352981655,195.475743048407,28.2043237762051));
#8732=CARTESIAN_POINT('',(65.5698352981699,195.475743048406,28.2043237762156));
#8733=CARTESIAN_POINT('',(88.4292750314989,178.077273202635,85.4092194596937));
#8734=CARTESIAN_POINT('',(84.3302437364736,182.357572940088,76.4848420850092));
#8735=CARTESIAN_POINT('',(80.6835247823549,186.03281509518,67.0746181760796));
#8736=CARTESIAN_POINT('',(73.3287165279544,191.879620024825,47.8479269648434));
#8737=CARTESIAN_POINT('',(69.6208375957024,194.06089406788,38.0102194241321));
#8738=CARTESIAN_POINT('',(65.5698352981699,195.475743048406,28.2043237762156));
#8739=CARTESIAN_POINT('',(88.4292750314989,178.077273202635,85.4092194596936));
#8740=CARTESIAN_POINT('',(88.4292750314989,178.077273202635,85.4092194596936));
#8741=CARTESIAN_POINT('',(88.4528546788243,178.05265080993,85.4605568747921));
#8742=CARTESIAN_POINT('',(88.4859591326736,178.029292033323,85.5092001650892));
#8743=CARTESIAN_POINT('',(88.5267394301627,178.009278135547,85.5508439330748));
#8744=CARTESIAN_POINT('',(88.5676492875,177.989200653205,85.5926200041722));
#8745=CARTESIAN_POINT('',(88.6176270748322,177.971926208825,85.6285250013099));
#8746=CARTESIAN_POINT('',(88.6724867354445,177.95956499633,85.6542072890593));
#8747=CARTESIAN_POINT('',(88.7229163051426,177.948201990796,85.6778156509341));
#8748=CARTESIAN_POINT('',(88.7790612846627,177.940671466698,85.6934506049165));
#8749=CARTESIAN_POINT('',(88.8355503765977,177.937975691755,85.6990478752261));
#8750=CARTESIAN_POINT('',(88.887220468965,177.935509889323,85.7041676508145));
#8751=CARTESIAN_POINT('',(88.9406475813833,177.937009083619,85.7010556957784));
#8752=CARTESIAN_POINT('',(88.9911757494637,177.942305097631,85.690058096268));
#8753=CARTESIAN_POINT('',(89.0403323193597,177.947457350182,85.6793590290038));
#8754=CARTESIAN_POINT('',(89.0880462696765,177.956312165598,85.6609694354142));
#8755=CARTESIAN_POINT('',(89.1308620303374,177.967980815523,85.6367199537997));
#8756=CARTESIAN_POINT('',(89.1753200313595,177.980097027925,85.611540359609));
#8757=CARTESIAN_POINT('',(89.2156295859379,177.995522956066,85.579468461204));
#8758=CARTESIAN_POINT('',(89.249435249875,178.012926529196,85.5432521506585));
#8759=CARTESIAN_POINT('',(89.2860787187501,178.031791039341,85.503995674267));
#8760=CARTESIAN_POINT('',(89.3160097625899,178.0534223834,85.4589465282678));
#8761=CARTESIAN_POINT('',(89.3378162227759,178.07615928437,85.4115419280548));
#8762=CARTESIAN_POINT('',(89.3617652671513,178.10113018958,85.359479609622));
#8763=CARTESIAN_POINT('',(89.3765383590437,178.128053552316,85.3032849319015));
#8764=CARTESIAN_POINT('',(89.3815461323078,178.154948375744,85.2470783618776));
#8765=CARTESIAN_POINT('',(89.3848372219209,178.172623551787,85.2101396170432));
#8766=CARTESIAN_POINT('',(89.3840038189622,178.190518706632,85.1727110429627));
#8767=CARTESIAN_POINT('',(89.3790674866899,178.208099443149,85.1359107125817));
#8768=CARTESIAN_POINT('',(0.,0.,0.));
#8769=CARTESIAN_POINT('',(65.5698352981649,195.475743048403,28.2043237762045));
#8770=CARTESIAN_POINT('',(63.0234673269968,183.821064870515,24.1934114781053));
#8771=CARTESIAN_POINT('',(60.3736437066543,171.883623075065,21.3378609074004));
#8772=CARTESIAN_POINT('',(56.0421242689576,153.678791338559,18.9692708618921));
#8773=CARTESIAN_POINT('',(54.549349520109,147.614992742515,18.5161489548723));
#8774=CARTESIAN_POINT('',(52.2264884044583,138.528326531531,18.3538142445431));
#8775=CARTESIAN_POINT('',(51.4351072646887,135.50184718875,18.3814531241975));
#8776=CARTESIAN_POINT('',(49.8293326374362,129.450464832954,18.6173588492627));
#8777=CARTESIAN_POINT('',(49.0514031393704,126.415531237529,18.8568116090395));
#8778=CARTESIAN_POINT('',(47.3939573466514,120.370919141991,19.3645091150075));
#8779=CARTESIAN_POINT('',(46.56297178534,117.349183167324,19.6208476421161));
#8780=CARTESIAN_POINT('',(44.8585517760534,111.331707429384,19.8631055850386));
#8781=CARTESIAN_POINT('',(43.9857256281919,108.334575766244,19.8740271848237));
#8782=CARTESIAN_POINT('',(41.2878316569005,99.3838011279253,19.5669871063474));
#8783=CARTESIAN_POINT('',(39.3842196896312,93.470105578113,18.9176583237102));
#8784=CARTESIAN_POINT('',(35.4316545614334,81.7288280396401,16.7531134255184));
#8785=CARTESIAN_POINT('',(33.3923330421225,75.9512329254122,15.2311108260981));
#8786=CARTESIAN_POINT('',(29.2046474421993,64.7855212076138,11.4048831597082));
#8787=CARTESIAN_POINT('',(26.9987528024456,59.382154121853,9.10298472776511));
#8788=CARTESIAN_POINT('',(24.7809971081987,54.0838730838776,6.51536044843462));
#8789=CARTESIAN_POINT('',(102.332887623698,28.4666503139373,15.7492716427431));
#8790=CARTESIAN_POINT('',(102.303218879402,34.0784664760004,19.9659641016424));
#8791=CARTESIAN_POINT('',(102.163429768053,39.695008993752,24.172101386684));
#8792=CARTESIAN_POINT('',(101.736784701075,48.1443989730726,30.4400755289926));
#8793=CARTESIAN_POINT('',(101.569543576172,50.9637765149802,32.5233910991273));
#8794=CARTESIAN_POINT('',(101.130915465662,56.6115985146135,36.6563154257686));
#8795=CARTESIAN_POINT('',(100.907321821497,59.4062272102517,38.7701353114722));
#8796=CARTESIAN_POINT('',(100.075234528056,68.0571317593357,44.6481031692515));
#8797=CARTESIAN_POINT('',(99.3602412128167,74.3464373339477,47.7312038362614));
#8798=CARTESIAN_POINT('',(97.5631966464476,87.7141627058026,52.3536451316057));
#8799=CARTESIAN_POINT('',(96.5034652225944,94.5720408904361,53.8277723189657));
#8800=CARTESIAN_POINT('',(94.739290536397,105.041030194285,55.1109174300187));
#8801=CARTESIAN_POINT('',(94.1534361680154,108.549255196613,55.3909825207393));
#8802=CARTESIAN_POINT('',(93.0907453588558,115.612720165485,55.6825280421352));
#8803=CARTESIAN_POINT('',(92.5964676331001,119.178706622966,55.589454332882));
#8804=CARTESIAN_POINT('',(91.3049426976447,129.826470421574,55.9105147439592));
#8805=CARTESIAN_POINT('',(90.5788884317248,136.812012043556,57.1743355009832));
#8806=CARTESIAN_POINT('',(89.4007752240193,150.518289858303,62.1195802565305));
#8807=CARTESIAN_POINT('',(88.989895421443,156.824548671559,65.6793895207124));
#8808=CARTESIAN_POINT('',(88.4866744764015,168.303529323515,74.4669428120378));
#8809=CARTESIAN_POINT('',(88.3964880448931,173.491428461959,79.713629528465));
#8810=CARTESIAN_POINT('',(88.4292750314993,178.077273202642,85.4092194597044));
#8811=CARTESIAN_POINT('',(89.7000000000003,180.12536256688,92.8447325001486));
#8812=CARTESIAN_POINT('',(81.366666666667,187.511395196912,70.1128614696581));
#8813=CARTESIAN_POINT('',(73.0333333333337,194.897427826945,47.3809904391677));
#8814=CARTESIAN_POINT('',(64.7000000000004,202.283460456977,24.6491194086773));
#8815=CARTESIAN_POINT('',(89.6999999999995,177.62586213503,89.2312729440776));
#8816=CARTESIAN_POINT('',(81.0390802644415,184.467877033986,67.2274612292276));
#8817=CARTESIAN_POINT('',(72.3781605288834,191.309891932943,45.2236495143775));
#8818=CARTESIAN_POINT('',(63.7172407933254,198.151906831899,23.2198377995274));
#8819=CARTESIAN_POINT('',(89.7757743645031,172.239544437819,82.2671337200371));
#8820=CARTESIAN_POINT('',(80.415415201646,178.093307383613,61.7284443998399));
#8821=CARTESIAN_POINT('',(71.0550560387889,183.947070329407,41.1897550796426));
#8822=CARTESIAN_POINT('',(61.6946968759319,189.800833275201,20.6510657594453));
#8823=CARTESIAN_POINT('',(90.1835590025144,162.803916315588,73.0120725033013));
#8824=CARTESIAN_POINT('',(79.6251807353282,167.558439179705,54.5787541443834));
#8825=CARTESIAN_POINT('',(69.0668024681419,172.312962043823,36.1454357854655));
#8826=CARTESIAN_POINT('',(58.5084242009557,177.06748490794,17.7121174265477));
#8827=CARTESIAN_POINT('',(90.9459968216304,151.959313958129,65.4674162203116));
#8828=CARTESIAN_POINT('',(79.0267693611996,156.034395770709,48.8890158180239));
#8829=CARTESIAN_POINT('',(67.1075419007689,160.10947758329,32.3106154157361));
#8830=CARTESIAN_POINT('',(55.1883144403381,164.18455939587,15.7322150134484));
#8831=CARTESIAN_POINT('',(92.1019899544049,139.85066936312,60.2010847873266));
#8832=CARTESIAN_POINT('',(78.6534288937855,143.638762256068,45.0479633331456));
#8833=CARTESIAN_POINT('',(65.2048678331661,147.426855149017,29.8948418789645));
#8834=CARTESIAN_POINT('',(51.7563067725468,151.214948041965,14.7417204247835));
#8835=CARTESIAN_POINT('',(93.2433209232786,130.188296979418,58.2002854278419));
#8836=CARTESIAN_POINT('',(78.5353099525728,133.951209032173,43.714312966642));
#8837=CARTESIAN_POINT('',(63.8272989818671,137.714121084929,29.228340505442));
#8838=CARTESIAN_POINT('',(49.1192880111613,141.477033137685,14.742368044242));
#8839=CARTESIAN_POINT('',(94.0915267222842,123.672991772647,57.6429429957911));
#8840=CARTESIAN_POINT('',(78.5087493767427,127.449071569446,43.4432396036399));
#8841=CARTESIAN_POINT('',(62.9259720312012,131.225151366244,29.2435362114886));
#8842=CARTESIAN_POINT('',(47.3431946856597,135.001231163043,15.0438328193374));
#8843=CARTESIAN_POINT('',(94.5309194588307,120.408763143394,57.5319622662521));
#8844=CARTESIAN_POINT('',(78.5046729761802,124.195063270891,43.4400822719255));
#8845=CARTESIAN_POINT('',(62.4784264935296,127.981363398388,29.3482022775988));
#8846=CARTESIAN_POINT('',(46.4521800108791,131.767663525885,15.2563222832721));
#8847=CARTESIAN_POINT('',(94.9876296632801,117.144964322985,57.5010262552433));
#8848=CARTESIAN_POINT('',(78.5113682673938,120.943154325348,43.5113906015699));
#8849=CARTESIAN_POINT('',(62.0351068715075,124.741344327712,29.5217549478965));
#8850=CARTESIAN_POINT('',(45.5588454756212,128.539534330076,15.532119294223));
#8851=CARTESIAN_POINT('',(95.4674576499966,113.88601570302,57.4146725473658));
#8852=CARTESIAN_POINT('',(78.532740359412,117.696561732636,43.5656949245301));
#8853=CARTESIAN_POINT('',(61.5980230688274,121.507107762251,29.7167173016943));
#8854=CARTESIAN_POINT('',(44.6633057782429,125.317653791867,15.8677396788586));
#8855=CARTESIAN_POINT('',(95.9715573467519,110.634042242837,57.2397009004131));
#8856=CARTESIAN_POINT('',(78.5695967702017,114.456972204394,43.5797003548911));
#8857=CARTESIAN_POINT('',(61.1676361936514,118.279902165951,29.9196998093692));
#8858=CARTESIAN_POINT('',(43.7656756171012,122.102832127508,16.2596992638473));
#8859=CARTESIAN_POINT('',(96.6766482511697,106.310084337602,56.8982532144379));
#8860=CARTESIAN_POINT('',(78.6351518345287,110.145362889533,43.5121770783291));
#8861=CARTESIAN_POINT('',(60.5936554178878,113.980641441463,30.1261009422203));
#8862=CARTESIAN_POINT('',(42.5521590012468,117.815919993393,16.7400248061115));
#8863=CARTESIAN_POINT('',(97.6209250143852,100.932724212892,56.287417867014));
#8864=CARTESIAN_POINT('',(78.7439798186683,104.771886184686,43.2386384456179));
#8865=CARTESIAN_POINT('',(59.8670346229515,108.61104815648,30.1898590242218));
#8866=CARTESIAN_POINT('',(40.9900894272346,112.450210128275,17.1410796028257));
#8867=CARTESIAN_POINT('',(98.7112116190057,94.523092125023,55.1924955426));
#8868=CARTESIAN_POINT('',(78.8216473089573,98.3541039651288,42.551323595578));
#8869=CARTESIAN_POINT('',(58.9320829989089,102.185115805235,29.910151648556));
#8870=CARTESIAN_POINT('',(39.0425186888605,106.01612764534,17.2689797015339));
#8871=CARTESIAN_POINT('',(99.6988159166314,88.1742612282367,53.7103837949247));
#8872=CARTESIAN_POINT('',(78.8078868567478,91.9846428462799,41.4898606427993));
#8873=CARTESIAN_POINT('',(57.9169577968641,95.7950244643232,29.269337490674));
#8874=CARTESIAN_POINT('',(37.0260287369805,99.6054060823666,17.0488143385486));
#8875=CARTESIAN_POINT('',(100.606670736558,81.9261849513002,51.8023075338992));
#8876=CARTESIAN_POINT('',(78.7193763602546,85.6963356355687,40.0301662591077));
#8877=CARTESIAN_POINT('',(56.8320819839514,89.4664863198373,28.2580249843163));
#8878=CARTESIAN_POINT('',(34.9447876076483,93.2366370041059,16.4858837095248));
#8879=CARTESIAN_POINT('',(101.425162090905,75.8221326449981,49.4456337792471));
#8880=CARTESIAN_POINT('',(78.551281716174,79.5238053407909,38.1585680382585));
#8881=CARTESIAN_POINT('',(55.6774013414432,83.2254780365837,26.8715022972698));
#8882=CARTESIAN_POINT('',(32.8035209667124,86.9271507323765,15.5844365562812));
#8883=CARTESIAN_POINT('',(102.147522544406,69.9041686632774,46.6202394303748));
#8884=CARTESIAN_POINT('',(78.3006665229441,73.5008716385171,35.8630668271286));
#8885=CARTESIAN_POINT('',(54.4538105014827,77.0975746137568,25.1058942238824));
#8886=CARTESIAN_POINT('',(30.6069544800212,80.6942775889965,14.3487216206362));
#8887=CARTESIAN_POINT('',(102.668097333126,65.1807008619922,43.8585806093849));
#8888=CARTESIAN_POINT('',(78.0236819333695,68.6456782588828,33.589160736202));
#8889=CARTESIAN_POINT('',(53.3792665336134,72.1106556557735,23.3197408630191));
#8890=CARTESIAN_POINT('',(28.7348511338574,75.5756330526642,13.0503209898362));
#8891=CARTESIAN_POINT('',(103.034844914229,61.5653781351283,41.3882414947054));
#8892=CARTESIAN_POINT('',(77.7615168931852,64.8878889431538,31.5442838481642));
#8893=CARTESIAN_POINT('',(52.4881888721418,68.2103997511794,21.7003262016229));
#8894=CARTESIAN_POINT('',(27.2148608510983,71.5329105592049,11.8563685550817));
#8895=CARTESIAN_POINT('',(103.286524341775,58.9136412350168,39.4465867810273));
#8896=CARTESIAN_POINT('',(77.5457870859336,62.1183451795807,29.9261459204278));
#8897=CARTESIAN_POINT('',(51.8050498300919,65.3230491241446,20.4057050598284));
#8898=CARTESIAN_POINT('',(26.0643125742501,68.5277530687085,10.8852641992289));
#8899=CARTESIAN_POINT('',(103.516417210148,56.2921926448656,37.4652265938801));
#8900=CARTESIAN_POINT('',(77.3122137970182,59.3782176864454,28.2569829788733));
#8901=CARTESIAN_POINT('',(51.1080103838881,62.4642427280253,19.0487393638665));
#8902=CARTESIAN_POINT('',(24.903806970758,65.5502677696051,9.84049574885965));
#8903=CARTESIAN_POINT('',(103.795393308492,52.7970356548002,34.8419524845389));
#8904=CARTESIAN_POINT('',(76.9761434374677,55.7345004144459,26.0100124950457));
#8905=CARTESIAN_POINT('',(50.1568935664433,58.6719651740916,17.1780725055525));
#8906=CARTESIAN_POINT('',(23.3376436954188,61.6094299337373,8.34613251605936));
#8907=CARTESIAN_POINT('',(104.033551568358,49.3011814296325,32.2120944702544));
#8908=CARTESIAN_POINT('',(76.607676136848,52.1113438344712,23.713298319511));
#8909=CARTESIAN_POINT('',(49.1818007053384,54.92150623931,15.2145021687677));
#8910=CARTESIAN_POINT('',(21.7559252738288,57.7316686441488,6.71570601802429));
#8911=CARTESIAN_POINT('',(104.231410114287,45.8066367374039,29.5759664516936));
#8912=CARTESIAN_POINT('',(76.2097049237769,48.5096271390868,21.3690486246046));
#8913=CARTESIAN_POINT('',(48.1879997332671,51.2126175407698,13.1621307975157));
#8914=CARTESIAN_POINT('',(20.1662945427572,53.9156079424527,4.9552129704268));
#8915=CARTESIAN_POINT('',(104.359783697901,43.1868846767125,27.5958139108014));
#8916=CARTESIAN_POINT('',(75.8972831153167,45.8161978022548,19.5939010256309));
#8917=CARTESIAN_POINT('',(47.4347825327327,48.4455109277971,11.5919881404604));
#8918=CARTESIAN_POINT('',(18.9722819501486,51.0748240533395,3.59007525528982));
#8919=CARTESIAN_POINT('',(104.468266486818,40.5687907665114,25.6126833181045));
#8920=CARTESIAN_POINT('',(75.5719109523786,43.1266355692951,17.8108367895391));
#8921=CARTESIAN_POINT('',(46.6755554179395,45.6844803720787,10.0089902609736));
#8922=CARTESIAN_POINT('',(17.7791998835004,48.2423251748624,2.2071437324081));
#8923=CARTESIAN_POINT('',(104.585721790595,37.0797967226841,22.9651871213563));
#8924=CARTESIAN_POINT('',(75.120515628069,39.5439322303874,15.426365428186));
#8925=CARTESIAN_POINT('',(45.655309465543,42.0080677380907,7.88754373501569));
#8926=CARTESIAN_POINT('',(16.190103303017,44.472203245794,0.348722041845381));
#8927=CARTESIAN_POINT('',(104.680311351641,32.7211506783265,19.6508042306116));
#8928=CARTESIAN_POINT('',(74.5223144908826,35.0713822490796,12.4335307477153));
#8929=CARTESIAN_POINT('',(44.3643176301242,37.4216138198327,5.21625726481906));
#8930=CARTESIAN_POINT('',(14.2063207693657,39.7718453905859,-2.0010162180772));
#8931=CARTESIAN_POINT('',(104.701924711876,28.3639014934718,16.3329811263909));
#8932=CARTESIAN_POINT('',(73.8763213437203,30.6077424248286,9.42187696301591));
#8933=CARTESIAN_POINT('',(43.0507179755647,32.8515833561854,2.51077279964093));
#8934=CARTESIAN_POINT('',(12.2251146074091,35.0954242875423,-4.40033136373405));
#8935=CARTESIAN_POINT('',(104.701880230629,24.8802120944445,13.6759446991101));
#8936=CARTESIAN_POINT('',(73.3485421711817,27.0430285763121,7.00099044295408));
#8937=CARTESIAN_POINT('',(41.9952041117348,29.2058450581796,0.326036186798096));
#8938=CARTESIAN_POINT('',(10.6418660522879,31.3686615400471,-6.34891806935789));
#8939=CARTESIAN_POINT('',(104.698588207569,19.6564059364887,9.68812286982215));
#8940=CARTESIAN_POINT('',(72.5553237616339,21.7019031561807,3.35853959797447));
#8941=CARTESIAN_POINT('',(40.412059315699,23.7474003758728,-2.97104367387321));
#8942=CARTESIAN_POINT('',(8.2687948697641,25.7928975955648,-9.30062694572089));
#8943=CARTESIAN_POINT('',(104.699780636095,11.8264043739382,3.69891715418012));
#8944=CARTESIAN_POINT('',(71.3719417800625,13.7120029154653,-2.14577245908023));
#8945=CARTESIAN_POINT('',(38.0441029240297,15.5976014569924,-7.99046207234059));
#8946=CARTESIAN_POINT('',(4.71626406799682,17.4831999985195,-13.8351516856009));
#8947=CARTESIAN_POINT('',(104.7,4.87302405907103,-1.63347181268772));
#8948=CARTESIAN_POINT('',(70.3233128984329,6.64157825969596,-7.09594541605553));
#8949=CARTESIAN_POINT('',(35.9466257968654,8.41013246032088,-12.5584190194233));
#8950=CARTESIAN_POINT('',(1.56993869529786,10.1786866609458,-18.0208926227912));
#8951=CARTESIAN_POINT('',(104.7,1.39756762797615,-4.3012708807113));
#8952=CARTESIAN_POINT('',(69.8000000000003,3.11444196219,-9.58526675452006));
#8953=CARTESIAN_POINT('',(34.9000000000002,4.83131629640385,-14.8692626283288));
#8954=CARTESIAN_POINT('',(0.,6.5481906306177,-20.1532585021376));
#8955=CARTESIAN_POINT('',(24.8627526293554,54.1863127552407,5.48308489623177));
#8956=CARTESIAN_POINT('',(27.1150076044412,59.477095149475,8.08350989430773));
#8957=CARTESIAN_POINT('',(29.3731609080258,64.8650449135946,10.4042657278501));
#8958=CARTESIAN_POINT('',(33.6600050428524,76.0068660573334,14.268204773742));
#8959=CARTESIAN_POINT('',(35.7454948779056,81.7758760893809,15.8092396170739));
#8960=CARTESIAN_POINT('',(39.7824680199528,93.5089524104447,18.0063294070894));
#8961=CARTESIAN_POINT('',(41.7246045492559,99.4215093916518,18.6694659419841));
#8962=CARTESIAN_POINT('',(44.4763010970024,108.374941382124,18.9926974843318));
#8963=CARTESIAN_POINT('',(45.3666768603343,111.373605911262,18.9864352995877));
#8964=CARTESIAN_POINT('',(47.1051340980936,117.395412124278,18.7525849431483));
#8965=CARTESIAN_POINT('',(47.9553497426839,120.4192268663,18.5003918370033));
#8966=CARTESIAN_POINT('',(49.640801382646,126.470381599382,18.011902609516));
#8967=CARTESIAN_POINT('',(50.4332680165254,129.508450075891,17.7866853277303));
#8968=CARTESIAN_POINT('',(52.0677938854726,135.564975430015,17.5795036666603));
#8969=CARTESIAN_POINT('',(52.8733603506333,138.593750402428,17.5664591877795));
#8970=CARTESIAN_POINT('',(55.2425460694344,147.685431678058,17.7773575837112));
#8971=CARTESIAN_POINT('',(56.7692089066827,153.750488595975,18.2682622621608));
#8972=CARTESIAN_POINT('',(61.1974657730257,171.956670726957,20.7585828929695));
#8973=CARTESIAN_POINT('',(63.898239708228,183.886171848681,23.700893870787));
#8974=CARTESIAN_POINT('',(66.4765085633787,195.536261076719,27.7816594921361));
#8975=CARTESIAN_POINT('',(89.37906748669,178.208099443149,85.1359107125817));
#8976=CARTESIAN_POINT('',(89.3361062797499,173.643676537117,79.4177607977009));
#8977=CARTESIAN_POINT('',(89.4134160303628,168.474417377295,74.1461990065515));
#8978=CARTESIAN_POINT('',(89.8844809920892,157.027720839339,65.3038065772414));
#8979=CARTESIAN_POINT('',(90.2762561333704,150.73288583283,61.7117560748765));
#8980=CARTESIAN_POINT('',(91.4042419718438,137.045257553679,56.6837883751919));
#8981=CARTESIAN_POINT('',(92.0998156629557,130.063178273904,55.367161245515));
#8982=CARTESIAN_POINT('',(93.342011729624,119.411030451278,54.9696357493424));
#8983=CARTESIAN_POINT('',(93.8282239168567,115.840614167006,55.0584797858229));
#8984=CARTESIAN_POINT('',(94.8718492660849,108.771134404069,54.7504673033304));
#8985=CARTESIAN_POINT('',(95.4472263146816,105.26054945317,54.4600373640043));
#8986=CARTESIAN_POINT('',(97.1807938144163,94.7868335953954,53.1456990834402));
#8987=CARTESIAN_POINT('',(98.2200976344242,87.9278782396407,51.6505696896687));
#8988=CARTESIAN_POINT('',(99.9689290481237,74.5660825058862,46.9721331607833));
#8989=CARTESIAN_POINT('',(100.655323244518,68.2948681129033,43.851809446541));
#8990=CARTESIAN_POINT('',(101.433199217956,59.671615777345,37.9175246550379));
#8991=CARTESIAN_POINT('',(101.642996754615,56.8796511614574,35.7975600924812));
#8992=CARTESIAN_POINT('',(102.050254098446,51.2379226583179,31.6500310449019));
#8993=CARTESIAN_POINT('',(102.20513768588,48.4210409656299,29.5612167604614));
#8994=CARTESIAN_POINT('',(102.597325742899,39.9787373249326,23.2791853313278));
#8995=CARTESIAN_POINT('',(102.715639456182,34.3655165636242,19.0663025237));
#8996=CARTESIAN_POINT('',(102.728511036526,28.7568442180256,14.843770953998));
#8997=CARTESIAN_POINT('',(104.7,1.39756762797615,-4.3012708807113));
#8998=CARTESIAN_POINT('',(75.2918446225788,11.6396474089624,-21.0087084140753));
#8999=CARTESIAN_POINT('',(35.1694414288253,9.43028724606387,-22.0721588532715));
#9000=CARTESIAN_POINT('',(0.,6.5481906306177,-20.1532585021376));
#9001=CARTESIAN_POINT('',(104.700113518115,4.87990098346877,-1.62890411845794));
#9002=CARTESIAN_POINT('',(75.8051342856142,14.9867757505888,-18.2940602576415));
#9003=CARTESIAN_POINT('',(36.2835334799701,12.834056197427,-19.6288770953326));
#9004=CARTESIAN_POINT('',(1.5671969131063,10.1743021898974,-18.0292692861849));
#9005=CARTESIAN_POINT('',(104.696920609184,11.8463143351875,3.71344955187608));
#9006=CARTESIAN_POINT('',(76.8418963869196,21.6989851173826,-12.8870310290029));
#9007=CARTESIAN_POINT('',(38.5119138698044,19.6759005079614,-14.8715079257045));
#9008=CARTESIAN_POINT('',(4.70723439698571,17.4606075133284,-13.8433664213852));
#9009=CARTESIAN_POINT('',(104.697780913444,22.305431690192,11.7147613231038));
#9010=CARTESIAN_POINT('',(78.4447769666079,31.7825029461323,-4.89433805203401));
#9011=CARTESIAN_POINT('',(41.8811012622953,30.0559879204905,-7.85705958684279));
#9012=CARTESIAN_POINT('',(9.43520241313899,28.5210444120032,-7.81194157153785));
#9013=CARTESIAN_POINT('',(104.716463809324,31.0328250965728,18.3681062107697));
#9014=CARTESIAN_POINT('',(79.8272029361064,40.2989209929296,1.7210625454665));
#9015=CARTESIAN_POINT('',(44.7085564093894,38.7902823108735,-2.16501495798349));
#9016=CARTESIAN_POINT('',(13.387252233725,37.8334400172071,-2.97502502702311));
#9017=CARTESIAN_POINT('',(104.564327288057,38.0207536403619,23.6804442921606));
#9018=CARTESIAN_POINT('',(80.8333234534873,47.2359741971503,7.04664344866148));
#9019=CARTESIAN_POINT('',(46.9231065581887,45.8191410106246,2.33922037011894));
#9020=CARTESIAN_POINT('',(16.5555394907111,45.3354935520164,0.786264157245219));
#9021=CARTESIAN_POINT('',(104.365876178015,43.2649770219993,27.6571435080682));
#9022=CARTESIAN_POINT('',(81.5341149875292,52.4130873744533,11.0120767765021));
#9023=CARTESIAN_POINT('',(48.5574185499164,51.1505328225997,5.70990223656599));
#9024=CARTESIAN_POINT('',(18.9358790734695,50.9843275680539,3.55857776276076));
#9025=CARTESIAN_POINT('',(104.08771569974,48.5156521543099,31.6205032929928));
#9026=CARTESIAN_POINT('',(82.1948106168574,57.5920569478415,14.9385650267346));
#9027=CARTESIAN_POINT('',(50.1799168675202,56.3519005134921,8.91546826897882));
#9028=CARTESIAN_POINT('',(21.3198685701534,56.6660533484926,6.26141473560484));
#9029=CARTESIAN_POINT('',(103.78851902801,52.896411744483,34.9110158700928));
#9030=CARTESIAN_POINT('',(82.7182950976688,61.9489572876188,18.1514955757906));
#9031=CARTESIAN_POINT('',(51.5150311407023,60.6716290425334,11.4269633482043));
#9032=CARTESIAN_POINT('',(23.2944153558539,61.5011590228026,8.30345068350749));
#9033=CARTESIAN_POINT('',(103.507720201749,56.3923481253081,37.55049994992));
#9034=CARTESIAN_POINT('',(83.1240401546827,65.4706267417935,20.696043922383));
#9035=CARTESIAN_POINT('',(52.5671727638636,64.1837202080898,13.3424233762305));
#9036=CARTESIAN_POINT('',(24.8564170670519,65.4314921834603,9.79759940827254));
#9037=CARTESIAN_POINT('',(103.277127530782,59.0187969863324,39.522052359787));
#9038=CARTESIAN_POINT('',(83.4229103745255,68.0878696914256,22.5534341391852));
#9039=CARTESIAN_POINT('',(53.3454224735258,66.8349652239973,14.7391743589318));
#9040=CARTESIAN_POINT('',(26.0185069287692,68.4092053169128,10.846352352379));
#9041=CARTESIAN_POINT('',(103.024689499791,61.6700316117649,41.458883392952));
#9042=CARTESIAN_POINT('',(83.731118150199,70.5928789160223,24.2644867364711));
#9043=CARTESIAN_POINT('',(54.1104725906838,69.5160886606362,16.0779057279153));
#9044=CARTESIAN_POINT('',(27.1705918058053,71.4157206656786,11.8211281143292));
#9045=CARTESIAN_POINT('',(102.656857833877,65.2841559881874,43.9231706787787));
#9046=CARTESIAN_POINT('',(84.1256910120012,73.8351724861439,26.3423951608554));
#9047=CARTESIAN_POINT('',(55.1048958056931,73.1442612369163,17.7679627355048));
#9048=CARTESIAN_POINT('',(28.6925735782781,75.4612626875899,13.0193681104696));
#9049=CARTESIAN_POINT('',(102.13522201744,70.0081581428293,46.6743732376685));
#9050=CARTESIAN_POINT('',(84.5331272109916,78.0775662259695,28.7018161975344));
#9051=CARTESIAN_POINT('',(56.2870059286762,77.8010665990016,19.6748851457506));
#9052=CARTESIAN_POINT('',(30.5670705171656,80.5843905150339,14.3216322368105));
#9053=CARTESIAN_POINT('',(101.412009005688,75.9242981339286,49.4886079254239));
#9054=CARTESIAN_POINT('',(84.8731727135576,83.4888643758889,31.2140601786775));
#9055=CARTESIAN_POINT('',(57.6177319645644,83.5589898906425,21.6039476502205));
#9056=CARTESIAN_POINT('',(32.7665127126409,86.8226943125703,15.5623524790902));
#9057=CARTESIAN_POINT('',(100.592736362849,82.0253026624233,51.8357064291941));
#9058=CARTESIAN_POINT('',(85.0906447574378,89.1345191622394,33.3645584464968));
#9059=CARTESIAN_POINT('',(58.8594367772223,89.4553782310189,23.1809475238446));
#9060=CARTESIAN_POINT('',(34.9108150884623,93.1361784392264,16.4719366928462));
#9061=CARTESIAN_POINT('',(99.6850229854541,88.2688378149057,53.7353329337216));
#9062=CARTESIAN_POINT('',(85.1896872152619,94.955804819736,35.1490046640677));
#9063=CARTESIAN_POINT('',(60.0106709083976,95.4685564777652,24.4151838930208));
#9064=CARTESIAN_POINT('',(36.9951288503322,99.5088866448889,17.0433655888263));
#9065=CARTESIAN_POINT('',(98.6960031858766,94.6125150629967,55.210645857033));
#9066=CARTESIAN_POINT('',(85.1842953813017,100.963162422258,36.583256031695));
#9067=CARTESIAN_POINT('',(61.0735675971564,101.575859272078,25.3009451029341));
#9068=CARTESIAN_POINT('',(39.0146052039529,105.924862679444,17.2696198777783));
#9069=CARTESIAN_POINT('',(97.6056339576652,101.017029562956,56.2988029256072));
#9070=CARTESIAN_POINT('',(85.0637832408865,107.092320929466,37.6749320871486));
#9071=CARTESIAN_POINT('',(62.0480253146388,107.750048673509,25.8288874911394));
#9072=CARTESIAN_POINT('',(40.9649015857153,112.365027487796,17.1452782950182));
#9073=CARTESIAN_POINT('',(96.663709835589,106.390004638748,56.906396599802));
#9074=CARTESIAN_POINT('',(84.9419129050032,112.17580874256,38.2445484023097));
#9075=CARTESIAN_POINT('',(62.7924446792706,112.929581404388,25.9904228171535));
#9076=CARTESIAN_POINT('',(42.5288797909607,117.736089593671,16.7449793623881));
#9077=CARTESIAN_POINT('',(95.9597426181231,110.70999653727,57.2449428382142));
#9078=CARTESIAN_POINT('',(84.8860289496738,116.233623373033,38.520272772687));
#9079=CARTESIAN_POINT('',(63.3914719664215,117.14101976849,25.9556204739717));
#9080=CARTESIAN_POINT('',(43.7441536728123,122.026738952464,16.2666394329415));
#9081=CARTESIAN_POINT('',(95.4564059207289,113.959042482053,57.4174341998506));
#9082=CARTESIAN_POINT('',(84.8353601009095,119.283232821922,38.6675014658631));
#9083=CARTESIAN_POINT('',(63.8590969524103,120.385061432952,25.8761737419856));
#9084=CARTESIAN_POINT('',(44.6438288565431,125.24536753044,15.8825861145588));
#9085=CARTESIAN_POINT('',(94.9775606146479,117.215386549676,57.5008532776135));
#9086=CARTESIAN_POINT('',(84.7874604278823,122.3508888038,38.7645689260303));
#9087=CARTESIAN_POINT('',(64.3447557491109,123.702950383521,25.7837018533091));
#9088=CARTESIAN_POINT('',(45.5396915919327,128.469763370946,15.5408376769952));
#9089=CARTESIAN_POINT('',(94.5217544144641,120.475729660479,57.5333044159586));
#9090=CARTESIAN_POINT('',(84.7671627573168,125.552154964514,38.8630146462768));
#9091=CARTESIAN_POINT('',(64.8286584209406,127.023809662738,25.7125703242114));
#9092=CARTESIAN_POINT('',(46.4335570285409,131.700571054236,15.2603693766918));
#9093=CARTESIAN_POINT('',(94.0830122967625,123.737247358351,57.6471875894113));
#9094=CARTESIAN_POINT('',(84.8199672763473,128.929420228179,39.052555419313));
#9095=CARTESIAN_POINT('',(65.3120195701588,130.339773129391,25.7166430949927));
#9096=CARTESIAN_POINT('',(47.3254466501252,134.937051178743,15.0463052383461));
#9097=CARTESIAN_POINT('',(93.2364484333066,130.244623801493,58.209261870493));
#9098=CARTESIAN_POINT('',(84.9495813492963,135.658672097114,39.7077932235935));
#9099=CARTESIAN_POINT('',(66.2997006045331,136.958986838119,25.9078548828882));
#9100=CARTESIAN_POINT('',(49.1035800740974,141.418913490349,14.7442397453192));
#9101=CARTESIAN_POINT('',(92.0970475966519,139.898091852792,60.217601758249));
#9102=CARTESIAN_POINT('',(85.2315447630771,145.53174228441,41.6209992605895));
#9103=CARTESIAN_POINT('',(67.8349538994909,146.833197888978,26.8727813525485));
#9104=CARTESIAN_POINT('',(51.7432551787626,151.165929118061,14.7385811685787));
#9105=CARTESIAN_POINT('',(90.9436234385016,151.989301055049,65.4856151952632));
#9106=CARTESIAN_POINT('',(85.782063781331,157.874205111908,46.203218837395));
#9107=CARTESIAN_POINT('',(70.0146288649634,159.664258799466,29.6410548378969));
#9108=CARTESIAN_POINT('',(55.1781632293823,164.146882267051,15.730872150517));
#9109=CARTESIAN_POINT('',(90.1824378383829,162.825405786341,73.0311076082083));
#9110=CARTESIAN_POINT('',(86.4788359056546,169.112286333237,52.5360490705736));
#9111=CARTESIAN_POINT('',(72.3033535750797,171.969373335014,33.7671572446098));
#9112=CARTESIAN_POINT('',(58.5025590851565,177.044088847997,17.7068288953753));
#9113=CARTESIAN_POINT('',(89.8433788001182,170.677275196331,80.7356769368691));
#9114=CARTESIAN_POINT('',(87.1948498684101,177.550849121144,58.9067988023292));
#9115=CARTESIAN_POINT('',(74.2513631380812,181.719116917006,38.1718386067448));
#9116=CARTESIAN_POINT('',(61.160632284988,187.665889436734,20.1567465142403));
#9117=CARTESIAN_POINT('',(89.7346042743447,175.58190902281,86.6512351165669));
#9118=CARTESIAN_POINT('',(87.771586120752,183.014749440457,63.7840718332033));
#9119=CARTESIAN_POINT('',(75.6151611527569,188.280182036338,41.6785655725416));
#9120=CARTESIAN_POINT('',(62.9539349314482,195.009267726605,22.2739670882288));
#9121=CARTESIAN_POINT('',(89.7043400376711,178.230429680638,90.1523990928925));
#9122=CARTESIAN_POINT('',(88.1227483481617,186.02228708698,66.6715789732139));
#9123=CARTESIAN_POINT('',(76.3902887750313,191.956552691419,43.7922368519699));
#9124=CARTESIAN_POINT('',(63.958635221971,199.176353805684,23.5946195418827));
#9125=CARTESIAN_POINT('',(89.7012198722034,179.494896674875,91.9465269954569));
#9126=CARTESIAN_POINT('',(88.2999817290009,187.479184922794,68.1520705723284));
#9127=CARTESIAN_POINT('',(76.7758788009352,193.771111820728,44.8918992117842));
#9128=CARTESIAN_POINT('',(64.4529876675292,201.247936973649,24.2970773512113));
#9129=CARTESIAN_POINT('',(89.7000000000003,180.12536256688,92.8447325001486));
#9130=CARTESIAN_POINT('',(88.4076356426226,188.214219143094,68.8940315362849));
#9131=CARTESIAN_POINT('',(76.9731230191069,194.655998217817,45.4320006851332));
#9132=CARTESIAN_POINT('',(64.7000000000004,202.283460456977,24.6491194086772));
#9133=CARTESIAN_POINT('',(66.6613709514001,196.371227724036,28.0768082784063));
#9134=CARTESIAN_POINT('',(63.7255493921743,198.739246338758,23.213747574204));
#9135=CARTESIAN_POINT('',(65.7733547322899,196.406714994165,28.5280406236628));
#9136=CARTESIAN_POINT('',(64.067631247615,184.664128199973,23.899143772785));
#9137=CARTESIAN_POINT('',(60.8864230363656,187.025313246802,19.4030955674982));
#9138=CARTESIAN_POINT('',(63.2129124687101,184.704987600296,24.4150579975698));
#9139=CARTESIAN_POINT('',(61.3423118644801,172.571665341524,20.872108802495));
#9140=CARTESIAN_POINT('',(57.7672078228495,174.567770632279,16.7411000664177));
#9141=CARTESIAN_POINT('',(60.5430116591582,172.622537059182,21.4747961003506));
#9142=CARTESIAN_POINT('',(56.8387720457878,154.027201490965,18.2920943301137));
#9143=CARTESIAN_POINT('',(52.7269079554562,155.455219177596,14.8429511650141));
#9144=CARTESIAN_POINT('',(56.1510159400609,154.123783829643,19.0080881687075));
#9145=CARTESIAN_POINT('',(55.2844270656845,147.847311251972,17.7829261377223));
#9146=CARTESIAN_POINT('',(51.0355066536081,149.170088393414,14.5606033988727));
#9147=CARTESIAN_POINT('',(54.6369105012864,147.964385768186,18.5322034533809));
#9148=CARTESIAN_POINT('',(52.8707867384482,138.583299615531,17.5653203431594));
#9149=CARTESIAN_POINT('',(48.4676048312199,139.755584614507,14.6665795348668));
#9150=CARTESIAN_POINT('',(52.2802047394015,138.735231061754,18.3529024551597));
#9151=CARTESIAN_POINT('',(52.0495636587935,135.497135860131,17.5791779462022));
#9152=CARTESIAN_POINT('',(47.6121371519124,136.657036452337,14.7802411514684));
#9153=CARTESIAN_POINT('',(51.4774336119378,135.661601726283,18.3776759731302));
#9154=CARTESIAN_POINT('',(50.8001352079411,130.867983758596,17.741584006731));
#9155=CARTESIAN_POINT('',(46.3119583381688,131.948846302307,15.0906575122303));
#9156=CARTESIAN_POINT('',(50.2544364521703,131.052356718491,18.5537519227744));
#9157=CARTESIAN_POINT('',(50.3845976681363,129.323909943687,17.8227965162269));
#9158=CARTESIAN_POINT('',(45.8778837813879,130.369981807446,15.2195702910422));
#9159=CARTESIAN_POINT('',(49.8474791656799,129.514914291614,18.6390952721921));
#9160=CARTESIAN_POINT('',(49.5588106770984,126.235004459263,18.0302525364021));
#9161=CARTESIAN_POINT('',(45.0193839889477,127.242615016766,15.522064502707));
#9162=CARTESIAN_POINT('',(49.0386734027793,126.436339898507,18.8549706932345));
#9163=CARTESIAN_POINT('',(49.1463168613648,124.690170553162,18.1553995090089));
#9164=CARTESIAN_POINT('',(44.6018835511007,125.730294765019,15.6915381070622));
#9165=CARTESIAN_POINT('',(48.6351442911267,124.896905970993,18.9843404011988));
#9166=CARTESIAN_POINT('',(48.2864972331498,121.614083298111,18.4041970662708));
#9167=CARTESIAN_POINT('',(43.736354986626,122.70273007399,16.0400758289557));
#9168=CARTESIAN_POINT('',(47.7918982395881,121.822752031201,19.2425908453898));
#9169=CARTESIAN_POINT('',(47.85299747387,120.079849367851,18.5321776813135));
#9170=CARTESIAN_POINT('',(43.2940770232647,121.161432832098,16.2236220415213));
#9171=CARTESIAN_POINT('',(47.3654136682206,120.283498603596,19.3758899063874));
#9172=CARTESIAN_POINT('',(46.9909568794518,117.016520356817,18.7482088035033));
#9173=CARTESIAN_POINT('',(42.4409313438028,118.159109144932,16.5483774492153));
#9174=CARTESIAN_POINT('',(46.5157562420032,117.202946006503,19.6028110205534));
#9175=CARTESIAN_POINT('',(46.5557752385198,115.488879458716,18.831045837609));
#9176=CARTESIAN_POINT('',(42.0181925429612,116.677991041925,16.6872131911234));
#9177=CARTESIAN_POINT('',(46.0862707833429,115.664230516034,19.691093815245));
#9178=CARTESIAN_POINT('',(45.2317600181728,110.915244112565,18.9932716796304));
#9179=CARTESIAN_POINT('',(40.7339452657151,112.237030800958,17.0195258168932));
#9180=CARTESIAN_POINT('',(44.7798723176167,111.058269986958,19.8687558363339));
#9181=CARTESIAN_POINT('',(44.3275527351877,107.879548297338,18.9873041557122));
#9182=CARTESIAN_POINT('',(39.8558239309819,109.27229445349,17.1326251597181));
#9183=CARTESIAN_POINT('',(43.887214952004,107.999038550845,19.8720848100109));
#9184=CARTESIAN_POINT('',(41.5306087727426,98.816383602926,18.6190203679395));
#9185=CARTESIAN_POINT('',(37.1695585563819,100.481808244919,17.1216310767911));
#9186=CARTESIAN_POINT('',(41.125454351664,98.8643249455636,19.5280311528524));
#9187=CARTESIAN_POINT('',(39.55735036708,92.831756546844,17.9159616787809));
#9188=CARTESIAN_POINT('',(35.2409986911884,94.5468774628156,16.6717867905652));
#9189=CARTESIAN_POINT('',(39.1760516986902,92.8290226839634,18.8366045892874));
#9190=CARTESIAN_POINT('',(36.4806978025937,83.9264389220116,16.190055353419));
#9191=CARTESIAN_POINT('',(32.1965223346749,85.6360623213119,15.2991755219605));
#9192=CARTESIAN_POINT('',(36.138370002097,83.8418279935666,17.1203073410217));
#9193=CARTESIAN_POINT('',(35.4365383014882,80.9770999819768,15.5011181826399));
#9194=CARTESIAN_POINT('',(31.1737895223581,82.7022622799263,14.7363934072509));
#9195=CARTESIAN_POINT('',(35.1077661568137,80.8643787253876,16.4332280885944));
#9196=CARTESIAN_POINT('',(33.3305947239203,75.2077217350319,13.9210258458593));
#9197=CARTESIAN_POINT('',(29.1108328185629,76.9419319493605,13.406039919637));
#9198=CARTESIAN_POINT('',(33.0302925449642,75.0383572317061,14.8539833936794));
#9199=CARTESIAN_POINT('',(32.2684811110533,72.3738793630294,13.0274002380799));
#9200=CARTESIAN_POINT('',(28.0642120240131,74.1013807094273,12.6390122472529));
#9201=CARTESIAN_POINT('',(31.9833347779094,72.1754134073993,13.9592932733311));
#9202=CARTESIAN_POINT('',(30.1107039581952,66.8040969173299,11.050764016179));
#9203=CARTESIAN_POINT('',(25.9561768748201,68.5129111748624,10.9103947117885));
#9204=CARTESIAN_POINT('',(29.8564925822266,66.5507018605085,11.9780893099981));
#9205=CARTESIAN_POINT('',(29.0155337585858,64.066474080965,9.97050299201947));
#9206=CARTESIAN_POINT('',(24.8939874782737,65.7588522316416,9.9493701551386));
#9207=CARTESIAN_POINT('',(28.7764825804509,63.787695225211,10.8943545860084));
#9208=CARTESIAN_POINT('',(26.7837790954115,58.6807094378209,7.64941006232109));
#9209=CARTESIAN_POINT('',(22.7327179138331,60.327361031687,7.8406501603925));
#9210=CARTESIAN_POINT('',(26.5721515761327,58.3531233130809,8.56364179721601));
#9211=CARTESIAN_POINT('',(25.6486685973272,56.0356295420475,6.40176996651742));
#9212=CARTESIAN_POINT('',(21.6128845189304,57.6266211286039,6.67977253426185));
#9213=CARTESIAN_POINT('',(25.4498463691297,55.6831026576115,7.3092555912473));
#9214=CARTESIAN_POINT('',(24.5300282881701,53.4041442513187,5.09689834329536));
#9215=CARTESIAN_POINT('',(20.4979444219889,54.9382904077312,5.4313121954239));
#9216=CARTESIAN_POINT('',(24.3423679141998,53.0356630401355,6.00013068164083));
#9217=CARTESIAN_POINT('',(102.729904654196,27.9135461991683,14.2086995182213));
#9218=CARTESIAN_POINT('',(104.802424295305,27.0510087509688,15.3606975917263));
#9219=CARTESIAN_POINT('',(102.337716155297,27.3724494384974,14.9267647136584));
#9220=CARTESIAN_POINT('',(102.723985580632,33.6036945995361,18.4951339542084));
#9221=CARTESIAN_POINT('',(104.797046314403,32.7826016137605,19.7334578694296));
#9222=CARTESIAN_POINT('',(102.317290313635,33.0651044161445,19.2076737799563));
#9223=CARTESIAN_POINT('',(102.619605477342,39.3028461213193,22.7734625590128));
#9224=CARTESIAN_POINT('',(104.687892611038,38.4825814355356,24.0739217950012));
#9225=CARTESIAN_POINT('',(102.196698164115,38.7638192266238,23.4768579800069));
#9226=CARTESIAN_POINT('',(102.234447446347,47.8738151401479,29.1552045306355));
#9227=CARTESIAN_POINT('',(104.28752876649,46.9958157095463,30.5189814814747));
#9228=CARTESIAN_POINT('',(101.782905467676,47.3390062781327,29.8443815144241));
#9229=CARTESIAN_POINT('',(102.080402374118,50.7340955776975,31.2773091598956));
#9230=CARTESIAN_POINT('',(104.12514235459,49.8494441845393,32.6755203066928));
#9231=CARTESIAN_POINT('',(101.618213705014,50.2013751840478,31.9613494875324));
#9232=CARTESIAN_POINT('',(101.77885625275,55.0310115553818,34.4394325234241));
#9233=CARTESIAN_POINT('',(103.808272142635,54.1308210531208,35.8953788552085));
#9234=CARTESIAN_POINT('',(101.298344167835,54.5006964555327,35.1129816079844));
#9235=CARTESIAN_POINT('',(101.661619696425,56.4650291696214,35.488415592538));
#9236=CARTESIAN_POINT('',(103.685680456798,55.5469143223498,36.9552658316572));
#9237=CARTESIAN_POINT('',(101.174799808948,55.9343019496343,36.1572558127577));
#9238=CARTESIAN_POINT('',(101.44627978721,59.3233959696043,37.5995223182052));
#9239=CARTESIAN_POINT('',(103.452681912431,58.3801760695181,39.0982914984845));
#9240=CARTESIAN_POINT('',(100.945137724035,58.7975402128949,38.2618418983065));
#9241=CARTESIAN_POINT('',(101.333919977384,60.7528233577469,38.6513715937956));
#9242=CARTESIAN_POINT('',(103.327896027801,59.8258357063113,40.1899491231224));
#9243=CARTESIAN_POINT('',(100.824619170447,60.233684689877,39.3130263216294));
#9244=CARTESIAN_POINT('',(100.945924905928,65.106058406899,41.6745268297021));
#9245=CARTESIAN_POINT('',(102.897515540955,64.2518300826567,43.3469951542618));
#9246=CARTESIAN_POINT('',(100.410175861076,64.6235879664028,42.3439423536942));
#9247=CARTESIAN_POINT('',(100.644588807559,68.1179128224944,43.4875723516193));
#9248=CARTESIAN_POINT('',(102.563114366054,67.3443735810475,45.2581708698164));
#9249=CARTESIAN_POINT('',(100.08997969242,67.6769640967947,44.1706261791463));
#9250=CARTESIAN_POINT('',(99.9526163501307,74.4182915625875,46.6723252984052));
#9251=CARTESIAN_POINT('',(101.810699864827,73.7920350423774,48.6089345652306));
#9252=CARTESIAN_POINT('',(99.365127605612,74.0390661966762,47.3654009816918));
#9253=CARTESIAN_POINT('',(99.5576173694026,77.70011476342,48.0615868674705));
#9254=CARTESIAN_POINT('',(101.385552246871,77.1533947226096,50.0714872459783));
#9255=CARTESIAN_POINT('',(98.9547771956712,77.3490183835369,48.7563297820338));
#9256=CARTESIAN_POINT('',(98.2338988529314,87.8389298143568,51.6346184007301));
#9257=CARTESIAN_POINT('',(99.96114222308,87.5930377196134,53.8747877436236));
#9258=CARTESIAN_POINT('',(97.58648173427,87.5664825568766,52.3273280847735));
#9259=CARTESIAN_POINT('',(97.1807851075537,94.7885618131133,53.151638354345));
#9260=CARTESIAN_POINT('',(98.8386220692607,94.7308639217623,55.488693332343));
#9261=CARTESIAN_POINT('',(96.5069513372977,94.5532684750873,53.8323951939693));
#9262=CARTESIAN_POINT('',(95.4242386197828,105.398579798152,54.4744409005314));
#9263=CARTESIAN_POINT('',(96.9928951272233,105.460654310784,56.9500436560616));
#9264=CARTESIAN_POINT('',(94.7092161206008,105.218517354751,55.1291269531691));
#9265=CARTESIAN_POINT('',(94.8434962098665,108.95185696065,54.7645871964075));
#9266=CARTESIAN_POINT('',(96.3821950966514,109.042004896746,57.2813439454449));
#9267=CARTESIAN_POINT('',(94.1142138510506,108.793947700564,55.4096173401874));
#9268=CARTESIAN_POINT('',(94.053719449034,114.319334762279,54.9887725007511));
#9269=CARTESIAN_POINT('',(95.5471190157526,114.473625213821,57.5641312648351));
#9270=CARTESIAN_POINT('',(93.3053813054467,114.195178507369,55.6191678277052));
#9271=CARTESIAN_POINT('',(93.8005016880708,116.114679217836,55.0214356050831));
#9272=CARTESIAN_POINT('',(95.2793558387941,116.30097041632,57.6137815979054));
#9273=CARTESIAN_POINT('',(93.0464109924199,116.002714590882,55.6473164574208));
#9274=CARTESIAN_POINT('',(93.318377833664,119.717994546859,55.040792786181));
#9275=CARTESIAN_POINT('',(94.770280569622,119.919403440842,57.6711576768943));
#9276=CARTESIAN_POINT('',(92.5530897836979,119.620603062467,55.6557157842868));
#9277=CARTESIAN_POINT('',(93.093607731517,121.527821237287,55.040406005033));
#9278=CARTESIAN_POINT('',(94.5353215522958,121.67052324379,57.7016349343747));
#9279=CARTESIAN_POINT('',(92.3221726016514,121.424989445428,55.647105991288));
#9280=CARTESIAN_POINT('',(92.0497779695505,130.553377767144,55.4230265189873));
#9281=CARTESIAN_POINT('',(93.3746494741316,130.388740410752,58.2043447819079));
#9282=CARTESIAN_POINT('',(91.2452377856993,130.391307383333,55.9757342508206));
#9283=CARTESIAN_POINT('',(91.3456216028143,137.652775899533,56.8217257665883));
#9284=CARTESIAN_POINT('',(92.5629986194198,137.127007160943,59.6519368447707));
#9285=CARTESIAN_POINT('',(90.5160746826868,137.44225411823,57.3181173038665));
#9286=CARTESIAN_POINT('',(90.2184666918989,151.549143510583,62.1060117555983));
#9287=CARTESIAN_POINT('',(91.2213413236555,150.311018842767,64.8515044051596));
#9288=CARTESIAN_POINT('',(89.3441847000305,151.287898423334,62.489755608127));
#9289=CARTESIAN_POINT('',(89.8376224441309,157.860873982924,65.8277301550178));
#9290=CARTESIAN_POINT('',(90.7382532171472,156.279482008227,68.485775587107));
#9291=CARTESIAN_POINT('',(88.9445265747225,157.592687645588,66.1579177136392));
#9292=CARTESIAN_POINT('',(89.5025896175086,166.497455803743,72.6934346635751));
#9293=CARTESIAN_POINT('',(90.2305412020063,164.446967854415,75.113598461936));
#9294=CARTESIAN_POINT('',(88.5842492738293,166.240616392429,72.9545726855603));
#9295=CARTESIAN_POINT('',(89.4304978478251,169.253985496548,75.2156380726785));
#9296=CARTESIAN_POINT('',(90.0971526170704,167.071338863628,77.5630463295539));
#9297=CARTESIAN_POINT('',(88.5042488506518,169.004511486743,75.4553938568873));
#9298=CARTESIAN_POINT('',(89.3594103145544,174.382108947617,80.5023472584714));
#9299=CARTESIAN_POINT('',(89.8999133047432,171.972784490519,82.7012199659311));
#9300=CARTESIAN_POINT('',(88.4189638711011,174.151865541237,80.7039941466559));
#9301=CARTESIAN_POINT('',(89.3598713295597,176.771630356129,83.2801122641209));
#9302=CARTESIAN_POINT('',(89.834733715828,174.262724444356,85.4001179261966));
#9303=CARTESIAN_POINT('',(88.4130645636545,176.55337647099,83.4648054213059));
#9304=CARTESIAN_POINT('',(89.387966843093,179.020782198707,86.1663740723006));
#9305=CARTESIAN_POINT('',(89.7993292168994,176.415442392071,88.2039560446991));
#9306=CARTESIAN_POINT('',(88.4355880380697,178.815480452553,86.3361278646274));
#9307=CARTESIAN_POINT('',(66.4765085633786,141.862508493914,137.409165210382));
#9308=CARTESIAN_POINT('',(72.0952921441815,135.422046264993,144.058358706727));
#9309=CARTESIAN_POINT('',(77.0216329051803,128.215952987714,150.560402957677));
#9310=CARTESIAN_POINT('',(85.0070579916966,112.228462549979,162.826710747941));
#9311=CARTESIAN_POINT('',(88.0776692044405,103.58412685269,168.499817240129));
#9312=CARTESIAN_POINT('',(89.37906748669,94.131748227424,173.62449128982));
#9313=CARTESIAN_POINT('',(66.4765085633786,141.862508493914,137.409165210382));
#9314=CARTESIAN_POINT('',(89.37906748669,94.1317482274241,173.62449128982));
#9315=CARTESIAN_POINT('',(66.4765085633786,141.862508493914,137.409165210382));
#9316=CARTESIAN_POINT('',(66.4451420949997,141.898461926173,137.372046550347));
#9317=CARTESIAN_POINT('',(66.4043840411917,141.931106480881,137.338313976977));
#9318=CARTESIAN_POINT('',(66.3576788625449,141.957789060348,137.310728368535));
#9319=CARTESIAN_POINT('',(66.3109734730121,141.984471760294,137.283142635538));
#9320=CARTESIAN_POINT('',(66.2570043729599,142.005939897053,137.26093202673));
#9321=CARTESIAN_POINT('',(66.2001938041753,142.02029782443,137.246074646454));
#9322=CARTESIAN_POINT('',(66.1436140997911,142.034597404666,137.231277642976));
#9323=CARTESIAN_POINT('',(66.0825748791236,142.042234118446,137.223371648728));
#9324=CARTESIAN_POINT('',(66.0223694972393,142.042279399268,137.223324777751));
#9325=CARTESIAN_POINT('',(65.9638689542816,142.042323397871,137.223279234023));
#9326=CARTESIAN_POINT('',(65.9044471384127,142.035176227472,137.230678486664));
#9327=CARTESIAN_POINT('',(65.8495068214607,142.021210758061,137.245129949351));
#9328=CARTESIAN_POINT('',(65.7967350343419,142.007796514758,137.259011003462));
#9329=CARTESIAN_POINT('',(65.7465834248019,141.987693430375,137.279809960875));
#9330=CARTESIAN_POINT('',(65.7035844161268,141.962544432099,137.305811888515));
#9331=CARTESIAN_POINT('',(65.6619560299487,141.938197075159,137.330984987118));
#9332=CARTESIAN_POINT('',(65.6258648366988,141.908444269508,137.361732831018));
#9333=CARTESIAN_POINT('',(65.5983317801215,141.875804432249,137.395437030137));
#9334=CARTESIAN_POINT('',(65.5710755010472,141.843492708675,137.428802416016));
#9335=CARTESIAN_POINT('',(65.5514503665643,141.807488044378,137.465956228371));
#9336=CARTESIAN_POINT('',(65.5408218875882,141.770731498724,137.503853365339));
#9337=CARTESIAN_POINT('',(65.5300333211149,141.733421321322,137.542321313787));
#9338=CARTESIAN_POINT('',(65.5282025775875,141.69435692191,137.582564870748));
#9339=CARTESIAN_POINT('',(65.5351522716109,141.656574713318,137.621454869836));
#9340=CARTESIAN_POINT('',(65.5409037180666,141.625306811599,137.65363955979));
#9341=CARTESIAN_POINT('',(65.5527135188145,141.594311262655,137.68552128497));
#9342=CARTESIAN_POINT('',(65.5698352981655,141.565112547697,137.71553619457));
#9343=CARTESIAN_POINT('',(65.5698352981699,141.565112547689,137.715536194578));
#9344=CARTESIAN_POINT('',(88.4292750314988,93.865260724663,173.768704976158));
#9345=CARTESIAN_POINT('',(84.3302437364736,102.573713360013,169.064629076889));
#9346=CARTESIAN_POINT('',(80.6835247823548,111.078237556365,163.611851151059));
#9347=CARTESIAN_POINT('',(73.3287165279544,127.109567651589,151.493796926245));
#9348=CARTESIAN_POINT('',(69.6208375957024,134.656714830606,144.817045053835));
#9349=CARTESIAN_POINT('',(65.5698352981699,141.565112547689,137.715536194578));
#9350=CARTESIAN_POINT('',(88.4292750314989,93.865260724663,173.768704976158));
#9351=CARTESIAN_POINT('',(88.4292750314989,93.865260724663,173.768704976158));
#9352=CARTESIAN_POINT('',(88.4528546788243,93.8151654150367,173.795765138112));
#9353=CARTESIAN_POINT('',(88.4859591326736,93.7676759591344,173.821388442223));
#9354=CARTESIAN_POINT('',(88.5267394301627,93.7270067830384,173.84331508428));
#9355=CARTESIAN_POINT('',(88.5676492875,93.6862084001292,173.865311387732));
#9356=CARTESIAN_POINT('',(88.6176270748322,93.6511286532565,173.884205476951));
#9357=CARTESIAN_POINT('',(88.6724867354445,93.6260325522923,173.89771714579));
#9358=CARTESIAN_POINT('',(88.7229163051426,93.6029630407678,173.910137704682));
#9359=CARTESIAN_POINT('',(88.7790612846627,93.5876807234247,173.918360317153));
#9360=CARTESIAN_POINT('',(88.8355503765977,93.582209802742,173.9213040672));
#9361=CARTESIAN_POINT('',(88.887220468965,93.5772055980836,173.923996690354));
#9362=CARTESIAN_POINT('',(88.9406475813833,93.5802476330232,173.922360270142));
#9363=CARTESIAN_POINT('',(88.9911757494637,93.5909964251635,173.916575944172));
#9364=CARTESIAN_POINT('',(89.0403323193597,93.601453438988,173.910948634997));
#9365=CARTESIAN_POINT('',(89.0880462696765,93.6194262670494,173.901275871177));
#9366=CARTESIAN_POINT('',(89.1308620303374,93.6431198908092,173.888516288786));
#9367=CARTESIAN_POINT('',(89.1753200313595,93.6677223066736,173.875267300138));
#9368=CARTESIAN_POINT('',(89.2156295859379,93.6990535335888,173.858387722351));
#9369=CARTESIAN_POINT('',(89.249435249875,93.7344207332451,173.839317675269));
#9370=CARTESIAN_POINT('',(89.2860787187501,93.772756820423,173.818646799584));
#9371=CARTESIAN_POINT('',(89.3160097625899,93.8167361690246,173.794915859914));
#9372=CARTESIAN_POINT('',(89.3378162227759,93.8629944332043,173.769929147802));
#9373=CARTESIAN_POINT('',(89.3617652671513,93.9137977828593,173.742487377243));
#9374=CARTESIAN_POINT('',(89.3765383590436,93.9686096436804,173.712850083532));
#9375=CARTESIAN_POINT('',(89.3815461323078,94.0234054058358,173.683186393761));
#9376=CARTESIAN_POINT('',(89.3848372219209,94.059416973085,173.663691529249));
#9377=CARTESIAN_POINT('',(89.3840038189622,94.0958944213307,173.643929684848));
#9378=CARTESIAN_POINT('',(89.3790674866899,94.1317482274241,173.62449128982));
#9379=CARTESIAN_POINT('',(0.,0.,0.));
#9380=CARTESIAN_POINT('',(65.5698352981649,141.565112547693,137.715536194567));
#9381=CARTESIAN_POINT('',(63.0234673269961,134.493834934874,127.620192029278));
#9382=CARTESIAN_POINT('',(60.3736437066541,126.514692165628,118.293350851817));
#9383=CARTESIAN_POINT('',(56.0421242689576,113.178896208534,105.676589637109));
#9384=CARTESIAN_POINT('',(54.549349520109,108.539518468304,101.74579492618));
#9385=CARTESIAN_POINT('',(52.2264884044582,101.283669030073,96.2734549954264));
#9386=CARTESIAN_POINT('',(51.4351072646885,98.8189500827878,94.5168953947179));
#9387=CARTESIAN_POINT('',(49.8293326374362,93.7846170113626,91.1508338306458));
#9388=CARTESIAN_POINT('',(49.0514031393703,91.1885573550473,89.5606659735776));
#9389=CARTESIAN_POINT('',(47.3939573466516,85.9999463387183,86.4184680383214));
#9390=CARTESIAN_POINT('',(46.5629717853402,83.40463857687,84.8497184208346));
#9391=CARTESIAN_POINT('',(44.8585517760532,78.3940027955375,81.5087257188922));
#9392=CARTESIAN_POINT('',(43.985725628192,75.9628527903922,79.7558916879515));
#9393=CARTESIAN_POINT('',(41.2878316569002,68.9019976251639,74.2463577175128));
#9394=CARTESIAN_POINT('',(39.384219689631,64.4993833081292,70.2450566666953));
#9395=CARTESIAN_POINT('',(35.4316545614335,56.2727778129137,61.5925532787834));
#9396=CARTESIAN_POINT('',(33.3923330421226,52.4932158607758,56.9652421085093));
#9397=CARTESIAN_POINT('',(29.2046474421993,45.7089655210029,47.3067182229812));
#9398=CARTESIAN_POINT('',(26.9987528024449,42.6905716723477,42.2684237864815));
#9399=CARTESIAN_POINT('',(24.7809971081987,39.9251396615153,37.0607403128231));
#9400=CARTESIAN_POINT('',(102.332887623698,13.7728142709517,29.4737056447058));
#9401=CARTESIAN_POINT('',(102.303218879402,15.8343592745749,36.1836242826453));
#9402=CARTESIAN_POINT('',(102.163429768053,17.9059321558005,42.8877816877261));
#9403=CARTESIAN_POINT('',(101.736784701075,21.0574094785727,52.9251061098689));
#9404=CARTESIAN_POINT('',(101.569543576172,22.1137916555386,56.2677323505317));
#9405=CARTESIAN_POINT('',(101.130915465662,24.2537036664061,62.9310448462076));
#9406=CARTESIAN_POINT('',(100.907321821497,25.2721336193258,66.2838025897191));
#9407=CARTESIAN_POINT('',(100.075234528055,28.8158795959992,76.1240525919933));
#9408=CARTESIAN_POINT('',(99.3602412128171,32.0918335852751,82.3150944908913));
#9409=CARTESIAN_POINT('',(97.563196646447,40.1895477642523,93.912079884597));
#9410=CARTESIAN_POINT('',(96.5034652225944,44.8712175402402,99.1356334899877));
#9411=CARTESIAN_POINT('',(94.739290536397,52.5865940281557,106.327237210289));
#9412=CARTESIAN_POINT('',(94.1534361680148,55.2601895451224,108.615897546304));
#9413=CARTESIAN_POINT('',(93.0907453588566,60.8032865862633,113.003563366536));
#9414=CARTESIAN_POINT('',(92.5964676331005,63.7429375857517,115.024299403603));
#9415=CARTESIAN_POINT('',(91.3049426976439,72.1684448761904,121.542641263099));
#9416=CARTESIAN_POINT('',(90.5788884317249,77.0770115607669,126.671092078053));
#9417=CARTESIAN_POINT('',(89.4007752240194,85.2588813062343,138.728227089966));
#9418=CARTESIAN_POINT('',(88.989895421443,88.2683484706252,145.314899208994));
#9419=CARTESIAN_POINT('',(88.4866744764013,92.3898446677831,159.171354699221));
#9420=CARTESIAN_POINT('',(88.3964880448929,93.5030181605735,166.465384020931));
#9421=CARTESIAN_POINT('',(88.4292750314993,93.8652607246628,173.768704976171));
#9422=CARTESIAN_POINT('',(89.7000000000003,91.151714917928,180.987998111463));
#9423=CARTESIAN_POINT('',(81.366666666667,110.488599385369,166.938929186741));
#9424=CARTESIAN_POINT('',(73.0333333333337,129.82548385281,152.889860262018));
#9425=CARTESIAN_POINT('',(64.7000000000004,149.162368320251,138.840791337296));
#9426=CARTESIAN_POINT('',(89.6999999999995,91.2535148279277,176.595478430175));
#9427=CARTESIAN_POINT('',(81.0390802644415,109.722337177159,162.815656265406));
#9428=CARTESIAN_POINT('',(72.3781605288834,128.191159526391,149.035834100638));
#9429=CARTESIAN_POINT('',(63.7172407933254,146.659981875622,135.25601193587));
#9430=CARTESIAN_POINT('',(89.7757743645031,90.9893106045842,167.79537334015));
#9431=CARTESIAN_POINT('',(80.415415201646,107.797442992603,154.619980167877));
#9432=CARTESIAN_POINT('',(71.0550560387889,124.605575380621,141.444586995605));
#9433=CARTESIAN_POINT('',(61.6946968759319,141.41370776864,128.269193823332));
#9434=CARTESIAN_POINT('',(90.1835590025144,88.7957155933585,154.761748475467));
#9435=CARTESIAN_POINT('',(79.6251807353282,103.477038072758,142.643519081594));
#9436=CARTESIAN_POINT('',(69.0668024681419,118.158360552157,130.525289687722));
#9437=CARTESIAN_POINT('',(58.5084242009557,132.839683031556,118.407060293849));
#9438=CARTESIAN_POINT('',(90.9459968216304,84.4568856856926,142.28369599312));
#9439=CARTESIAN_POINT('',(79.0267693611996,97.4982353886026,131.266761319437));
#9440=CARTESIAN_POINT('',(67.1075419007689,110.539585091512,120.249826645753));
#9441=CARTESIAN_POINT('',(55.1883144403381,123.580934794422,109.23289197207));
#9442=CARTESIAN_POINT('',(92.1019899544049,77.7562583794766,130.905861647627));
#9443=CARTESIAN_POINT('',(78.6534288937855,89.727671223107,120.873314010156));
#9444=CARTESIAN_POINT('',(65.2048678331661,101.699084066738,110.840766372685));
#9445=CARTESIAN_POINT('',(51.7563067725468,113.670496910368,100.808218735214));
#9446=CARTESIAN_POINT('',(93.2433209232786,71.1152752713835,123.607780974171));
#9447=CARTESIAN_POINT('',(78.5353099525728,82.6741760482096,114.100167283296));
#9448=CARTESIAN_POINT('',(63.8272989818671,94.2330768250356,104.592553592421));
#9449=CARTESIAN_POINT('',(49.1192880111613,105.791977601862,95.0849399015467));
#9450=CARTESIAN_POINT('',(94.0915267222842,66.171880297603,119.327281160232));
#9451=CARTESIAN_POINT('',(78.5087493767427,77.5731692661629,110.059003816935));
#9452=CARTESIAN_POINT('',(62.9259720312012,88.9744582347228,100.790726473639));
#9453=CARTESIAN_POINT('',(47.3431946856597,100.375747203283,91.5224491303432));
#9454=CARTESIAN_POINT('',(94.5309194588307,63.5962966991236,117.318830415601));
#9455=CARTESIAN_POINT('',(78.5046729761802,74.9424770858132,108.143791393194));
#9456=CARTESIAN_POINT('',(62.4784264935296,86.2886574725028,98.968752370787));
#9457=CARTESIAN_POINT('',(46.4521800108791,97.6348378591924,89.7937133483802));
#9458=CARTESIAN_POINT('',(94.9876296632801,60.9740117182272,115.37538984387));
#9459=CARTESIAN_POINT('',(78.5113682673938,72.2697135001788,106.290056923729));
#9460=CARTESIAN_POINT('',(62.0351068715075,83.5654152821304,97.2047240035875));
#9461=CARTESIAN_POINT('',(45.5588454756212,94.861117064082,88.1193910834462));
#9462=CARTESIAN_POINT('',(95.4674576499966,58.388224336852,113.389966289876));
#9463=CARTESIAN_POINT('',(78.532740359412,69.6112456386906,104.425690797673));
#9464=CARTESIAN_POINT('',(61.5980230688274,80.8342669405291,95.4614153054704));
#9465=CARTESIAN_POINT('',(44.6633057782429,92.0572882423676,86.4971398132677));
#9466=CARTESIAN_POINT('',(95.9715573467519,55.8601682959558,111.336949213215));
#9467=CARTESIAN_POINT('',(78.5695967702017,66.9821304701257,102.532838480667));
#9468=CARTESIAN_POINT('',(61.1676361936514,78.1040926442955,93.7287277481191));
#9469=CARTESIAN_POINT('',(43.7656756171012,89.2260548184653,84.9246170155712));
#9470=CARTESIAN_POINT('',(96.6766482511697,52.562710781905,108.519153544341));
#9471=CARTESIAN_POINT('',(78.6351518345287,63.5336544474472,99.9439106334901));
#9472=CARTESIAN_POINT('',(60.5936554178878,74.5045981129894,91.3686677226394));
#9473=CARTESIAN_POINT('',(42.5521590012468,85.4755417785317,82.7934248117887));
#9474=CARTESIAN_POINT('',(97.6209250143852,48.5713750649345,104.864244389939));
#9475=CARTESIAN_POINT('',(78.7439798186683,59.3472024485882,96.5641628703626));
#9476=CARTESIAN_POINT('',(59.8670346229515,70.123029832242,88.2640813507859));
#9477=CARTESIAN_POINT('',(40.9900894272346,80.8988572158958,79.9639998312092));
#9478=CARTESIAN_POINT('',(98.7112116190057,44.0294529728541,100.210946408098));
#9479=CARTESIAN_POINT('',(78.8216473089573,54.5591010993042,92.2358357351136));
#9480=CARTESIAN_POINT('',(58.9320829989089,65.0887492257542,84.2607250621289));
#9481=CARTESIAN_POINT('',(39.0425186888605,75.6183973522043,76.2856143891443));
#9482=CARTESIAN_POINT('',(99.6988159166314,39.7643043104742,95.2801436462364));
#9483=CARTESIAN_POINT('',(78.8078868567478,50.0300110786431,87.6332188567066));
#9484=CARTESIAN_POINT('',(57.9169577968641,60.2957178468121,79.9862940671768));
#9485=CARTESIAN_POINT('',(37.0260287369805,70.561424614981,72.3393692776471));
#9486=CARTESIAN_POINT('',(100.606670736558,35.8310435067618,90.0639504337215));
#9487=CARTESIAN_POINT('',(78.7193763602546,45.8006505109153,82.7561270533659));
#9488=CARTESIAN_POINT('',(56.8320819839514,55.7702575150689,75.4483036730103));
#9489=CARTESIAN_POINT('',(34.9447876076483,65.7398645192224,68.1404802926547));
#9490=CARTESIAN_POINT('',(101.425162090905,32.277979533859,84.5694893911444));
#9491=CARTESIAN_POINT('',(78.551281716174,41.9070664365779,77.6138500094581));
#9492=CARTESIAN_POINT('',(55.6774013414432,51.5361533392967,70.6582106277717));
#9493=CARTESIAN_POINT('',(32.8035209667124,61.1652402420155,63.7025712460853));
#9494=CARTESIAN_POINT('',(102.147522544406,29.1509712307259,78.8052053950423));
#9495=CARTESIAN_POINT('',(78.3006665229441,38.3836724739664,72.2165589133139));
#9496=CARTESIAN_POINT('',(54.4538105014827,47.616373717207,65.6279124315855));
#9497=CARTESIAN_POINT('',(30.6069544800212,56.8490749604475,59.0392659498571));
#9498=CARTESIAN_POINT('',(102.668097333126,26.9528678339445,73.7945917629222));
#9499=CARTESIAN_POINT('',(78.0236819333695,35.7923069842102,67.5231191765644));
#9500=CARTESIAN_POINT('',(53.3792665336134,44.631746134476,61.2516465902068));
#9501=CARTESIAN_POINT('',(28.7348511338574,53.4711852847417,54.9801740038491));
#9502=CARTESIAN_POINT('',(103.034844914229,25.4800392075315,69.671012056149));
#9503=CARTESIAN_POINT('',(77.7615168931852,33.9541400440472,63.6600058817296));
#9504=CARTESIAN_POINT('',(52.4881888721418,42.4282408805629,57.6489997073103));
#9505=CARTESIAN_POINT('',(27.2148608510983,50.9023417170787,51.6379935328909));
#9506=CARTESIAN_POINT('',(103.286524341775,24.4760149964742,66.5415285527298));
#9507=CARTESIAN_POINT('',(77.5457870859336,32.6646496827499,60.7230078191414));
#9508=CARTESIAN_POINT('',(51.8050498300919,40.8532843690255,54.9044870855529));
#9509=CARTESIAN_POINT('',(26.0643125742501,49.0419190553012,49.0859663519645));
#9510=CARTESIAN_POINT('',(103.516417210148,23.5198328346463,63.397725668416));
#9511=CARTESIAN_POINT('',(77.3122137970182,31.4289493347683,57.7620201031768));
#9512=CARTESIAN_POINT('',(51.1080103838881,39.3380658348904,52.1263145379375));
#9513=CARTESIAN_POINT('',(24.903806970758,47.2471823350125,46.4906089726983));
#9514=CARTESIAN_POINT('',(103.795393308492,22.2341132658665,59.2210505998478));
#9515=CARTESIAN_POINT('',(76.9761434374677,29.8018562517536,53.8024595198967));
#9516=CARTESIAN_POINT('',(50.1568935664433,37.3695992376407,48.3838684399456));
#9517=CARTESIAN_POINT('',(23.3376436954188,44.9373422235278,42.9652773599946));
#9518=CARTESIAN_POINT('',(104.033551568358,20.9516995442678,55.0386392157806));
#9519=CARTESIAN_POINT('',(76.607676136848,28.2206357263829,49.8147407162118));
#9520=CARTESIAN_POINT('',(49.1818007053384,35.4895719084981,44.590842216643));
#9521=CARTESIAN_POINT('',(21.7559252738288,42.7585080906132,39.3669437170742));
#9522=CARTESIAN_POINT('',(104.231410114287,19.6740306731172,50.851925015848));
#9523=CARTESIAN_POINT('',(76.2097049237769,26.6847011092501,45.8011669174917));
#9524=CARTESIAN_POINT('',(48.1879997332671,33.695371545383,40.7504088191354));
#9525=CARTESIAN_POINT('',(20.1662945427572,40.7060419815159,35.699650720779));
#9526=CARTESIAN_POINT('',(104.359783697901,18.7185111957949,47.7100963328743));
#9527=CARTESIAN_POINT('',(75.8972831153167,25.5490765819241,42.7818843001163));
#9528=CARTESIAN_POINT('',(47.4347825327327,32.3796419680533,37.8536722673582));
#9529=CARTESIAN_POINT('',(18.9722819501486,39.2102073541825,32.9254602346002));
#9530=CARTESIAN_POINT('',(104.468266486818,17.7660836453299,44.5668329917848));
#9531=CARTESIAN_POINT('',(75.5719109523786,24.4212338898956,39.7584700153993));
#9532=CARTESIAN_POINT('',(46.6755554179395,31.0763841344612,34.9501070390138));
#9533=CARTESIAN_POINT('',(17.7791998835004,37.7315343790268,30.1417440626283));
#9534=CARTESIAN_POINT('',(104.585721790595,16.4995873905497,40.3741843317744));
#9535=CARTESIAN_POINT('',(75.120515628069,22.9243231036324,35.7235319755153));
#9536=CARTESIAN_POINT('',(45.655309465543,29.3490588167152,31.0728796192563));
#9537=CARTESIAN_POINT('',(16.190103303017,35.773794529798,26.4222272629972));
#9538=CARTESIAN_POINT('',(104.680311351641,14.9215140518295,35.13084438246));
#9539=CARTESIAN_POINT('',(74.5223144908826,21.0650982482932,30.6733789385061));
#9540=CARTESIAN_POINT('',(44.3643176301242,27.208682444757,26.2159134945523));
#9541=CARTESIAN_POINT('',(14.2063207693657,33.3522666412208,21.7584480505984));
#9542=CARTESIAN_POINT('',(104.701924711876,13.3465929029318,29.8855422953947));
#9543=CARTESIAN_POINT('',(73.8763213437203,19.2241434533625,25.6132381852706));
#9544=CARTESIAN_POINT('',(43.0507179755647,25.1016940037932,21.3409340751465));
#9545=CARTESIAN_POINT('',(12.2251146074091,30.9792445542239,17.0686299650224));
#9546=CARTESIAN_POINT('',(104.701880230629,12.0899958027544,25.6882934187353));
#9547=CARTESIAN_POINT('',(73.3485421711817,17.7631907637949,21.5594136202866));
#9548=CARTESIAN_POINT('',(41.9952041117348,23.4363857248353,17.4305338218378));
#9549=CARTESIAN_POINT('',(10.6418660522879,29.1095806858757,13.3016540233891));
#9550=CARTESIAN_POINT('',(104.698588207569,10.2078307056731,19.391601567821));
#9551=CARTESIAN_POINT('',(72.5553237616339,15.5831084186998,15.473174232925));
#9552=CARTESIAN_POINT('',(40.412059315699,20.9583861317266,11.5547468980291));
#9553=CARTESIAN_POINT('',(8.2687948697641,26.3336638447534,7.63631956313318));
#9554=CARTESIAN_POINT('',(104.699780636095,7.39359316818749,9.94387291716479));
#9555=CARTESIAN_POINT('',(71.3719417800625,12.354496791753,6.32374670764426));
#9556=CARTESIAN_POINT('',(38.0441029240297,17.3154004153185,2.70362049812372));
#9557=CARTESIAN_POINT('',(4.71626406799682,22.2763040388839,-0.91650571139682));
#9558=CARTESIAN_POINT('',(104.7,4.90248991931975,1.54278521969154));
#9559=CARTESIAN_POINT('',(70.3233128984329,9.54404174819503,-1.83691867975035));
#9560=CARTESIAN_POINT('',(35.9466257968654,14.1855935770703,-5.21662257919223));
#9561=CARTESIAN_POINT('',(1.56993869529786,18.8271454059456,-8.59632647863412));
#9562=CARTESIAN_POINT('',(104.7,3.65887955161814,-2.65833159909979));
#9563=CARTESIAN_POINT('',(69.8000000000003,8.15371491300239,-5.92402064552782));
#9564=CARTESIAN_POINT('',(34.9000000000002,12.6485502743866,-9.18970969195586));
#9565=CARTESIAN_POINT('',(0.,17.1433856357709,-12.4553987383839));
#9566=CARTESIAN_POINT('',(24.8627526293554,40.6147714424331,36.2858243762901));
#9567=CARTESIAN_POINT('',(27.1150076044412,43.3666128493467,41.4994562567506));
#9568=CARTESIAN_POINT('',(29.3731609080256,46.3614497202302,46.5439445773234));
#9569=CARTESIAN_POINT('',(33.6600050428528,53.1042059868685,56.218935082649));
#9570=CARTESIAN_POINT('',(35.7454948779054,56.8656355893355,60.8565974769934));
#9571=CARTESIAN_POINT('',(39.782468019953,65.0664767528407,69.5306096808269));
#9572=CARTESIAN_POINT('',(41.7246045492562,69.46005395538,73.54241220404));
#9573=CARTESIAN_POINT('',(44.4763010970025,76.5135418599844,79.0666072963203));
#9574=CARTESIAN_POINT('',(45.3666768603343,78.9431932443263,80.8241118692405));
#9575=CARTESIAN_POINT('',(47.1051340980936,83.9523905982469,84.174451840914));
#9576=CARTESIAN_POINT('',(47.955349742684,86.5469435009069,85.7477770432042));
#9577=CARTESIAN_POINT('',(49.6408013826458,91.7295572793828,88.9093604680426));
#9578=CARTESIAN_POINT('',(50.4332680165257,94.3197857037488,90.5128877055984));
#9579=CARTESIAN_POINT('',(52.0677938854722,99.3413959670204,93.905210504159));
#9580=CARTESIAN_POINT('',(52.8733603506333,101.799393744149,95.6749265603585));
#9581=CARTESIAN_POINT('',(55.2425460694343,109.030755436714,101.189503119113));
#9582=CARTESIAN_POINT('',(56.7692089066827,113.648943024886,105.151604357263));
#9583=CARTESIAN_POINT('',(61.1974657730257,126.914280031267,117.867641426171));
#9584=CARTESIAN_POINT('',(63.8982397082287,134.836002172736,127.260005836519));
#9585=CARTESIAN_POINT('',(66.4765085633787,141.862508493914,137.409165210382));
#9586=CARTESIAN_POINT('',(89.37906748669,94.1317482274241,173.62449128982));
#9587=CARTESIAN_POINT('',(89.3361062797498,93.8000967172941,166.315510362906));
#9588=CARTESIAN_POINT('',(89.4134160303629,92.7166244860561,159.012312987548));
#9589=CARTESIAN_POINT('',(89.8844809920892,88.6534803223278,145.130467828825));
#9590=CARTESIAN_POINT('',(90.2762561333704,85.6722061360558,138.524426745319));
#9591=CARTESIAN_POINT('',(91.4042419718437,77.5540475084128,126.411329387759));
#9592=CARTESIAN_POINT('',(92.0998156629565,72.6793207245933,121.242192433608));
#9593=CARTESIAN_POINT('',(93.3420117296235,64.2952117335561,114.659412156127));
#9594=CARTESIAN_POINT('',(93.8282239168569,61.3544630681897,112.632650455049));
#9595=CARTESIAN_POINT('',(94.8718492660846,55.8161789933145,108.228127176198));
#9596=CARTESIAN_POINT('',(95.4472263146815,53.1467665430007,105.92969435855));
#9597=CARTESIAN_POINT('',(97.1807938144164,45.4459010776456,98.7100766353148));
#9598=CARTESIAN_POINT('',(98.2200976344244,40.775704639109,93.468898742719));
#9599=CARTESIAN_POINT('',(99.9689290481234,32.7157008106002,81.8300976073007));
#9600=CARTESIAN_POINT('',(100.655323244518,29.4762620529181,75.6195753603679));
#9601=CARTESIAN_POINT('',(101.433199217957,25.987989450017,65.7500175649433));
#9602=CARTESIAN_POINT('',(101.642996754615,24.9753265333238,62.393854580221));
#9603=CARTESIAN_POINT('',(102.050254098446,22.8489287042563,55.7223082844821));
#9604=CARTESIAN_POINT('',(102.20513768588,21.7977977748998,52.376700513862));
#9605=CARTESIAN_POINT('',(102.597325742899,18.660316086385,42.3321687531182));
#9606=CARTESIAN_POINT('',(102.715639456182,16.5953954812682,35.6245065850784));
#9607=CARTESIAN_POINT('',(102.728511036526,14.5398260218082,28.9117118962211));
#9608=CARTESIAN_POINT('',(104.7,3.65887955161814,-2.65833159909979));
#9609=CARTESIAN_POINT('',(75.2918446225788,21.7652815378892,-10.1547890479825));
#9610=CARTESIAN_POINT('',(35.1694414288253,20.6029521041127,-12.313767846722));
#9611=CARTESIAN_POINT('',(0.,17.1433856357709,-12.4553987383839));
#9612=CARTESIAN_POINT('',(104.700113518115,4.9053686447213,1.55052271669066));
#9613=CARTESIAN_POINT('',(75.8051342856142,22.8775350971042,-5.99119987894082));
#9614=CARTESIAN_POINT('',(36.2835334799701,21.9205340461796,-8.33642619068081));
#9615=CARTESIAN_POINT('',(1.5671969131063,18.8285219735623,-8.60568046909716));
#9616=CARTESIAN_POINT('',(104.696920609184,7.4011587361494,9.96733265546591));
#9617=CARTESIAN_POINT('',(76.8418963869196,25.129654505335,2.32851633221074));
#9618=CARTESIAN_POINT('',(38.5119138698044,24.6593909286512,-0.466098499722966));
#9619=CARTESIAN_POINT('',(4.70723439698571,22.2628548349646,-0.936431101858615));
#9620=CARTESIAN_POINT('',(104.697780913444,11.1597093643882,22.5882447889493));
#9621=CARTESIAN_POINT('',(78.4447769666079,28.5894047339124,14.7216838523671));
#9622=CARTESIAN_POINT('',(41.8811012622953,28.9340687619343,11.3099717111726));
#9623=CARTESIAN_POINT('',(9.43520241313899,27.6657536741536,10.4442557949158));
#9624=CARTESIAN_POINT('',(104.716463809324,14.3095809433606,33.1007470077339));
#9625=CARTESIAN_POINT('',(79.8272029361064,31.5908967557552,25.0794802906081));
#9626=CARTESIAN_POINT('',(44.7085564093894,32.6545614693939,21.0488219805084));
#9627=CARTESIAN_POINT('',(13.387252233725,32.3565717656709,19.8310922800537));
#9628=CARTESIAN_POINT('',(104.564327288057,16.8404199113305,41.5059201375572));
#9629=CARTESIAN_POINT('',(80.8333234534873,34.0727927740646,33.4654633140207));
#9630=CARTESIAN_POINT('',(46.9231065581887,35.6935045098394,28.8242843917686));
#9631=CARTESIAN_POINT('',(16.5555394907111,36.2150302559223,27.283635580555));
#9632=CARTESIAN_POINT('',(104.365876178015,18.7456405974601,47.8056145481978));
#9633=CARTESIAN_POINT('',(81.5341149875292,35.9303420872514,39.7165970413723));
#9634=CARTESIAN_POINT('',(48.5574185499164,38.0254539981314,34.6849367856275));
#9635=CARTESIAN_POINT('',(18.9358790734695,39.155507921248,32.8467857284288));
#9636=CARTESIAN_POINT('',(104.08771569974,20.6639215803335,54.0983093763751));
#9637=CARTESIAN_POINT('',(82.1948106168574,37.8122845986869,45.937314701333));
#9638=CARTESIAN_POINT('',(50.1799168675202,40.3492644149542,40.3355814028977));
#9639=CARTESIAN_POINT('',(21.3198685701534,42.1634329230126,38.3730613937965));
#9640=CARTESIAN_POINT('',(103.78851902801,22.2739157717523,59.335335852396));
#9641=CARTESIAN_POINT('',(82.7182950976688,39.4485778229896,51.0975518826949));
#9642=CARTESIAN_POINT('',(51.5150311407023,42.3677784372611,44.9064963265577));
#9643=CARTESIAN_POINT('',(23.2944153558539,44.8748369682999,42.8671069874093));
#9644=CARTESIAN_POINT('',(103.507720201749,23.5507378993103,63.5255831769601));
#9645=CARTESIAN_POINT('',(83.1240401546827,40.8020202681159,55.2261201067096));
#9646=CARTESIAN_POINT('',(52.5671727638636,44.0832407201608,48.5204914330975));
#9647=CARTESIAN_POINT('',(24.8564170670519,47.1763047036789,46.3860905662986));
#9648=CARTESIAN_POINT('',(103.277127530782,24.5167302320942,66.6643904882538));
#9649=CARTESIAN_POINT('',(83.4229103745255,41.8276677155876,58.2671571647485));
#9650=CARTESIAN_POINT('',(53.3454224735258,45.407153365525,51.2088494355772));
#9651=CARTESIAN_POINT('',(26.0185069287692,48.9688837191714,48.9848053863824));
#9652=CARTESIAN_POINT('',(103.024689499791,25.5231833826676,69.7896763225134));
#9653=CARTESIAN_POINT('',(83.731118150199,42.848531266771,61.1238352732968));
#9654=CARTESIAN_POINT('',(54.1104725906838,46.7893412343131,53.8678306796197));
#9655=CARTESIAN_POINT('',(27.1705918058053,50.8282469130055,51.5406009263005));
#9656=CARTESIAN_POINT('',(102.656857833877,26.9985996989573,73.9076556241812));
#9657=CARTESIAN_POINT('',(84.1256910120012,44.2502379382846,64.7106708454987));
#9658=CARTESIAN_POINT('',(55.1048958056931,48.7312039224541,57.3677018533315));
#9659=CARTESIAN_POINT('',(28.6925735782781,53.3968513617515,54.8879073845267));
#9660=CARTESIAN_POINT('',(102.13522201744,29.2032814333418,78.9101240475873));
#9661=CARTESIAN_POINT('',(84.5331272109916,46.2955736813249,69.1130990357452));
#9662=CARTESIAN_POINT('',(56.2870059286762,51.377777729869,61.647636004805));
#9663=CARTESIAN_POINT('',(30.5670705171656,56.7760971904561,58.9527601764821));
#9664=CARTESIAN_POINT('',(101.412009005688,32.3353735812899,84.6643075734068));
#9665=CARTESIAN_POINT('',(84.8731727135576,49.196745883963,74.3262283587863));
#9666=CARTESIAN_POINT('',(57.6177319645644,54.902161034236,66.5927027487906));
#9667=CARTESIAN_POINT('',(32.7665127126409,61.0937139181041,63.6233069092634));
#9668=CARTESIAN_POINT('',(100.592736362849,35.8916000414067,90.1492306364477));
#9669=CARTESIAN_POINT('',(85.0906447574378,52.5001453835901,79.3844506267772));
#9670=CARTESIAN_POINT('',(58.8594367772223,58.7455021384515,71.3343325549422));
#9671=CARTESIAN_POINT('',(34.9108150884623,65.6667896837215,68.0701488562383));
#9672=CARTESIAN_POINT('',(99.6850229854541,39.8261536405173,95.3559186463743));
#9673=CARTESIAN_POINT('',(85.1896872152619,56.1607932394187,84.2497638011983));
#9674=CARTESIAN_POINT('',(60.0106709083976,62.8847995946302,75.8673082455247));
#9675=CARTESIAN_POINT('',(36.9951288503322,70.4865414445043,72.2782284446148));
#9676=CARTESIAN_POINT('',(98.6960031858766,44.0911291622136,100.278191805085));
#9677=CARTESIAN_POINT('',(85.1842953813017,60.1778158291748,88.9411337358238));
#9678=CARTESIAN_POINT('',(61.0735675971564,67.3050739687832,80.1736866310844));
#9679=CARTESIAN_POINT('',(39.0146052039529,75.5441861576482,76.2324881016008));
#9680=CARTESIAN_POINT('',(97.6056339576652,48.6328875563159,104.923008537281));
#9681=CARTESIAN_POINT('',(85.0637832408865,64.4947381370479,93.4269471965382));
#9682=CARTESIAN_POINT('',(62.0480253146388,71.9897813711832,84.2298984702149));
#9683=CARTESIAN_POINT('',(40.9649015857153,80.827475082773,79.9173275447223));
#9684=CARTESIAN_POINT('',(96.663709835589,52.6225811019066,108.572717655864));
#9685=CARTESIAN_POINT('',(84.9419129050032,68.2725540990218,96.8757756425217));
#9686=CARTESIAN_POINT('',(62.7924446792706,76.0851632910305,87.4050362471291));
#9687=CARTESIAN_POINT('',(42.5288797909607,85.4080454133775,82.7505100003746));
#9688=CARTESIAN_POINT('',(95.9597426181231,55.9185354772151,111.385834844096));
#9689=CARTESIAN_POINT('',(84.8860289496738,71.3933283764925,99.483964940249));
#9690=CARTESIAN_POINT('',(63.3914719664215,79.5127448024194,89.8523019214091));
#9691=CARTESIAN_POINT('',(43.7441536728123,89.1604148176569,84.8855052842213));
#9692=CARTESIAN_POINT('',(95.4564059207289,58.445680983532,113.435124577407));
#9693=CARTESIAN_POINT('',(84.8353601009095,73.7739753922865,101.395590914397));
#9694=CARTESIAN_POINT('',(63.8590969524103,82.1839272568334,91.6948280132776));
#9695=CARTESIAN_POINT('',(44.6438288565431,91.9900809124592,86.4666620336446));
#9696=CARTESIAN_POINT('',(94.9775606146479,61.031086170102,115.416643048311));
#9697=CARTESIAN_POINT('',(84.7874604278823,76.1987063929577,103.277243084527));
#9698=CARTESIAN_POINT('',(64.3447557491109,84.9225094157084,93.570222877725));
#9699=CARTESIAN_POINT('',(45.5396915919327,94.7995466356147,88.0854340624575));
#9700=CARTESIAN_POINT('',(94.5217544144641,63.6496848536958,117.359278168662));
#9701=CARTESIAN_POINT('',(84.7671627573168,78.7307201779812,105.238544383161));
#9702=CARTESIAN_POINT('',(64.8286584209406,87.6509510722993,95.4646283711115));
#9703=CARTESIAN_POINT('',(46.4335570285409,97.5781800876071,89.7575515503594));
#9704=CARTESIAN_POINT('',(94.0830122967625,66.2213692488886,119.368483594258));
#9705=CARTESIAN_POINT('',(84.8199672763473,81.3515758996993,107.376992804736));
#9706=CARTESIAN_POINT('',(65.3120195701588,90.3312279549468,97.4169977347269));
#9707=CARTESIAN_POINT('',(47.3254466501252,100.322371253854,91.4867253110746));
#9708=CARTESIAN_POINT('',(93.2364484333066,71.1555684070731,123.648151144149));
#9709=CARTESIAN_POINT('',(84.9495813492963,86.4105159029969,111.862446331278));
#9710=CARTESIAN_POINT('',(66.2997006045331,95.5738928657179,101.462367520422));
#9711=CARTESIAN_POINT('',(49.1035800740974,105.74385766117,95.0522922679539));
#9712=CARTESIAN_POINT('',(92.0970475966519,77.7849155476158,130.947098397855));
#9713=CARTESIAN_POINT('',(85.2315447630771,93.2734431780324,119.213507579889));
#9714=CARTESIAN_POINT('',(67.8349538994909,102.995127863495,108.046925066417));
#9715=CARTESIAN_POINT('',(51.7432551787626,113.632684976384,100.77686642304));
#9716=CARTESIAN_POINT('',(90.9436234385016,84.470448667629,142.316045246465));
#9717=CARTESIAN_POINT('',(85.782063781331,100.565344267908,130.175318716454));
#9718=CARTESIAN_POINT('',(70.0146288649634,111.74852386694,117.828413735593));
#9719=CARTESIAN_POINT('',(55.1781632293823,123.551242671936,109.209659512469));
#9720=CARTESIAN_POINT('',(90.1824378383829,88.8019123864574,154.789779392815));
#9721=CARTESIAN_POINT('',(86.4788359056546,105.934798743794,141.904264403549));
#9722=CARTESIAN_POINT('',(72.3033535750797,119.278308499813,128.39926555492));
#9723=CARTESIAN_POINT('',(58.5025590851565,132.82386374209,118.389029923259));
#9724=CARTESIAN_POINT('',(89.8433788001182,90.6255759501003,165.63811995616));
#9725=CARTESIAN_POINT('',(87.1948498684101,109.017106708939,152.018371960724));
#9726=CARTESIAN_POINT('',(74.2513631380812,124.577010002733,137.693483122822));
#9727=CARTESIAN_POINT('',(61.160632284988,139.97705548354,126.61439265059));
#9728=CARTESIAN_POINT('',(89.7346042743447,91.116430209804,173.306778485848));
#9729=CARTESIAN_POINT('',(87.771586120752,110.570705763882,159.175768756596));
#9730=CARTESIAN_POINT('',(75.6151611527569,127.823820791162,144.386982149258));
#9731=CARTESIAN_POINT('',(62.9539349314482,144.673502286929,132.643589536578));
#9732=CARTESIAN_POINT('',(89.7043400376711,91.2011958807978,177.696041025852));
#9733=CARTESIAN_POINT('',(88.1227483481617,111.306620718354,163.279597378584));
#9734=CARTESIAN_POINT('',(76.3902887750313,129.555682322501,148.257894587856));
#9735=CARTESIAN_POINT('',(63.958635221971,147.268485706265,136.161371557563));
#9736=CARTESIAN_POINT('',(89.7012198722034,91.1696092461076,179.890756040332));
#9737=CARTESIAN_POINT('',(88.2999817290009,111.615064698493,165.333683304286));
#9738=CARTESIAN_POINT('',(76.7758788009352,130.37732617781,150.21411122064));
#9739=CARTESIAN_POINT('',(64.4529876675292,148.531537353729,137.947317898168));
#9740=CARTESIAN_POINT('',(89.7000000000003,91.151714917928,180.987998111463));
#9741=CARTESIAN_POINT('',(88.4076356426226,111.773606161773,166.365984607912));
#9742=CARTESIAN_POINT('',(76.9731230191069,130.775750630371,151.17118566543));
#9743=CARTESIAN_POINT('',(64.7000000000004,149.162368320251,138.840791337296));
#9744=CARTESIAN_POINT('',(66.6613709514001,142.364526597528,138.138726675793));
#9745=CARTESIAN_POINT('',(63.7255493921743,147.138729262769,135.596314340304));
#9746=CARTESIAN_POINT('',(65.7733547322899,142.128008684247,138.524640205543));
#9747=CARTESIAN_POINT('',(64.0676312482791,135.348853711928,127.877664647059));
#9748=CARTESIAN_POINT('',(60.8864229885076,139.90180345474,125.628154956953));
#9749=CARTESIAN_POINT('',(63.2129124700266,135.078662886986,128.31906457718));
#9750=CARTESIAN_POINT('',(61.3423118643489,127.345092270858,118.320970581026));
#9751=CARTESIAN_POINT('',(57.76720782593,131.388121424415,116.152195586489));
#9752=CARTESIAN_POINT('',(60.5430116589362,127.031997648755,118.838456492074));
#9753=CARTESIAN_POINT('',(56.8387720458532,113.858800321257,105.33353266401));
#9754=CARTESIAN_POINT('',(52.7269079592253,117.041446379866,103.382484964931));
#9755=CARTESIAN_POINT('',(56.1510159401718,113.516086455945,105.969553521911));
#9756=CARTESIAN_POINT('',(55.2844270654377,109.158445649316,101.289158600055));
#9757=CARTESIAN_POINT('',(51.0355066572336,112.122628619066,99.4597536417794));
#9758=CARTESIAN_POINT('',(54.6369105010687,108.812746766491,101.964151355903));
#9759=CARTESIAN_POINT('',(52.8707867385715,101.791608275924,95.6678623973346));
#9760=CARTESIAN_POINT('',(48.4676048283769,104.443843857236,94.0117836512923));
#9761=CARTESIAN_POINT('',(52.2802047395103,101.45159424751,96.3943327738924));
#9762=CARTESIAN_POINT('',(52.0495636589946,99.2867040556689,93.8650718921456));
#9763=CARTESIAN_POINT('',(47.6121371529844,101.870257114985,92.2824569216926));
#9764=CARTESIAN_POINT('',(51.4774336121653,98.9504143721292,94.6077409766035));
#9765=CARTESIAN_POINT('',(50.8001352078404,95.4461814488777,91.275513819094));
#9766=CARTESIAN_POINT('',(46.3119583374587,97.8787931139503,89.7661842965877));
#9767=CARTESIAN_POINT('',(50.2544364520565,95.1179619833189,92.0409431721721));
#9768=CARTESIAN_POINT('',(50.3845976681559,94.1492639765915,90.4336323026156));
#9769=CARTESIAN_POINT('',(45.877883781502,96.5256918773264,88.9424436616642));
#9770=CARTESIAN_POINT('',(49.84747916572,93.8239813698495,91.2063014075395));
#9771=CARTESIAN_POINT('',(49.558810677079,91.5283473565536,88.7858546590481));
#9772=CARTESIAN_POINT('',(45.0193839889173,93.8177973556655,87.3489465395444));
#9773=CARTESIAN_POINT('',(49.0386734027395,91.2064739785818,89.5714076654213));
#9774=CARTESIAN_POINT('',(49.1463168613205,90.2049909281631,87.9790700994214));
#9775=CARTESIAN_POINT('',(44.6018835507122,92.4946904865159,86.5971340252382));
#9776=CARTESIAN_POINT('',(48.6351442910962,89.8850041630447,88.7712133982498));
#9777=CARTESIAN_POINT('',(48.2864972331941,87.5701445276457,86.3722728281513));
#9778=CARTESIAN_POINT('',(43.7363549869927,89.8404738691188,85.0995490906865));
#9779=CARTESIAN_POINT('',(47.7918982396186,87.2461655799619,87.1732000473748));
#9780=CARTESIAN_POINT('',(47.8529974739635,86.2536980865603,85.5740112428936));
#9781=CARTESIAN_POINT('',(43.2940770226741,88.4856524459991,84.3420893057012));
#9782=CARTESIAN_POINT('',(47.3654136683314,85.9225321760845,86.3762907887902));
#9783=CARTESIAN_POINT('',(46.9909568793583,83.6484329497637,83.9482044764331));
#9784=CARTESIAN_POINT('',(42.4409313443219,85.8658351274218,82.8401003665631));
#9785=CARTESIAN_POINT('',(46.5157562418923,83.2969318887965,84.7491704409533));
#9786=CARTESIAN_POINT('',(46.5557752385216,82.3638551148355,83.1172962540987));
#9787=CARTESIAN_POINT('',(42.018192542961,84.5859798069379,82.0818414619581));
#9788=CARTESIAN_POINT('',(46.0862707833345,82.0001935826471,83.9161584494328));
#9789=CARTESIAN_POINT('',(45.2317600181692,78.5683524362312,80.5602243113804));
#9790=CARTESIAN_POINT('',(40.7339452657776,80.797839039964,79.7403570880285));
#9791=CARTESIAN_POINT('',(44.7798723176335,78.1694661233671,81.3525743721567));
#9792=CARTESIAN_POINT('',(44.3275527351307,76.1159305545977,78.7710592525098));
#9793=CARTESIAN_POINT('',(39.8558239317057,78.3328388251148,78.0892280764095));
#9794=CARTESIAN_POINT('',(43.887214951889,75.692539180188,79.5570964468495));
#9795=CARTESIAN_POINT('',(41.5306087728565,69.0001480728778,73.1459168629043));
#9796=CARTESIAN_POINT('',(37.1695585542167,71.2276482518441,72.913415521084));
#9797=CARTESIAN_POINT('',(41.1254543518938,68.5046303003568,73.9095012503196));
#9798=CARTESIAN_POINT('',(39.5573503669775,64.5717306087633,69.0594549114074));
#9799=CARTESIAN_POINT('',(35.2409986906951,66.6906002275077,69.0610190629622));
#9800=CARTESIAN_POINT('',(39.1760516985946,64.0283785417502,69.8026637473926));
#9801=CARTESIAN_POINT('',(36.4806978026451,58.3816395946835,62.4287529965391));
#9802=CARTESIAN_POINT('',(32.1965223350162,60.288400005532,62.7129074943407));
#9803=CARTESIAN_POINT('',(36.1383700021449,57.7663995164627,63.1316096076791));
#9804=CARTESIAN_POINT('',(35.4365383013396,56.4005213788327,60.137813184354));
#9805=CARTESIAN_POINT('',(31.173789522745,58.2457009407195,60.5331628014315));
#9806=CARTESIAN_POINT('',(35.1077661566624,55.7614475104401,60.8256500466548));
#9807=CARTESIAN_POINT('',(33.3305947240689,52.6617513028722,55.4683361828363));
#9808=CARTESIAN_POINT('',(29.1108328178944,54.3674579703549,56.0710470045493));
#9809=CARTESIAN_POINT('',(33.0302925451155,51.9763538537629,56.123564736735));
#9810=CARTESIAN_POINT('',(32.2684811110866,50.8943846178496,53.0796871258866));
#9811=CARTESIAN_POINT('',(28.0642120250126,52.5202512986787,53.780874456581));
#9812=CARTESIAN_POINT('',(31.9833347779136,50.1860693041032,53.7169490665392));
#9813=CARTESIAN_POINT('',(30.1107039581618,47.5501735847454,48.2067188506671));
#9814=CARTESIAN_POINT('',(25.9561768736431,49.0151403653916,49.0975735160412));
#9815=CARTESIAN_POINT('',(29.8564925822224,46.8001045457037,48.8079988952808));
#9816=CARTESIAN_POINT('',(29.0155337584587,45.9703516845596,45.7236349941867));
#9817=CARTESIAN_POINT('',(24.893987478568,47.3519359395822,46.7012930883901));
#9818=CARTESIAN_POINT('',(28.776482580322,45.2017885104499,46.3071845340456));
#9819=CARTESIAN_POINT('',(26.7837790955386,42.9774807537816,40.6801583389637));
#9820=CARTESIAN_POINT('',(22.7327179133769,44.1972417671465,41.8027523503639));
#9821=CARTESIAN_POINT('',(26.5721515762616,42.1750860806753,41.2272370562081));
#9822=CARTESIAN_POINT('',(25.6486685973037,41.5709106151223,38.1160573447184));
#9823=CARTESIAN_POINT('',(21.6128845162524,42.6946440381777,39.2761275385321));
#9824=CARTESIAN_POINT('',(25.4498463691967,40.752303707779,38.6430185336436));
#9825=CARTESIAN_POINT('',(24.5300282881701,40.208978590745,35.5136457805523));
#9826=CARTESIAN_POINT('',(20.4979444219889,41.2535653726943,36.6859407556795));
#9827=CARTESIAN_POINT('',(24.3423679141998,39.3799643809168,36.0277882704625));
#9828=CARTESIAN_POINT('',(102.729904654196,14.2308692173317,27.9022501732639));
#9829=CARTESIAN_POINT('',(104.802424295304,12.8559342851784,28.3272494006149));
#9830=CARTESIAN_POINT('',(102.337716155297,13.3710446102853,28.1651284234561));
#9831=CARTESIAN_POINT('',(102.723985579788,16.3147930279274,34.7146337902161));
#9832=CARTESIAN_POINT('',(104.797046315303,14.9226463094532,35.2338325333096));
#9833=CARTESIAN_POINT('',(102.317290311764,15.460244015114,34.9745152515368));
#9834=CARTESIAN_POINT('',(102.619605477328,18.4107650036207,41.5257515541697));
#9835=CARTESIAN_POINT('',(104.687892611645,16.9827661722073,42.0957056906419));
#9836=CARTESIAN_POINT('',(102.196698164059,17.5612376304395,41.7779783443553));
#9837=CARTESIAN_POINT('',(102.234447446354,21.59373078327,51.7265784501492));
#9838=CARTESIAN_POINT('',(104.287528766235,20.0818063436394,52.3138220620647));
#9839=CARTESIAN_POINT('',(101.782905467703,20.7559732578456,51.969781580215));
#9840=CARTESIAN_POINT('',(102.08040237399,22.6604044611221,55.1246278176085));
#9841=CARTESIAN_POINT('',(104.1251423551,21.1228585575268,55.7358193543678));
#9842=CARTESIAN_POINT('',(101.618213704777,21.8273557928306,55.3649028765523));
#9843=CARTESIAN_POINT('',(101.778856252814,24.2780330313072,60.2085031990862));
#9844=CARTESIAN_POINT('',(103.808272142429,22.6939798349756,60.8572698222867));
#9845=CARTESIAN_POINT('',(101.298344167954,23.4530968845663,60.4417044602666));
#9846=CARTESIAN_POINT('',(101.661619696327,24.8216008736579,61.9000427339326));
#9847=CARTESIAN_POINT('',(103.685680456224,23.2166374217834,62.5470951388093));
#9848=CARTESIAN_POINT('',(101.174799808783,23.9990991156964,62.1291922057067));
#9849=CARTESIAN_POINT('',(101.446279787308,25.8931907914844,65.2880698026875));
#9850=CARTESIAN_POINT('',(103.452681912969,24.2491554420651,65.9461887934529));
#9851=CARTESIAN_POINT('',(100.9451377242,25.0784628662579,65.5148073400764));
#9852=CARTESIAN_POINT('',(101.333919977367,26.4313603489665,66.9792300800331));
#9853=CARTESIAN_POINT('',(103.327896027778,24.7770584039806,67.6790957775241));
#9854=CARTESIAN_POINT('',(100.824619170407,25.6224574530924,67.2093779463988));
#9855=CARTESIAN_POINT('',(100.945924905963,28.1762354211849,71.983781404355));
#9856=CARTESIAN_POINT('',(102.89751554101,26.5020979739703,72.8347338909702));
#9857=CARTESIAN_POINT('',(100.410175861156,27.3924360628816,72.2417609299559));
#9858=CARTESIAN_POINT('',(100.644588807501,29.5471954084954,75.2208896504887));
#9859=CARTESIAN_POINT('',(102.563114366261,27.8806573191015,76.1986589836869));
#9860=CARTESIAN_POINT('',(100.089979692271,28.7889714294256,75.5143086470575));
#9861=CARTESIAN_POINT('',(99.952616350189,32.7723580658537,81.5006786147838));
#9862=CARTESIAN_POINT('',(101.810699864739,31.1273955316702,82.6993240753662));
#9863=CARTESIAN_POINT('',(99.3651276057614,32.0581786347635,81.8384855435628));
#9864=CARTESIAN_POINT('',(99.5576173694329,34.6108213460575,84.5536221119397));
#9865=CARTESIAN_POINT('',(101.385552246004,32.9871257422315,85.8583116994687));
#9866=CARTESIAN_POINT('',(98.9547771957066,33.9184187686594,84.9093116621033));
#9867=CARTESIAN_POINT('',(98.233898852871,40.7131197837448,93.4037113059737));
#9868=CARTESIAN_POINT('',(99.9611422241198,39.1974503981887,95.0715146294549));
#9869=CARTESIAN_POINT('',(97.5864817341991,40.08554078616,93.8039847329808));
#9870=CARTESIAN_POINT('',(97.1807851077166,45.4438082190782,98.7158974273778));
#9871=CARTESIAN_POINT('',(98.838622068501,44.0234431975282,100.572700653453));
#9872=CARTESIAN_POINT('',(96.506951337528,44.8533130794677,99.1283393258185));
#9873=CARTESIAN_POINT('',(95.4242386197014,53.2499692515909,106.022479265489));
#9874=CARTESIAN_POINT('',(96.9928951274073,51.8450657963494,108.061770449056));
#9875=CARTESIAN_POINT('',(94.7092161204857,52.7194808680862,106.446293359229));
#9876=CARTESIAN_POINT('',(94.8434962099096,55.9540871479264,108.345776463265));
#9877=CARTESIAN_POINT('',(96.3821950965338,54.5477058590097,110.434863070145));
#9878=CARTESIAN_POINT('',(94.1142138511533,55.4471966671313,108.774800077181));
#9879=CARTESIAN_POINT('',(94.0537194490124,60.1646950907219,111.682070478032));
#9880=CARTESIAN_POINT('',(95.5471190157035,58.7757607880179,113.856269137805));
#9881=CARTESIAN_POINT('',(93.3053813053954,59.6937134942534,112.1190937951));
#9882=CARTESIAN_POINT('',(93.8005016880519,61.5979603750136,112.763772478304));
#9883=CARTESIAN_POINT('',(95.2793558387763,60.2249303767328,114.970523660836));
#9884=CARTESIAN_POINT('',(93.0464109923606,61.139495554344,113.204309567773));
#9885=CARTESIAN_POINT('',(93.3183778336828,64.5017258466771,114.897408376595));
#9886=CARTESIAN_POINT('',(94.7702805696549,63.1185793740738,117.143803452153));
#9887=CARTESIAN_POINT('',(92.5530897837572,64.0614918111129,115.337646254094));
#9888=CARTESIAN_POINT('',(93.0936077315693,65.9661337403506,115.960884901999));
#9889=CARTESIAN_POINT('',(94.5353215526893,64.5173509707705,118.197742467218));
#9890=CARTESIAN_POINT('',(92.3221726017159,65.5263317686586,116.391272490557));
#9891=CARTESIAN_POINT('',(92.049777969341,73.0430636615035,121.575520421579));
#9892=CARTESIAN_POINT('',(93.3746494736554,71.2750513802169,123.728882745343));
#9893=CARTESIAN_POINT('',(91.2452377854418,72.5870725132315,121.92740778847));
#9894=CARTESIAN_POINT('',(91.3456216030247,77.9644626096457,126.880013405803));
#9895=CARTESIAN_POINT('',(92.5629986191173,75.8755504307979,128.860663152585));
#9896=CARTESIAN_POINT('',(90.5160746828514,77.5023752864473,127.157860997325));
#9897=CARTESIAN_POINT('',(90.2184666916887,86.1008347949399,139.32317051615));
#9898=CARTESIAN_POINT('',(91.2213413237621,83.4854108106145,140.816569311669));
#9899=CARTESIAN_POINT('',(89.3441846998662,85.6639241019483,139.480069804479));
#9900=CARTESIAN_POINT('',(89.8376224439491,89.0195608227577,146.044046037525));
#9901=CARTESIAN_POINT('',(90.7382532171194,86.1778279388808,147.26493108753));
#9902=CARTESIAN_POINT('',(88.9445265745582,88.6085141402419,146.153537409659));
#9903=CARTESIAN_POINT('',(89.5025896175996,91.9711424313348,156.674973088063));
#9904=CARTESIAN_POINT('',(90.2305412018444,88.8897262440038,157.427680154761));
#9905=CARTESIAN_POINT('',(88.5842492739116,91.6098619048728,156.735271767633));
#9906=CARTESIAN_POINT('',(89.4304978478317,92.7187078314742,160.335726010171));
#9907=CARTESIAN_POINT('',(90.097152616911,89.5731376588646,160.95189168325));
#9908=CARTESIAN_POINT('',(88.5042488506621,92.3759542037782,160.383055370161));
#9909=CARTESIAN_POINT('',(89.3594103145477,93.7599971601443,167.626998922221));
#9910=CARTESIAN_POINT('',(89.8999133048902,90.5183477796939,167.989758925275));
#9911=CARTESIAN_POINT('',(88.4189638710907,93.4552012644944,167.654801003058));
#9912=CARTESIAN_POINT('',(89.3598713294928,94.0604312839013,171.278783462156));
#9913=CARTESIAN_POINT('',(89.8347337169866,90.7845756977875,171.519206178483));
#9914=CARTESIAN_POINT('',(88.4130645635399,93.7753002674551,171.299916950025));
#9915=CARTESIAN_POINT('',(89.3879668430929,94.1835312218351,174.935836598422));
#9916=CARTESIAN_POINT('',(89.7993292168996,90.8781064084324,175.052894725974));
#9917=CARTESIAN_POINT('',(88.4355880380697,93.9176598445713,174.952496962615));
#9918=CARTESIAN_POINT('',(66.4765085633786,34.0020993957532,194.551040184013));
#9919=CARTESIAN_POINT('',(72.0952921441815,24.8833581241359,196.144742005336));
#9920=CARTESIAN_POINT('',(77.0216329051803,15.2317004793043,197.169370947504));
#9921=CARTESIAN_POINT('',(85.0070579916966,-4.91240580142763,197.695811307594));
#9922=CARTESIAN_POINT('',(88.0776692044405,-15.2403886164093,197.204437831941));
#9923=CARTESIAN_POINT('',(89.37906748669,-25.8997313907303,195.794417473758));
#9924=CARTESIAN_POINT('',(66.4765085633786,34.0020993957532,194.551040184013));
#9925=CARTESIAN_POINT('',(89.37906748669,-25.8997313907303,195.794417473757));
#9926=CARTESIAN_POINT('',(66.4765085633786,34.0020993957532,194.551040184013));
#9927=CARTESIAN_POINT('',(66.4451420949997,34.0530041344102,194.542143454487));
#9928=CARTESIAN_POINT('',(66.4043840411918,34.0992416430916,194.534041217191));
#9929=CARTESIAN_POINT('',(66.3576788625449,34.137042717152,194.527407617866));
#9930=CARTESIAN_POINT('',(66.3109734730121,34.174843961894,194.520773988588));
#9931=CARTESIAN_POINT('',(66.2570043729599,34.2052671176707,194.515423882788));
#9932=CARTESIAN_POINT('',(66.2001938041753,34.2256158739366,194.511843387619));
#9933=CARTESIAN_POINT('',(66.1436140997911,34.2458819377827,194.508277442716));
#9934=CARTESIAN_POINT('',(66.0825748791236,34.2567071958353,194.506370106748));
#9935=CARTESIAN_POINT('',(66.0223694972393,34.2567713788589,194.506358802731));
#9936=CARTESIAN_POINT('',(65.9638689542816,34.2568337444086,194.50634781881));
#9937=CARTESIAN_POINT('',(65.9044471384127,34.2467023905137,194.508132938586));
#9938=CARTESIAN_POINT('',(65.8495068214607,34.2269097317843,194.511615720533));
#9939=CARTESIAN_POINT('',(65.7967350343419,34.2078983020923,194.514961034825));
#9940=CARTESIAN_POINT('',(65.7465834248019,34.1794092447569,194.519971448311));
#9941=CARTESIAN_POINT('',(65.7035844161268,34.1437797281617,194.526225239361));
#9942=CARTESIAN_POINT('',(65.6619560299487,34.1092859265168,194.53227968659));
#9943=CARTESIAN_POINT('',(65.6258648366988,34.0671422719294,194.53966695447));
#9944=CARTESIAN_POINT('',(65.5983317801215,34.0209252577115,194.547749009361));
#9945=CARTESIAN_POINT('',(65.5710755010472,33.9751728424659,194.555749818968));
#9946=CARTESIAN_POINT('',(65.5514503665643,33.9242059942041,194.564644873881));
#9947=CARTESIAN_POINT('',(65.5408218875882,33.8721939459013,194.573699346266));
#9948=CARTESIAN_POINT('',(65.5300333211149,33.8193984855357,194.582890198262));
#9949=CARTESIAN_POINT('',(65.5282025775875,33.7641401532554,194.592486441894));
#9950=CARTESIAN_POINT('',(65.5351522716109,33.7107147364937,194.601741287057));
#9951=CARTESIAN_POINT('',(65.5409037180666,33.6665007865205,194.609400436688));
#9952=CARTESIAN_POINT('',(65.5527135188145,33.6226852527963,194.616974567614));
#9953=CARTESIAN_POINT('',(65.5698352981655,33.5814206749695,194.624094565526));
#9954=CARTESIAN_POINT('',(65.5698352981699,33.5814206749589,194.624094565528));
#9955=CARTESIAN_POINT('',(88.4292750314988,-26.2000909872606,195.754451372783));
#9956=CARTESIAN_POINT('',(84.3302437364736,-16.3898183712984,197.067474056791));
#9957=CARTESIAN_POINT('',(80.6835247823548,-6.30445131854766,197.654917948622));
#9958=CARTESIAN_POINT('',(73.3287165279544,13.7879807307489,197.274185546596));
#9959=CARTESIAN_POINT('',(69.6208375957024,23.818247341441,196.308681623298));
#9960=CARTESIAN_POINT('',(65.5698352981699,33.5814206749589,194.624094565528));
#9961=CARTESIAN_POINT('',(88.4292750314989,-26.2000909872606,195.754451372783));
#9962=CARTESIAN_POINT('',(88.4292750314989,-26.2000909872606,195.754451372783));
#9963=CARTESIAN_POINT('',(88.4528546788243,-26.2565245082078,195.746898219467));
#9964=CARTESIAN_POINT('',(88.4859591326736,-26.3100052853581,195.739714306126));
#9965=CARTESIAN_POINT('',(88.5267394301627,-26.3557954968003,195.733548590248));
#9966=CARTESIAN_POINT('',(88.5676492875,-26.4017311846908,195.727363285762));
#9967=CARTESIAN_POINT('',(88.6176270748322,-26.4412169630679,195.722029567168));
#9968=CARTESIAN_POINT('',(88.6724867354445,-26.4694620949176,195.718209618844));
#9969=CARTESIAN_POINT('',(88.7229163051426,-26.4954263431347,195.714698143415));
#9970=CARTESIAN_POINT('',(88.7790612846627,-26.5126231279245,195.712367655888));
#9971=CARTESIAN_POINT('',(88.8355503765977,-26.5187794885962,195.71153347321));
#9972=CARTESIAN_POINT('',(88.887220468965,-26.5244106593878,195.710770453403));
#9973=CARTESIAN_POINT('',(88.9406475813833,-26.5209877377569,195.711234624915));
#9974=CARTESIAN_POINT('',(88.9911757494637,-26.508891840747,195.712872988405));
#9975=CARTESIAN_POINT('',(89.0403323193597,-26.4971242895095,195.714466878159));
#9976=CARTESIAN_POINT('',(89.0880462696765,-26.4768984582484,195.717205611122));
#9977=CARTESIAN_POINT('',(89.1308620303374,-26.4502300196138,195.720809654747));
#9978=CARTESIAN_POINT('',(89.1753200313595,-26.4225386869415,195.724551934988));
#9979=CARTESIAN_POINT('',(89.2156295859379,-26.387269625024,195.729312102817));
#9980=CARTESIAN_POINT('',(89.249435249875,-26.3474478670234,195.734672429017));
#9981=CARTESIAN_POINT('',(89.2860787187501,-26.3042832851191,195.740482725973));
#9982=CARTESIAN_POINT('',(89.3160097625899,-26.2547545483376,195.747134405001));
#9983=CARTESIAN_POINT('',(89.3378162227759,-26.2026440056037,195.754109655751));
#9984=CARTESIAN_POINT('',(89.3617652671513,-26.1454133643299,195.761770256706));
#9985=CARTESIAN_POINT('',(89.3765383590437,-26.0836492732714,195.770010785868));
#9986=CARTESIAN_POINT('',(89.3815461323078,-26.0218826910918,195.778220497611));
#9987=CARTESIAN_POINT('',(89.3848372219209,-25.9812899273374,195.783615889058));
#9988=CARTESIAN_POINT('',(89.3840038189622,-25.9401633310983,195.789069127218));
#9989=CARTESIAN_POINT('',(89.37906748669,-25.8997313907303,195.794417473757));
#9990=CARTESIAN_POINT('',(0.,0.,0.));
#9991=CARTESIAN_POINT('',(65.5698352981649,33.5814206749686,194.624094565521));
#9992=CARTESIAN_POINT('',(63.023467326996,33.7945313314279,182.300396876058));
#9993=CARTESIAN_POINT('',(60.3736437066547,32.8214489251491,170.064801413956));
#9994=CARTESIAN_POINT('',(56.0421242689574,29.4485095360454,152.019042986126));
#9995=CARTESIAN_POINT('',(54.5493495201088,28.0056372617483,146.112005448064));
#9996=CARTESIAN_POINT('',(52.2264884044584,25.352092464421,137.41990815244));
#9997=CARTESIAN_POINT('',(51.4351072646885,24.3905727777787,134.550096135575));
#9998=CARTESIAN_POINT('',(49.8293326374363,22.296233113322,128.867788391616));
#9999=CARTESIAN_POINT('',(49.0514031393704,21.1306539480059,126.055389991286));
#10000=CARTESIAN_POINT('',(47.3939573466514,18.7799170647224,120.463509426693));
#10001=CARTESIAN_POINT('',(46.5629717853398,17.6023568694522,117.668880698652));
#10002=CARTESIAN_POINT('',(44.8585517760534,15.5124536079492,112.020783007822));
#10003=CARTESIAN_POINT('',(43.9857256281918,14.5759019310155,109.173716369337));
#10004=CARTESIAN_POINT('',(41.2878316569006,12.1019729223535,100.566143221472));
#10005=CARTESIAN_POINT('',(39.3842196896311,10.8920888678473,94.7412309046653));
#10006=CARTESIAN_POINT('',(35.4316545614334,9.32243910302507,82.905731233442));
#10007=CARTESIAN_POINT('',(33.3923330421224,8.98457451610787,76.9405870828368));
#10008=CARTESIAN_POINT('',(29.2046474421994,9.17313859596561,65.1389948212894));
#10009=CARTESIAN_POINT('',(26.9987528024455,9.69264184316844,59.2887616096464));
#10010=CARTESIAN_POINT('',(24.7809971081987,10.5163598940403,53.4501770259466));
#10011=CARTESIAN_POINT('',(102.332887623698,-6.1817687027979,31.9401858648006));
#10012=CARTESIAN_POINT('',(102.303218879402,-8.45793497966101,38.5803698238331));
#10013=CARTESIAN_POINT('',(102.163429768053,-10.722602165422,45.2217870861556));
#10014=CARTESIAN_POINT('',(101.736784701075,-14.0727947217222,55.1945450149826));
#10015=CARTESIAN_POINT('',(101.569543576171,-15.1829099961894,58.5197123139273));
#10016=CARTESIAN_POINT('',(101.130915465661,-17.3682816293047,65.1682540829508));
#10017=CARTESIAN_POINT('',(100.907321821496,-18.5150560459572,68.4793101822927));
#10018=CARTESIAN_POINT('',(100.075234528055,-21.4320591572879,78.5232012859894));
#10019=CARTESIAN_POINT('',(99.3602412128159,-22.4207598316683,85.4574168371702));
#10020=CARTESIAN_POINT('',(97.5631966464461,-22.686108430755,99.5992920758771));
#10021=CARTESIAN_POINT('',(96.5034652225931,-21.9688857937363,106.577052164095));
#10022=CARTESIAN_POINT('',(94.7392905363957,-19.9541337041361,116.930166306108));
#10023=CARTESIAN_POINT('',(94.1534361680141,-19.1363902878423,120.353231427765));
#10024=CARTESIAN_POINT('',(93.0907453588553,-17.2309358412089,127.161078334778));
#10025=CARTESIAN_POINT('',(92.5964676330991,-16.0404670664551,130.523771634297));
#10026=CARTESIAN_POINT('',(91.3049426976447,-13.0554736966756,140.749609902177));
#10027=CARTESIAN_POINT('',(90.5788884317244,-12.0987875869669,147.783796873378));
#10028=CARTESIAN_POINT('',(89.4007752240192,-12.5665220620244,162.347406374051));
#10029=CARTESIAN_POINT('',(88.9898954214429,-14.0033607152695,169.445056471207));
#10030=CARTESIAN_POINT('',(88.4866744764012,-18.8136204357198,183.077719126669));
#10031=CARTESIAN_POINT('',(88.3964880448928,-22.2003670274543,189.633019767706));
#10032=CARTESIAN_POINT('',(88.4292750314993,-26.2000909872685,195.754451372794));
#10033=CARTESIAN_POINT('',(89.7000000000003,-32.6387896968326,200.));
#10034=CARTESIAN_POINT('',(81.366666666667,-8.7370860220157,200.));
#10035=CARTESIAN_POINT('',(73.0333333333337,15.1646176528012,200.));
#10036=CARTESIAN_POINT('',(64.7000000000004,39.066321327618,200.));
#10037=CARTESIAN_POINT('',(89.6999999999995,-29.9745735505515,196.506213415494));
#10038=CARTESIAN_POINT('',(81.0390802644415,-6.93340615626758,196.21380450882));
#10039=CARTESIAN_POINT('',(72.3781605288834,16.1077612380163,195.921395602146));
#10040=CARTESIAN_POINT('',(63.7172407933254,39.1489286323001,195.628986695471));
#10041=CARTESIAN_POINT('',(89.7757743645031,-25.0157472666817,189.231483499304));
#10042=CARTESIAN_POINT('',(80.415415201646,-3.67338072125371,188.451938851621));
#10043=CARTESIAN_POINT('',(71.0550560387889,17.6689858241743,187.672394203937));
#10044=CARTESIAN_POINT('',(61.6946968759319,39.0113523696023,186.892849556254));
#10045=CARTESIAN_POINT('',(90.1835590025144,-19.129430430166,177.397696688367));
#10046=CARTESIAN_POINT('',(79.6251807353282,-0.12907452281762,176.223308004531));
#10047=CARTESIAN_POINT('',(69.0668024681419,18.8712813845308,175.048919320694));
#10048=CARTESIAN_POINT('',(58.5084242009557,37.8716372918792,173.874530636858));
#10049=CARTESIAN_POINT('',(90.9459968216304,-15.3052023347149,164.752439941514));
#10050=CARTESIAN_POINT('',(79.0267693611996,1.72106293118658,163.505065589945));
#10051=CARTESIAN_POINT('',(67.1075419007689,18.7473281970881,162.257691238376));
#10052=CARTESIAN_POINT('',(55.1883144403381,35.7735934629895,161.010316886807));
#10053=CARTESIAN_POINT('',(92.1019899544049,-14.0384004671087,151.609048685125));
#10054=CARTESIAN_POINT('',(78.6534288937855,1.54365951429404,150.529167068126));
#10055=CARTESIAN_POINT('',(65.2048678331661,17.1257194956968,149.449285451126));
#10056=CARTESIAN_POINT('',(51.7563067725468,32.7077794770996,148.369403834126));
#10057=CARTESIAN_POINT('',(93.2433209232786,-15.1213644710148,141.801305462319));
#10058=CARTESIAN_POINT('',(78.5353099525728,-0.181582194278559,140.90363581978));
#10059=CARTESIAN_POINT('',(63.8272989818671,14.7582000824577,140.005966177241));
#10060=CARTESIAN_POINT('',(49.1192880111613,29.6979823591939,139.108296534702));
#10061=CARTESIAN_POINT('',(94.0915267222842,-16.6046403516367,135.432653706579));
#10062=CARTESIAN_POINT('',(78.5087493767427,-1.93304708174618,134.635969340116));
#10063=CARTESIAN_POINT('',(62.9259720312012,12.7385461881443,133.839284973654));
#10064=CARTESIAN_POINT('',(47.3431946856597,27.4101394580349,133.042600607191));
#10065=CARTESIAN_POINT('',(94.5309194588307,-17.5077935255899,132.293892866575));
#10066=CARTESIAN_POINT('',(78.5046729761802,-2.93558814493564,131.540247874541));
#10067=CARTESIAN_POINT('',(62.4784264935296,11.6366172357186,130.786602882506));
#10068=CARTESIAN_POINT('',(46.4521800108791,26.2088226163729,130.032957890472));
#10069=CARTESIAN_POINT('',(94.9876296632801,-18.4869409324592,129.180275977408));
#10070=CARTESIAN_POINT('',(78.5113682673938,-4.00830152484261,128.469534167184));
#10071=CARTESIAN_POINT('',(62.0351068715075,10.470337882774,127.758792356961));
#10072=CARTESIAN_POINT('',(45.5588454756212,24.9489772903905,127.048050546738));
#10073=CARTESIAN_POINT('',(95.4674576499966,-19.41188418324,126.054146892858));
#10074=CARTESIAN_POINT('',(78.532740359412,-5.06320029001699,125.398622084792));
#10075=CARTESIAN_POINT('',(61.5980230688274,9.28548360320599,124.743097276726));
#10076=CARTESIAN_POINT('',(44.6633057782429,23.634167496429,124.087572468661));
#10077=CARTESIAN_POINT('',(95.9715573467519,-20.2503913226915,122.90726713029));
#10078=CARTESIAN_POINT('',(78.5695967702017,-6.07760846485119,122.321917269831));
#10079=CARTESIAN_POINT('',(61.1676361936514,8.09517439298911,121.736567409373));
#10080=CARTESIAN_POINT('',(43.7656756171012,22.2679572508294,121.151217548915));
#10081=CARTESIAN_POINT('',(96.6766482511697,-21.2618317516502,118.689425650674));
#10082=CARTESIAN_POINT('',(78.6351518345287,-7.34575056407268,118.20046729524));
#10083=CARTESIAN_POINT('',(60.5936554178878,6.57033062350481,117.711508939806));
#10084=CARTESIAN_POINT('',(42.5521590012468,20.4864118110823,117.222550584372));
#10085=CARTESIAN_POINT('',(97.6209250143852,-22.3425884775091,113.386493760483));
#10086=CARTESIAN_POINT('',(78.7439798186683,-8.74609548564974,113.00545917381));
#10087=CARTESIAN_POINT('',(59.8670346229515,4.8503975062096,112.624424587136));
#10088=CARTESIAN_POINT('',(40.9900894272346,18.4468904980689,112.243390000462));
#10089=CARTESIAN_POINT('',(98.7112116190057,-23.2819407088805,106.952221790497));
#10090=CARTESIAN_POINT('',(78.8216473089573,-10.0756239908134,106.689393604588));
#10091=CARTESIAN_POINT('',(58.9320829989089,3.13069272725372,106.426565418679));
#10092=CARTESIAN_POINT('',(39.0425186888605,16.3370094453208,106.16373723277));
#10093=CARTESIAN_POINT('',(99.6988159166314,-23.834265314896,100.456127077658));
#10094=CARTESIAN_POINT('',(78.8078868567478,-11.0343844635021,100.30366601091));
#10095=CARTESIAN_POINT('',(57.9169577968641,1.76549638789184,100.151204944162));
#10096=CARTESIAN_POINT('',(37.0260287369805,14.5653772392858,99.9987438774145));
#10097=CARTESIAN_POINT('',(100.606670736558,-23.9503387049838,93.9242254289481));
#10098=CARTESIAN_POINT('',(78.7193763602546,-11.589326402053,93.8720600905431));
#10099=CARTESIAN_POINT('',(56.8320819839514,0.771685900877903,93.8198947521381));
#10100=CARTESIAN_POINT('',(34.9447876076483,13.1326982038088,93.7677294137331));
#10101=CARTESIAN_POINT('',(101.425162090905,-23.5952646710412,87.3906744668482));
#10102=CARTESIAN_POINT('',(78.551281716174,-11.7167474776084,87.4232792747811));
#10103=CARTESIAN_POINT('',(55.6774013414432,0.161769715824323,87.4558840827139));
#10104=CARTESIAN_POINT('',(32.8035209667124,12.0402869092571,87.4884888906468));
#10105=CARTESIAN_POINT('',(102.147522544406,-22.7369064068931,80.8892613892202));
#10106=CARTESIAN_POINT('',(78.3006665229441,-11.3947849625961,80.9857800451725));
#10107=CARTESIAN_POINT('',(54.4538105014827,-0.0526635182991437,81.0822987011247));
#10108=CARTESIAN_POINT('',(30.6069544800212,11.2894579259978,81.178817357077));
#10109=CARTESIAN_POINT('',(102.668097333126,-21.5700446123867,75.5435770489462));
#10110=CARTESIAN_POINT('',(78.0236819333695,-10.7325090226608,75.6655411178891));
#10111=CARTESIAN_POINT('',(53.3792665336134,0.105026567064987,75.7875051868321));
#10112=CARTESIAN_POINT('',(28.7348511338574,10.9425621567908,75.9094692557751));
#10113=CARTESIAN_POINT('',(103.034844914229,-20.3378086626629,71.3418240427472));
#10114=CARTESIAN_POINT('',(77.7615168931852,-9.94893629311198,71.4597693924926));
#10115=CARTESIAN_POINT('',(52.4881888721418,0.439936076438912,71.5777147422379));
#10116=CARTESIAN_POINT('',(27.2148608510983,10.8288084459898,71.6956600919832));
#10117=CARTESIAN_POINT('',(103.286524341775,-19.3106170615697,68.2198680806611));
#10118=CARTESIAN_POINT('',(77.5457870859336,-9.26583176228326,68.3257446300685));
#10119=CARTESIAN_POINT('',(51.8050498300919,0.77895353700319,68.431621179476));
#10120=CARTESIAN_POINT('',(26.0643125742501,10.8237388362896,68.5374977288834));
#10121=CARTESIAN_POINT('',(103.516417210148,-18.2363037086925,65.1144483470586));
#10122=CARTESIAN_POINT('',(77.3122137970182,-8.52510943209219,65.2039288069215));
#10123=CARTESIAN_POINT('',(51.1080103838881,1.1860848445081,65.2934092667843));
#10124=CARTESIAN_POINT('',(24.903806970758,10.8972791211084,65.3828897266472));
#10125=CARTESIAN_POINT('',(103.795393308492,-16.8214846809137,60.9797202354922));
#10126=CARTESIAN_POINT('',(76.9761434374677,-7.51408407127046,61.0441956864876));
#10127=CARTESIAN_POINT('',(50.1568935664433,1.79331653837281,61.1086711374829));
#10128=CARTESIAN_POINT('',(23.3376436954188,11.1007171480161,61.1731465884783));
#10129=CARTESIAN_POINT('',(104.033551568358,-15.4006194449318,56.8422944754214));
#10130=CARTESIAN_POINT('',(76.607676136848,-6.44939604505435,56.8886453000829));
#10131=CARTESIAN_POINT('',(49.1818007053384,2.50182735482305,56.9349961247444));
#10132=CARTESIAN_POINT('',(21.7559252738288,11.4530507547005,56.981346949406));
#10133=CARTESIAN_POINT('',(104.231410114287,-13.9733864125926,52.7041766173095));
#10134=CARTESIAN_POINT('',(76.2097049237769,-5.33287376468844,52.7387961723042));
#10135=CARTESIAN_POINT('',(48.1879997332671,3.30763888321573,52.7734157272988));
#10136=CARTESIAN_POINT('',(20.1662945427572,11.9481515311199,52.8080352822935));
#10137=CARTESIAN_POINT('',(104.359783697901,-12.8996973431212,49.6007435623209));
#10138=CARTESIAN_POINT('',(75.8972831153167,-4.4769235115279,49.6286418747228));
#10139=CARTESIAN_POINT('',(47.4347825327327,3.94585032006538,49.6565401871246));
#10140=CARTESIAN_POINT('',(18.9722819501486,12.3686241516587,49.6844384995265));
#10141=CARTESIAN_POINT('',(104.468266486818,-11.8226635813942,46.4979672335433));
#10142=CARTESIAN_POINT('',(75.5719109523786,-3.61224908823349,46.5197190360705));
#10143=CARTESIAN_POINT('',(46.6755554179395,4.59816540492721,46.5414708385977));
#10144=CARTESIAN_POINT('',(17.7791998835004,12.8085798980879,46.5632226411249));
#10145=CARTESIAN_POINT('',(104.585721790595,-10.3829035244258,42.3616153955081));
#10146=CARTESIAN_POINT('',(75.120515628069,-2.45159827962581,42.3755235063915));
#10147=CARTESIAN_POINT('',(45.655309465543,5.47970696517414,42.3894316172749));
#10148=CARTESIAN_POINT('',(16.190103303017,13.4110122099741,42.4033397281583));
#10149=CARTESIAN_POINT('',(104.680311351641,-8.57763377885743,37.192096033692));
#10150=CARTESIAN_POINT('',(74.5223144908826,-0.987337306985478,37.1970389245928));
#10151=CARTESIAN_POINT('',(44.3643176301242,6.60295916488647,37.2019818154936));
#10152=CARTESIAN_POINT('',(14.2063207693657,14.1932556367584,37.2069247063944));
#10153=CARTESIAN_POINT('',(104.701924711876,-6.76866054252018,32.0228420797802));
#10154=CARTESIAN_POINT('',(73.8763213437203,0.497575087315519,32.0212129826986));
#10155=CARTESIAN_POINT('',(43.0507179755647,7.76381071715122,32.019583885617));
#10156=CARTESIAN_POINT('',(12.2251146074091,15.0300463469869,32.0179547885354));
#10157=CARTESIAN_POINT('',(104.701880230629,-5.31818796174443,27.8885871653839));
#10158=CARTESIAN_POINT('',(73.3485421711817,1.69841782815609,27.882873572187));
#10159=CARTESIAN_POINT('',(41.9952041117348,8.71502361805661,27.8771599789902));
#10160=CARTESIAN_POINT('',(10.6418660522879,15.7316294079571,27.8714463857933));
#10161=CARTESIAN_POINT('',(104.698588207569,-3.13978890330493,21.6881475632079));
#10162=CARTESIAN_POINT('',(72.5553237616339,3.51209591565015,21.6775822247474));
#10163=CARTESIAN_POINT('',(40.412059315699,10.1639807346052,21.6670168862868));
#10164=CARTESIAN_POINT('',(8.2687948697641,16.8158655535603,21.6564515478262));
#10165=CARTESIAN_POINT('',(104.699780636095,0.136680671178129,12.3906072056021));
#10166=CARTESIAN_POINT('',(71.3719417800625,6.27799280749248,12.3778095682939));
#10167=CARTESIAN_POINT('',(38.0441029240297,12.4193049438068,12.3650119309858));
#10168=CARTESIAN_POINT('',(4.71626406799682,18.5606170801212,12.3522142936776));
#10169=CARTESIAN_POINT('',(104.7,3.05937125989203,4.12975073548962));
#10170=CARTESIAN_POINT('',(70.3233128984329,8.80100567893156,4.12374855764993));
#10171=CARTESIAN_POINT('',(35.9466257968654,14.5426400979711,4.11774637981024));
#10172=CARTESIAN_POINT('',(1.56993869529786,20.2842745170106,4.11174420197056));
#10173=CARTESIAN_POINT('',(104.7,4.52262384728399,3.5527136788005E-15));
#10174=CARTESIAN_POINT('',(69.8000000000003,10.0785459016248,2.368475785867E-15));
#10175=CARTESIAN_POINT('',(34.9000000000002,15.6344679559656,1.1842378929335E-15));
#10176=CARTESIAN_POINT('',(0.,21.1903900103063,0.));
#10177=CARTESIAN_POINT('',(24.8627526293554,11.5297678839244,53.2286122544151));
#10178=CARTESIAN_POINT('',(27.1150076044414,10.6915584177256,59.0640208437542));
#10179=CARTESIAN_POINT('',(29.3731609080258,10.1493565014566,64.9054185687505));
#10180=CARTESIAN_POINT('',(33.6600050428525,9.91754417499515,76.6959430013078));
#10181=CARTESIAN_POINT('',(35.7454948779055,10.2346550860287,82.6588035403722));
#10182=CARTESIAN_POINT('',(39.7824680199528,11.7708185038558,94.4965603149908));
#10183=CARTESIAN_POINT('',(41.7246045492561,12.967218768554,100.324656618808));
#10184=CARTESIAN_POINT('',(44.4763010970023,15.4265699469683,108.939760496255));
#10185=CARTESIAN_POINT('',(45.3666768603342,16.3591639385085,111.789724815367));
#10186=CARTESIAN_POINT('',(47.1051340980937,18.4424093004924,117.444539119842));
#10187=CARTESIAN_POINT('',(47.9553497426844,19.6166693405827,120.242425878649));
#10188=CARTESIAN_POINT('',(49.6408013826455,21.9511598516397,125.846464545794));
#10189=CARTESIAN_POINT('',(50.4332680165255,23.1041690043801,128.666243399831));
#10190=CARTESIAN_POINT('',(52.0677938854725,25.1727797344845,134.362318649783));
#10191=CARTESIAN_POINT('',(52.8733603506333,26.1211287097389,137.238823858031));
#10192=CARTESIAN_POINT('',(55.2425460694344,28.7300364376219,145.950697767727));
#10193=CARTESIAN_POINT('',(56.7692089066826,30.1373640037904,151.870607559472));
#10194=CARTESIAN_POINT('',(61.1974657730255,33.3949480213546,169.955267108361));
#10195=CARTESIAN_POINT('',(63.8982397082284,34.283062573961,182.210120981209));
#10196=CARTESIAN_POINT('',(66.4765085633787,34.0020993957529,194.551040184013));
#10197=CARTESIAN_POINT('',(89.37906748669,-25.8997313907303,195.794417473757));
#10198=CARTESIAN_POINT('',(89.3361062797497,-21.8719319005084,189.686387825767));
#10199=CARTESIAN_POINT('',(89.4134160303627,-18.4557676366966,183.141128037038));
#10200=CARTESIAN_POINT('',(89.8844809920892,-13.5833764568437,169.522223172972));
#10201=CARTESIAN_POINT('',(90.2762561333703,-12.1123444135056,162.425474671145));
#10202=CARTESIAN_POINT('',(91.4042419718437,-11.5601727199439,147.854039137262));
#10203=CARTESIAN_POINT('',(92.0998156629565,-12.4655670622586,140.806826982617));
#10204=CARTESIAN_POINT('',(93.3420117296236,-15.3791925525137,130.553190249354));
#10205=CARTESIAN_POINT('',(93.8282239168568,-16.5670075611762,127.184976893433));
#10206=CARTESIAN_POINT('',(94.8718492660846,-18.4586596707387,120.366321006505));
#10207=CARTESIAN_POINT('',(95.4472263146814,-19.26727479444,116.937808526018));
#10208=CARTESIAN_POINT('',(97.1807938144164,-21.2538210024002,106.570559944606));
#10209=CARTESIAN_POINT('',(98.2200976344242,-21.9514022183365,99.5852853670728));
#10210=CARTESIAN_POINT('',(99.9689290481235,-21.6309666285637,85.4317460705506));
#10211=CARTESIAN_POINT('',(100.655323244518,-20.6012742499836,78.5032337013682));
#10212=CARTESIAN_POINT('',(101.433199217957,-17.6221655479446,68.4682385259427));
#10213=CARTESIAN_POINT('',(101.642996754615,-16.4687239504128,65.1578173074345));
#10214=CARTESIAN_POINT('',(102.050254098446,-14.2675794083087,58.5105576909899));
#10215=CARTESIAN_POINT('',(102.20513768588,-13.1514632859456,55.1860648895411));
#10216=CARTESIAN_POINT('',(102.597325742899,-9.78571165634574,45.2157025287138));
#10217=CARTESIAN_POINT('',(102.715639456182,-7.51360261818614,38.5753599634012));
#10218=CARTESIAN_POINT('',(102.728511036526,-5.23091152422985,31.9363615670325));
#10219=CARTESIAN_POINT('',(104.7,4.52262384728399,3.5527136788005E-15));
#10220=CARTESIAN_POINT('',(75.2918446225788,23.5773178940528,4.57791458585456));
#10221=CARTESIAN_POINT('',(35.1694414288253,23.9059895269767,2.14806394769985));
#10222=CARTESIAN_POINT('',(0.,21.1903900103063,0.));
#10223=CARTESIAN_POINT('',(104.700113518115,3.05715221103829,4.13770257439226));
#10224=CARTESIAN_POINT('',(75.8051342856142,22.0298536153444,8.60009522012114));
#10225=CARTESIAN_POINT('',(36.2835334799701,22.6341129408408,6.14025617410635));
#10226=CARTESIAN_POINT('',(1.5671969131063,20.2908863212507,4.10498579086461));
#10227=CARTESIAN_POINT('',(104.696920609184,0.129012056035382,12.4140334618445));
#10228=CARTESIAN_POINT('',(76.8418963869196,18.9616499977913,16.6546495978792));
#10229=CARTESIAN_POINT('',(38.5119138698044,20.2238321564669,14.1173447110475));
#10230=CARTESIAN_POINT('',(4.70723439698571,18.5614482962493,12.3281890704556));
#10231=CARTESIAN_POINT('',(104.697780913444,-4.24864263404153,24.833786491619));
#10232=CARTESIAN_POINT('',(78.4447769666079,14.4761256314649,28.7145228967946));
#10233=CARTESIAN_POINT('',(41.8811012622953,16.7603187691457,26.15697822732));
#10234=CARTESIAN_POINT('',(9.43520241313899,16.2430853571596,24.7111024349098));
#10235=CARTESIAN_POINT('',(104.716463809324,-7.87943676544777,35.1900275007551));
#10236=CARTESIAN_POINT('',(79.8272029361064,10.816223692971,38.8583889849206));
#10237=CARTESIAN_POINT('',(44.7085564093894,14.0459080343284,36.2227243455921));
#10238=CARTESIAN_POINT('',(13.387252233725,14.5205928590735,35.0624063701858));
#10239=CARTESIAN_POINT('',(104.564327288057,-10.7723818390089,43.4775452247457));
#10240=CARTESIAN_POINT('',(80.8333234534873,7.89496260291773,47.1016136426868));
#10241=CARTESIAN_POINT('',(46.9231065581887,11.934162463893,44.2994514771559));
#10242=CARTESIAN_POINT('',(16.5555394907111,13.2616563056714,43.3595855487589));
#10243=CARTESIAN_POINT('',(104.365876178015,-12.9338933944193,49.6939656839922));
#10244=CARTESIAN_POINT('',(81.5341149875292,5.72342735013004,53.2507271539219));
#10245=CARTESIAN_POINT('',(48.5574185499164,10.3759441840223,50.411504380221));
#10246=CARTESIAN_POINT('',(18.9358790734695,12.3706150952909,49.5886379670222));
#10247=CARTESIAN_POINT('',(104.08771569974,-15.0807246964681,55.9124000118891));
#10248=CARTESIAN_POINT('',(82.1948106168574,3.58950472511777,59.3895715119225));
#10249=CARTESIAN_POINT('',(50.1799168675202,8.93458073096019,56.348873396898));
#10250=CARTESIAN_POINT('',(21.3198685701534,11.5558142033179,55.8275028519443));
#10251=CARTESIAN_POINT('',(103.78851902801,-16.8564589632357,61.0955742729741));
#10252=CARTESIAN_POINT('',(82.7182950976688,1.88018243782341,64.526080112321));
#10253=CARTESIAN_POINT('',(51.5150311407023,7.88087649677965,61.2332740238384));
#10254=CARTESIAN_POINT('',(23.2944153558539,11.1078524315167,61.056985421499));
#10255=CARTESIAN_POINT('',(103.507720201749,-18.2864537440841,65.2360527855599));
#10256=CARTESIAN_POINT('',(83.1240401546827,0.548428861679771,68.6616954770572));
#10257=CARTESIAN_POINT('',(52.5671727638636,7.14446161137345,65.1653809133695));
#10258=CARTESIAN_POINT('',(24.8564170670519,10.9013722907134,65.2566717332296));
#10259=CARTESIAN_POINT('',(103.277127530782,-19.3498941777923,68.3431972895028));
#10260=CARTESIAN_POINT('',(83.4229103745255,-0.409281657468537,71.7248065812099));
#10261=CARTESIAN_POINT('',(53.3454224735258,6.63535225380104,68.118484552608));
#10262=CARTESIAN_POINT('',(26.0185069287692,10.8241129318475,68.4127276950868));
#10263=CARTESIAN_POINT('',(103.024689499791,-20.3726533975126,71.4631849607285));
#10264=CARTESIAN_POINT('',(83.731118150199,-1.26249895837466,74.6359562584729));
#10265=CARTESIAN_POINT('',(54.1104725906838,6.19065576769892,71.0820752119339));
#10266=CARTESIAN_POINT('',(27.1705918058053,10.8261104281359,71.5733159850194));
#10267=CARTESIAN_POINT('',(102.656857833877,-21.5995040266221,75.6619281499688));
#10268=CARTESIAN_POINT('',(84.1256910120012,-2.23678349172971,78.3616697019685));
#10269=CARTESIAN_POINT('',(55.1048958056931,5.70448302231628,75.054928719656));
#10270=CARTESIAN_POINT('',(28.6925735782781,10.9366577079497,75.7911316090511));
#10271=CARTESIAN_POINT('',(102.13522201744,-22.756256200654,81.0048895277981));
#10272=CARTESIAN_POINT('',(84.5331272109916,-3.16975448091113,83.125527110139));
#10273=CARTESIAN_POINT('',(56.2870059286762,5.32992403436348,80.0730852361058));
#10274=CARTESIAN_POINT('',(30.5670705171656,11.2812644876911,81.0659374593589));
#10275=CARTESIAN_POINT('',(101.412009005688,-23.6045646404767,87.5011193623234));
#10276=CARTESIAN_POINT('',(84.8731727135576,-3.88685739974579,89.0483035614251));
#10277=CARTESIAN_POINT('',(57.6177319645644,5.27457271857102,86.1453088000413));
#10278=CARTESIAN_POINT('',(32.7665127126409,12.0290113058842,87.3823205767642));
#10279=CARTESIAN_POINT('',(100.592736362849,-23.9514738848106,94.0288128002315));
#10280=CARTESIAN_POINT('',(85.0906447574378,-4.18749951728024,95.0821808458667));
#10281=CARTESIAN_POINT('',(58.8594367772223,5.59684091517476,92.24042711484));
#10282=CARTESIAN_POINT('',(34.9108150884623,13.1149192011255,93.6678777758123));
#10283=CARTESIAN_POINT('',(99.6850229854541,-23.828767583374,100.553784464582));
#10284=CARTESIAN_POINT('',(85.1896872152619,-4.08573252320171,101.169976710422));
#10285=CARTESIAN_POINT('',(60.0106709083976,6.2811866420716,98.3406994832034));
#10286=CARTESIAN_POINT('',(36.9951288503322,14.5407331617467,99.9052646811899));
#10287=CARTESIAN_POINT('',(98.6960031858766,-23.271569476174,107.042876813976));
#10288=CARTESIAN_POINT('',(85.1842953813017,-3.59341104192213,107.326521350818));
#10289=CARTESIAN_POINT('',(61.0735675971564,7.32603802473836,104.422804869544));
#10290=CARTESIAN_POINT('',(39.0146052039529,16.3081981760792,106.077136917584));
#10291=CARTESIAN_POINT('',(97.6056339576652,-22.3273645257858,113.470191089608));
#10292=CARTESIAN_POINT('',(85.0637832408865,-2.7376425281995,113.493043941992));
#10293=CARTESIAN_POINT('',(62.0480253146388,8.73186442773907,110.457951102621));
#10294=CARTESIAN_POINT('',(40.9649015857153,18.4165744209656,112.163673962401));
#10295=CARTESIAN_POINT('',(96.663709835589,-21.2448798401159,118.767950818332));
#10296=CARTESIAN_POINT('',(84.9419129050032,-1.70849571157759,118.5037492738));
#10297=CARTESIAN_POINT('',(62.7924446792706,10.1787988400845,115.433896618618));
#10298=CARTESIAN_POINT('',(42.5288797909607,20.4570307978681,117.148158404606));
#10299=CARTESIAN_POINT('',(95.9597426181231,-20.2319055340196,122.981123804815));
#10300=CARTESIAN_POINT('',(84.8860289496738,-0.716791489886795,122.448163836239));
#10301=CARTESIAN_POINT('',(63.3914719664215,11.5133038606201,119.428458002286));
#10302=CARTESIAN_POINT('',(43.7441536728123,22.2378426735437,121.080993269138));
#10303=CARTESIAN_POINT('',(95.4564059207289,-19.3919441550656,126.124452884472));
#10304=CARTESIAN_POINT('',(84.8353601009095,0.0855668479953877,125.394010943011));
#10305=CARTESIAN_POINT('',(63.8590969524103,12.5913261975528,122.489174576074));
#10306=CARTESIAN_POINT('',(44.6438288565431,23.5977100137716,124.023411949628));
#10307=CARTESIAN_POINT('',(94.9775606146479,-18.4650147561278,129.247198041967));
#10308=CARTESIAN_POINT('',(84.7874604278823,0.941208038779347,128.34152064912));
#10309=CARTESIAN_POINT('',(64.3447557491109,13.7045562610274,125.616099097753));
#10310=CARTESIAN_POINT('',(45.5396915919327,24.9191252035585,126.984388549849));
#10311=CARTESIAN_POINT('',(94.5217544144641,-17.4883761939807,132.35799655609));
#10312=CARTESIAN_POINT('',(84.7671627573168,1.83682624221584,131.416527092242));
#10313=CARTESIAN_POINT('',(64.8286584209406,14.7984083184956,128.752443103625));
#10314=CARTESIAN_POINT('',(46.4335570285409,26.18424088787,129.970399778761));
#10315=CARTESIAN_POINT('',(94.0830122967625,-16.5888211320924,135.495076051633));
#10316=CARTESIAN_POINT('',(84.8199672763473,2.70019461590063,134.687068548503));
#10317=CARTESIAN_POINT('',(65.3120195701588,15.8192239472269,131.907370321767));
#10318=CARTESIAN_POINT('',(47.3254466501252,27.3879553419782,132.982325834398));
#10319=CARTESIAN_POINT('',(93.2364484333066,-15.1124956300309,141.857649326824));
#10320=CARTESIAN_POINT('',(84.9495813492963,4.15647961934719,141.289447005125));
#10321=CARTESIAN_POINT('',(66.2997006045331,17.682820255753,138.261704344188));
#10322=CARTESIAN_POINT('',(49.1035800740974,29.678242306954,139.053599852819));
#10323=CARTESIAN_POINT('',(92.0970475966519,-14.0394546847098,151.659254177657));
#10324=CARTESIAN_POINT('',(85.2315447630771,5.38785902537778,151.270507921764));
#10325=CARTESIAN_POINT('',(67.8349538994909,19.8164196697971,147.950815784828));
#10326=CARTESIAN_POINT('',(51.7432551787626,32.6956174066372,148.321813983609));
#10327=CARTESIAN_POINT('',(90.9436234385016,-15.3132440658724,164.786583157984));
#10328=CARTESIAN_POINT('',(85.782063781331,4.84394000389972,164.424871342178));
#10329=CARTESIAN_POINT('',(70.0146288649634,21.1486510098704,161.009323426778));
#10330=CARTESIAN_POINT('',(55.1781632293823,35.7632277284268,160.974068840462));
#10331=CARTESIAN_POINT('',(90.1824378383829,-19.1408932790635,177.424016560464));
#10332=CARTESIAN_POINT('',(86.4788359056546,2.29381862560078,177.06987388292));
#10333=CARTESIAN_POINT('',(72.3033535750797,21.0269839382792,173.987218553774));
#10334=CARTESIAN_POINT('',(58.5025590851565,37.8694372037884,173.850645415586));
#10335=CARTESIAN_POINT('',(89.8433788001182,-24.0420130590345,187.27243098483));
#10336=CARTESIAN_POINT('',(87.1948498684101,-1.15746511090784,187.064093944547));
#10337=CARTESIAN_POINT('',(74.2513631380812,19.8507194842506,184.620897115342));
#10338=CARTESIAN_POINT('',(61.160632284988,38.8217439807623,184.70964425934));
#10339=CARTESIAN_POINT('',(89.7346042743447,-28.1524280097908,193.765022954285));
#10340=CARTESIAN_POINT('',(87.771586120752,-4.1075893544329,193.767732200363));
#10341=CARTESIAN_POINT('',(75.6151611527569,18.5431045756359,191.944479077983));
#10342=CARTESIAN_POINT('',(62.9539349314482,39.0773762451305,192.347869171745));
#10343=CARTESIAN_POINT('',(89.7043400376711,-30.6637949308713,197.365834953232));
#10344=CARTESIAN_POINT('',(88.1227483481617,-5.92439159179075,197.520359254734));
#10345=CARTESIAN_POINT('',(76.3902887750313,17.6689447420711,196.09407569168));
#10346=CARTESIAN_POINT('',(63.958635221971,39.1090615387803,196.719107593058));
#10347=CARTESIAN_POINT('',(89.7012198722034,-31.9793701736268,199.122830539716));
#10348=CARTESIAN_POINT('',(88.2999817290009,-6.88221658411411,199.363448499218));
#10349=CARTESIAN_POINT('',(76.7758788009352,17.1838332972997,198.159638333069));
#10350=CARTESIAN_POINT('',(64.4529876675292,39.0811388659582,198.906371664912));
#10351=CARTESIAN_POINT('',(89.7000000000003,-32.6387896968326,200.));
#10352=CARTESIAN_POINT('',(88.4076356426226,-7.36072532820178,200.291786131159));
#10353=CARTESIAN_POINT('',(76.9731230191069,16.9436112064024,199.168115841153));
#10354=CARTESIAN_POINT('',(64.7000000000004,39.066321327618,200.));
#10355=CARTESIAN_POINT('',(66.6613709514001,33.9794151030513,195.436346645659));
#10356=CARTESIAN_POINT('',(63.7255493921743,39.3362186698673,196.185697777624));
#10357=CARTESIAN_POINT('',(65.77335473229,33.5612338102857,195.609535508257));
#10358=CARTESIAN_POINT('',(64.0676312475367,34.3349174462551,183.011264026977));
#10359=CARTESIAN_POINT('',(60.8864230395535,39.3405596839292,183.86752914448));
#10360=CARTESIAN_POINT('',(63.2129124688766,33.8568801097307,183.209549889733));
#10361=CARTESIAN_POINT('',(61.3423118647812,33.4770222525765,170.575243179829));
#10362=CARTESIAN_POINT('',(57.767207826097,38.0226754961628,171.197100255868));
#10363=CARTESIAN_POINT('',(60.5430116594804,32.9195527952813,170.809865674668));
#10364=CARTESIAN_POINT('',(56.8387720456372,30.2002073474345,152.141141675178));
#10365=CARTESIAN_POINT('',(52.7269079565999,33.9218191616059,152.433423340418));
#10366=CARTESIAN_POINT('',(56.1510159398998,29.549102325956,152.454251202263));
#10367=CARTESIAN_POINT('',(55.2844270657947,28.7747639673653,146.106375169214));
#10368=CARTESIAN_POINT('',(51.0355066547556,32.2481356222482,146.368658501456));
#10369=CARTESIAN_POINT('',(54.6369105013016,28.0983369090038,146.449259074828));
#10370=CARTESIAN_POINT('',(52.8707867383932,26.1189823446098,137.228532646692));
#10371=CARTESIAN_POINT('',(48.4676048304979,29.2381046661277,137.447681761358));
#10372=CARTESIAN_POINT('',(52.280204739394,25.4168966436927,137.616404295707));
#10373=CARTESIAN_POINT('',(52.0495636589239,25.1521259329301,134.297698731531));
#10374=CARTESIAN_POINT('',(47.6121371531887,28.1725020063465,134.535910716324));
#10375=CARTESIAN_POINT('',(51.4774336121283,24.4435319288416,134.700864525764));
#10376=CARTESIAN_POINT('',(50.8001352078759,23.5671819220577,129.94529969328));
#10377=CARTESIAN_POINT('',(46.3119583375424,26.4223677328201,130.154079719056));
#10378=CARTESIAN_POINT('',(50.254436452075,22.8517387110719,130.371622486446));
#10379=CARTESIAN_POINT('',(50.384597668191,23.0127991862437,128.50189427555));
#10380=CARTESIAN_POINT('',(45.8778837815274,25.8118684352565,128.692326595775));
#10381=CARTESIAN_POINT('',(49.8474791657196,22.2954765246425,128.93580039336));
#10382=CARTESIAN_POINT('',(49.5588106770436,21.8609724977268,125.628278022112));
#10383=CARTESIAN_POINT('',(45.0193839888652,24.557769856414,125.811499879945));
#10384=CARTESIAN_POINT('',(49.0386734027396,21.1388349928667,126.074611329605));
#10385=CARTESIAN_POINT('',(49.1463168613775,21.2645707234367,124.197726210474));
#10386=CARTESIAN_POINT('',(44.6018835509162,23.9292582223078,124.4255680737));
#10387=CARTESIAN_POINT('',(48.6351442911241,20.5400858437742,124.650500099802));
#10388=CARTESIAN_POINT('',(48.2864972331369,20.0773869474048,121.349076055248));
#10389=CARTESIAN_POINT('',(43.7363549867859,22.6622102104688,121.653887027446));
#10390=CARTESIAN_POINT('',(47.7918982395906,19.3445092652427,121.806609739294));
#10391=CARTESIAN_POINT('',(47.8529974738417,19.4815657917304,119.929481063373));
#10392=CARTESIAN_POINT('',(43.2940770225299,22.0113603471528,120.244745138758));
#10393=CARTESIAN_POINT('',(47.3654136682022,18.7420788569105,120.383884411936));
#10394=CARTESIAN_POINT('',(46.9909568794802,18.3294872614101,117.082839333873));
#10395=CARTESIAN_POINT('',(42.4409313445982,20.7747305591775,117.489720574273));
#10396=CARTESIAN_POINT('',(46.5157562420217,17.574320948007,117.524227271351));
#10397=CARTESIAN_POINT('',(46.5557752385281,17.7786375615565,115.655564554529));
#10398=CARTESIAN_POINT('',(42.0181925438169,20.1849992562213,116.123996152927));
#10399=CARTESIAN_POINT('',(46.0862707833778,17.0148697847751,116.088102761304));
#10400=CARTESIAN_POINT('',(45.2317600181562,16.2110205693418,111.355909397475));
#10401=CARTESIAN_POINT('',(40.7339452634174,18.496618984517,112.003082225605));
#10402=CARTESIAN_POINT('',(44.7798723175469,15.4225830830523,111.762474570029));
#10403=CARTESIAN_POINT('',(44.3275527351534,15.2786144251689,108.466947044528));
#10404=CARTESIAN_POINT('',(39.855823930684,17.4729012013237,109.218400023357));
#10405=CARTESIAN_POINT('',(43.8872149520228,14.4740625374359,108.854001287374));
#10406=CARTESIAN_POINT('',(41.5306087728111,12.8282012080822,99.7335592548188));
#10407=CARTESIAN_POINT('',(37.1695585573528,14.7669475679348,100.854753475353));
#10408=CARTESIAN_POINT('',(41.1254543516263,11.9784952672492,100.06005396146));
#10409=CARTESIAN_POINT('',(39.5573503669711,11.6474982904264,93.8245836125108));
#10410=CARTESIAN_POINT('',(35.2409986926422,13.3607804354016,95.0712893522153));
#10411=CARTESIAN_POINT('',(39.1760516985517,10.77107004116,94.1064778594469));
#10412=CARTESIAN_POINT('',(36.4806978026482,10.5370382611874,84.8217888702059));
#10413=CARTESIAN_POINT('',(32.1965223335762,11.9126180144685,86.1724403351497));
#10414=CARTESIAN_POINT('',(36.1383700021662,9.62616983176098,85.0287827686058));
#10415=CARTESIAN_POINT('',(35.4365383014435,10.2808605921654,81.8039075586884));
#10416=CARTESIAN_POINT('',(31.1737895225458,11.541261541343,83.2083214532271));
#10417=CARTESIAN_POINT('',(35.107766156758,9.35953860830572,81.9847410746878));
#10418=CARTESIAN_POINT('',(33.3305947239651,10.0007817801324,75.8286273974233));
#10419=CARTESIAN_POINT('',(29.1108328184188,11.0264629288756,77.3188199184267));
#10420=CARTESIAN_POINT('',(33.03029254502,9.06114991506468,75.9558519201745));
#10421=CARTESIAN_POINT('',(32.2684811110201,9.97496478521083,72.8573376437997));
#10422=CARTESIAN_POINT('',(28.0642120247218,10.8781709884125,74.3802705645162));
#10423=CARTESIAN_POINT('',(31.9833347778725,9.02735248846957,72.9565560883942));
#10424=CARTESIAN_POINT('',(30.1107039582283,10.133700113695,66.9493455703258));
#10425=CARTESIAN_POINT('',(25.9561768734903,10.7952519012718,68.5311480048687));
#10426=CARTESIAN_POINT('',(29.8564925822634,9.17345797141559,66.9949118253156));
#10427=CARTESIAN_POINT('',(29.0155337585238,10.3151174194092,64.011892517716));
#10428=CARTESIAN_POINT('',(24.8939874786201,10.8581895510931,65.6149093805327));
#10429=CARTESIAN_POINT('',(28.7764825804209,9.35033493676024,64.032243913298));
#10430=CARTESIAN_POINT('',(26.7837790954734,10.858315172671,58.1724687979027));
#10431=CARTESIAN_POINT('',(22.7327179133521,11.1852783575714,59.7976239659409));
#10432=CARTESIAN_POINT('',(26.5721515761627,9.88759944412501,58.1434290220712));
#10433=CARTESIAN_POINT('',(25.6486685972948,11.2275167765192,55.2713063343626));
#10434=CARTESIAN_POINT('',(21.6128845217209,11.4547640610591,56.8703367673275));
#10435=CARTESIAN_POINT('',(25.4498463690511,10.2555098614255,55.2164618240683));
#10436=CARTESIAN_POINT('',(24.5300282881702,11.6553497614234,52.3653875940629));
#10437=CARTESIAN_POINT('',(20.4979444219887,11.8113805224036,53.9277868565307));
#10438=CARTESIAN_POINT('',(24.3423679141999,10.682457803948,52.2940552794526));
#10439=CARTESIAN_POINT('',(102.729904654196,-4.88751611607111,30.9380896247223));
#10440=CARTESIAN_POINT('',(104.802424295305,-6.24967012041582,30.473754746264));
#10441=CARTESIAN_POINT('',(102.337716155297,-5.73764479396486,30.6453703729993));
#10442=CARTESIAN_POINT('',(102.723985580532,-7.20580496184662,37.6743234257481));
#10443=CARTESIAN_POINT('',(104.797046312656,-8.63725267684404,37.2760807266708));
#10444=CARTESIAN_POINT('',(102.317290313585,-8.04990412592221,37.382280637386));
#10445=CARTESIAN_POINT('',(102.619605477478,-9.51360258658658,44.4166148638864));
#10446=CARTESIAN_POINT('',(104.687892610932,-11.0038885448806,44.0383607956339));
#10447=CARTESIAN_POINT('',(102.196698164429,-10.3491398561958,44.1213309622726));
#10448=CARTESIAN_POINT('',(102.234447446279,-12.9344247888963,54.5401575235094));
#10449=CARTESIAN_POINT('',(104.2875287665,-14.5027704902805,54.1265606982349));
#10450=CARTESIAN_POINT('',(101.782905467518,-13.7551360772869,54.2444914703442));
#10451=CARTESIAN_POINT('',(102.080402374089,-14.0687909609205,57.9162122662385));
#10452=CARTESIAN_POINT('',(104.125142354624,-15.6719410979557,57.5069298005857));
#10453=CARTESIAN_POINT('',(101.618213704988,-14.8839716268524,57.6209451506283));
#10454=CARTESIAN_POINT('',(101.778856252764,-15.7483289306654,62.9799720644264));
#10455=CARTESIAN_POINT('',(103.808272142625,-17.4111903401531,62.5737521804618));
#10456=CARTESIAN_POINT('',(101.298344167848,-16.55278855479,62.683750546672));
#10457=CARTESIAN_POINT('',(101.661619696403,-16.3028353009639,64.6679574561));
#10458=CARTESIAN_POINT('',(103.685680456598,-17.981605869523,64.2480599996929));
#10459=CARTESIAN_POINT('',(101.174799808962,-17.1029438811591,64.3698888697705));
#10460=CARTESIAN_POINT('',(101.446279787232,-17.4273331916923,68.0387936823547));
#10461=CARTESIAN_POINT('',(103.452681912602,-19.1442183661123,67.6048833981635));
#10462=CARTESIAN_POINT('',(100.945137724021,-18.219734909589,67.7433431442184));
#10463=CARTESIAN_POINT('',(101.333919977312,-17.9859839441562,69.7232992161086));
#10464=CARTESIAN_POINT('',(103.327896028514,-19.7357130674957,69.3171281727633));
#10465=CARTESIAN_POINT('',(100.824619170335,-18.7756776554269,69.4340315584634));
#10466=CARTESIAN_POINT('',(100.945924906072,-19.5159518205374,74.7976781210645));
#10467=CARTESIAN_POINT('',(102.897515539816,-21.3705347862817,74.5020798394516));
#10468=CARTESIAN_POINT('',(100.4101758613,-20.3016953821003,74.5456822379547));
#10469=CARTESIAN_POINT('',(100.644588807496,-20.3095463793094,78.2223837670691));
#10470=CARTESIAN_POINT('',(102.563114365279,-22.2325224090693,78.0338492639448));
#10471=CARTESIAN_POINT('',(100.089979692304,-21.0954298228362,78.0140918488178));
#10472=CARTESIAN_POINT('',(99.9526163501938,-21.39150232056,85.1985428063041));
#10473=CARTESIAN_POINT('',(101.810699865433,-23.4268510912901,85.2013826377323));
#10474=CARTESIAN_POINT('',(99.3651276057282,-22.1678435482124,85.0520502155346));
#10475=CARTESIAN_POINT('',(99.5576173694645,-21.6986294470839,88.7490475813));
#10476=CARTESIAN_POINT('',(101.385552246284,-23.7791040822989,88.8501792988968));
#10477=CARTESIAN_POINT('',(98.954777195807,-22.4678639711843,88.6298224487325));
#10478=CARTESIAN_POINT('',(98.2338988528076,-21.9637182159426,99.4957611682434));
#10479=CARTESIAN_POINT('',(99.9611422234272,-24.1702307047074,99.9541542909502));
#10480=CARTESIAN_POINT('',(97.5864817339984,-22.7067151074696,99.4507074931151));
#10481=CARTESIAN_POINT('',(97.180785107778,-21.2589355363689,106.574038912939));
#10482=CARTESIAN_POINT('',(98.8386220708395,-23.4994365304433,107.241354663438));
#10483=CARTESIAN_POINT('',(96.5069513378599,-21.979083404854,106.560627083852));
#10484=CARTESIAN_POINT('',(95.4242386196707,-19.2383196492143,117.073534122642));
#10485=CARTESIAN_POINT('',(96.9928951266036,-21.5735757028264,117.897573813538));
#10486=CARTESIAN_POINT('',(94.7092161203197,-19.9166054407454,117.104593678348));
#10487=CARTESIAN_POINT('',(94.8434962099248,-18.4162421458991,120.54256165861));
#10488=CARTESIAN_POINT('',(96.3821950961425,-20.7819628068975,121.406018046481));
#10489=CARTESIAN_POINT('',(94.114213851182,-19.0784989122961,120.591706304068));
#10490=CARTESIAN_POINT('',(94.0537194490047,-16.9708131826836,125.716613466688));
#10491=CARTESIAN_POINT('',(95.5471190158511,-19.3724465456241,126.659182031914));
#10492=CARTESIAN_POINT('',(93.305381305381,-17.6087211589441,125.793336720653));
#10493=CARTESIAN_POINT('',(93.8005016880655,-16.44708569342,127.434180964437));
#10494=CARTESIAN_POINT('',(95.2793558391241,-18.8549860968706,128.412433389472));
#10495=CARTESIAN_POINT('',(93.0464109923616,-17.0769327289201,127.521104096227));
#10496=CARTESIAN_POINT('',(93.3183778336694,-15.3520097938845,130.867119186463));
#10497=CARTESIAN_POINT('',(94.7702805693967,-17.7913966918711,131.871497879735));
#10498=CARTESIAN_POINT('',(92.5530897837563,-15.966931942075,130.964516037224));
#10499=CARTESIAN_POINT('',(93.0936077314427,-14.7923747388008,132.588247131724));
#10500=CARTESIAN_POINT('',(94.5353215527498,-17.2792565092617,133.546329769909));
#10501=CARTESIAN_POINT('',(92.3221726015124,-15.4011574854296,132.677928892153));
#10502=CARTESIAN_POINT('',(92.0497779698477,-12.3672181211223,141.290297723855));
#10503=CARTESIAN_POINT('',(93.374649473876,-15.0632847189841,141.993192892002));
#10504=CARTESIAN_POINT('',(91.2452377862556,-12.942956913899,141.306955711616));
#10505=CARTESIAN_POINT('',(91.3456216029151,-11.503625481758,148.474448416505));
#10506=CARTESIAN_POINT('',(92.5629986189126,-14.3577876449339,148.848995950431));
#10507=CARTESIAN_POINT('',(90.5160746827347,-12.040776695888,148.427623725569));
#10508=CARTESIAN_POINT('',(90.218466691798,-12.2350663533785,163.32361356047));
#10509=CARTESIAN_POINT('',(91.2213413237598,-15.2287865925249,162.994490920207));
#10510=CARTESIAN_POINT('',(89.3441846999827,-12.6807576167115,163.193738089698));
#10511=CARTESIAN_POINT('',(89.8376224440404,-13.824198908982,170.476500188807));
#10512=CARTESIAN_POINT('',(90.7382532185136,-16.8408273321524,169.79388825558));
#10513=CARTESIAN_POINT('',(88.9445265747812,-14.2211000742639,170.323473391299));
#10514=CARTESIAN_POINT('',(89.5025896175539,-17.6850213652522,180.811996979108));
#10515=CARTESIAN_POINT('',(90.2305412013146,-20.6203695395625,179.609738796739));
#10516=CARTESIAN_POINT('',(88.5842492738,-18.0127461255552,180.648424270382));
#10517=CARTESIAN_POINT('',(89.4304978477992,-19.231964832024,184.213016222613));
#10518=CARTESIAN_POINT('',(90.0971526169669,-22.1389576530025,182.86258496486));
#10519=CARTESIAN_POINT('',(88.504248850627,-19.5370778416348,184.049840951628));
#10520=CARTESIAN_POINT('',(89.3594103145803,-22.6752467576387,190.72383442988));
#10521=CARTESIAN_POINT('',(89.8999133047924,-25.5110211781385,189.111919740744));
#10522=CARTESIAN_POINT('',(88.4189638711259,-22.9381734700163,190.567172253354));
#10523=CARTESIAN_POINT('',(89.3598713295034,-24.5786555427569,193.854780929565));
#10524=CARTESIAN_POINT('',(89.8347337156696,-27.3701953067228,192.123787391514));
#10525=CARTESIAN_POINT('',(88.4130645634585,-24.8217533329819,193.704282474145));
#10526=CARTESIAN_POINT('',(89.3879668430929,-26.6286275012913,196.885755394345));
#10527=CARTESIAN_POINT('',(89.7993292168996,-29.3715773899989,195.037577450984));
#10528=CARTESIAN_POINT('',(88.4355880380697,-26.8535146801859,196.742958637547));
#10529=CARTESIAN_POINT('',(-359.126638728539,0.,0.));
#10530=CARTESIAN_POINT('',(-359.126638728539,0.,-18.5502183406114));
#10531=CARTESIAN_POINT('',(-359.126638728539,0.,0.));
#10532=CARTESIAN_POINT('',(12.,0.,0.));
#10533=CARTESIAN_POINT('',(12.,0.,-10.));
#10534=CARTESIAN_POINT('',(12.,0.,0.));
#10535=CARTESIAN_POINT('',(7.99999999999987,0.,0.));
#10536=CARTESIAN_POINT('',(7.99999999999987,0.,-10.));
#10537=CARTESIAN_POINT('',(0.,0.,0.));
#10538=CARTESIAN_POINT('',(8.,0.,0.));
#10539=CARTESIAN_POINT('',(8.,0.,-45.));
#10540=CARTESIAN_POINT('',(7.99999999999993,0.,45.));
#10541=CARTESIAN_POINT('',(3.,0.,0.));
#10542=CARTESIAN_POINT('',(3.,0.,-52.5));
#10543=CARTESIAN_POINT('',(3.,0.,0.));
#10544=CARTESIAN_POINT('',(-1.92592994438724E-31,0.,0.));
#10545=CARTESIAN_POINT('',(-1.92592994438724E-31,0.,-52.5));
#10546=CARTESIAN_POINT('',(0.,0.,0.));
#10547=CARTESIAN_POINT('',(0.,0.,0.));
#10548=CARTESIAN_POINT('',(0.,0.,-55.0000000000001));
#10549=CARTESIAN_POINT('',(0.,0.,55.0000000000001));
#10550=CARTESIAN_POINT('',(-205.,0.,0.));
#10551=CARTESIAN_POINT('',(-205.,0.,-55.));
#10552=CARTESIAN_POINT('',(0.,0.,0.));
#10553=CARTESIAN_POINT('',(-205.000001173954,0.,0.));
#10554=CARTESIAN_POINT('',(-205.000001173954,0.,-53.1));
#10555=CARTESIAN_POINT('',(-205.000000586977,0.,53.1));
#10556=CARTESIAN_POINT('',(-220.000001173954,0.,0.));
#10557=CARTESIAN_POINT('',(-220.000001173954,0.,-53.1));
#10558=CARTESIAN_POINT('',(0.,0.,0.));
#10559=CARTESIAN_POINT('',(-359.126638728539,3.3881317890172E-18,18.5502183406114));
#10560=CARTESIAN_POINT('',(-316.810193374943,3.3881317890172E-18,23.7460245023244));
#10561=CARTESIAN_POINT('',(-271.726259035089,3.3881317890172E-18,53.1));
#10562=CARTESIAN_POINT('',(-220.000001173954,3.3881317890172E-18,53.1));
#10563=CARTESIAN_POINT('',(0.,0.,0.));
#10564=MECHANICAL_DESIGN_GEOMETRIC_PRESENTATION_REPRESENTATION('',(#307,
#308,#309,#60,#61,#62,#63,#64,#65,#66,#310,#67,#68,#69,#70,#311,#71,#72,
#73,#74,#75,#76,#312,#77,#78,#79,#80,#81,#82,#313,#83,#84,#85,#86,#87,#88,
#314,#89,#90,#91,#92,#93,#94,#315,#316,#95,#96,#97,#98,#99,#100,#101,#102,
#103,#104,#105),#10565);
#10565=(
GEOMETRIC_REPRESENTATION_CONTEXT(3)
GLOBAL_UNCERTAINTY_ASSIGNED_CONTEXT((#10566))
GLOBAL_UNIT_ASSIGNED_CONTEXT((#10572,#10568,#10567))
REPRESENTATION_CONTEXT('VF390_110160','TOP_LEVEL_ASSEMBLY_PART')
);
#10566=UNCERTAINTY_MEASURE_WITH_UNIT(LENGTH_MEASURE(0.0508),#10572,
'DISTANCE_ACCURACY_VALUE','Maximum Tolerance applied to model');
#10567=(
NAMED_UNIT(*)
SI_UNIT($,.STERADIAN.)
SOLID_ANGLE_UNIT()
);
#10568=(
CONVERSION_BASED_UNIT('DEGREE',#10570)
NAMED_UNIT(#10569)
PLANE_ANGLE_UNIT()
);
#10569=DIMENSIONAL_EXPONENTS(0.,0.,0.,0.,0.,0.,0.);
#10570=PLANE_ANGLE_MEASURE_WITH_UNIT(PLANE_ANGLE_MEASURE(0.0174532925),
#10571);
#10571=(
NAMED_UNIT(*)
PLANE_ANGLE_UNIT()
SI_UNIT($,.RADIAN.)
);
#10572=(
LENGTH_UNIT()
NAMED_UNIT(*)
SI_UNIT(.MILLI.,.METRE.)
);
ENDSEC;
END-ISO-10303-21;
